level_0,0
ABE,"{'FLL': 73.0, 'DTW': 924.0, 'ORD': 365.0, 'PHL': 42.0, 'ATL': 969.0, 'MYR': 87.0, 'MDT': 1.0, 'CLT': 955.0, 'SFB': 444.0, 'PIE': 162.0, 'PGD': 146.0}"
ABI,{'DFW': 2022.0}
ABQ,"{'SAT': 19.0, 'SFO': 1003.0, 'IAH': 1312.0, 'LAS': 1473.0, 'PHX': 3657.0, 'DEN': 2769.0, 'SAN': 705.0, 'MCO': 123.0, 'SEA': 248.0, 'MCI': 373.0, 'ORD': 1019.0, 'DFW': 2755.0, 'LAX': 1295.0, 'SJC': 48.0, 'SNA': 34.0, 'PDX': 101.0, 'MSP': 205.0, 'AUS': 387.0, 'BWI': 555.0, 'ATL': 851.0, 'SLC': 505.0, 'MDW': 697.0, 'OAK': 870.0, 'JFK': 314.0, 'HOU': 1041.0, 'DAL': 1688.0}"
ABR,{'MSP': 745.0}
ABY,{'ATL': 1018.0}
ACK,"{'BOS': 172.0, 'LGA': 129.0, 'DCA': 173.0, 'CLT': 11.0, 'JFK': 487.0}"
ACT,{'DFW': 1593.0}
ACV,"{'SFO': 1270.0, 'LAX': 208.0}"
ACY,"{'MCO': 729.0, 'FLL': 860.0, 'RSW': 512.0, 'MSY': 111.0, 'TPA': 365.0, 'ATL': 192.0, 'PBI': 154.0, 'MYR': 365.0}"
ADK,{'ANC': 104.0}
ADQ,{'ANC': 636.0}
AEX,"{'IAH': 1020.0, 'DFW': 1060.0, 'ATL': 1323.0}"
AGS,"{'ORD': 7.0, 'DFW': 9.0, 'LGA': 16.0, 'DCA': 15.0, 'PHL': 7.0, 'ATL': 2673.0, 'CLT': 1817.0}"
AKN,{'ANC': 63.0}
ALB,"{'EWR': 102.0, 'IAD': 69.0, 'LAS': 27.0, 'DEN': 363.0, 'MCO': 1063.0, 'FLL': 617.0, 'RSW': 52.0, 'DTW': 876.0, 'ORD': 2011.0, 'MSP': 255.0, 'TPA': 392.0, 'BWI': 1910.0, 'DCA': 1187.0, 'PHL': 642.0, 'ATL': 1021.0, 'CLT': 1018.0, 'MDW': 727.0, 'SFB': 9.0, 'PIE': 12.0, 'PGD': 7.0}"
ALO,{'ORD': 677.0}
AMA,"{'IAH': 1072.0, 'LAS': 365.0, 'PHX': 271.0, 'DEN': 17.0, 'DFW': 2289.0, 'DAL': 1352.0}"
ANC,"{'EWR': 14.0, 'SFO': 101.0, 'IAH': 75.0, 'LAS': 7.0, 'PHX': 172.0, 'DEN': 459.0, 'SEA': 6802.0, 'ORD': 555.0, 'DFW': 119.0, 'LAX': 476.0, 'PDX': 1109.0, 'MSP': 534.0, 'ATL': 116.0, 'KOA': 61.0, 'SLC': 58.0, 'OGG': 73.0, 'HNL': 365.0, 'SCC': 727.0, 'FAI': 2103.0, 'BET': 837.0, 'ADQ': 636.0, 'CDV': 361.0, 'JNU': 1318.0, 'OME': 411.0, 'OTZ': 671.0, 'ADK': 104.0, 'DLG': 84.0, 'AKN': 63.0}"
APN,"{'DTW': 362.0, 'PLN': 259.0, 'MBS': 1.0}"
ART,{'PHL': 25.0}
ASE,"{'SFO': 342.0, 'IAH': 468.0, 'PHX': 93.0, 'DEN': 2364.0, 'ORD': 955.0, 'DFW': 648.0, 'LAX': 1113.0, 'MSP': 27.0, 'ATL': 104.0, 'SLC': 740.0}"
ATL,"{'EWR': 6481.0, 'RDU': 5284.0, 'IAD': 4372.0, 'BOS': 6936.0, 'SAT': 3364.0, 'SFO': 3278.0, 'IAH': 5290.0, 'LAS': 4667.0, 'PHX': 3438.0, 'CLE': 3578.0, 'DEN': 5607.0, 'SMF': 984.0, 'SAN': 2331.0, 'MCO': 9334.0, 'FLL': 8611.0, 'PIT': 3484.0, 'RSW': 3593.0, 'SEA': 3078.0, 'DTW': 5677.0, 'BNA': 4140.0, 'RNO': 24.0, 'MCI': 4134.0, 'ORD': 7642.0, 'MSY': 5509.0, 'MSN': 1168.0, 'DFW': 7000.0, 'LAX': 6616.0, 'JAX': 5285.0, 'SJC': 1101.0, 'SNA': 1154.0, 'PDX': 1321.0, 'GRR': 1681.0, 'MIA': 6564.0, 'FSD': 310.0, 'MSP': 4946.0, 'CVG': 2806.0, 'AUS': 3787.0, 'LGA': 9610.0, 'IND': 4133.0, 'TPA': 7021.0, 'BWI': 6886.0, 'DCA': 7123.0, 'CHS': 3556.0, 'PHL': 6564.0, 'ROC': 1028.0, 'SJU': 1367.0, 'ORF': 2900.0, 'PBI': 4266.0, 'BDL': 2297.0, 'ABQ': 851.0, 'SRQ': 2284.0, 'DSM': 1043.0, 'MYR': 1337.0, 'SLC': 3062.0, 'CMH': 3773.0, 'HNL': 365.0, 'MDT': 1021.0, 'SAV': 3489.0, 'OKC': 1978.0, 'ALB': 1021.0, 'STL': 4109.0, 'OMA': 1731.0, 'BUF': 1650.0, 'PSP': 11.0, 'AVL': 2390.0, 'ANC': 116.0, 'RIC': 4278.0, 'TUS': 683.0, 'PWM': 660.0, 'BTV': 399.0, 'BZN': 106.0, 'ICT': 1038.0, 'CLT': 6352.0, 'CID': 896.0, 'TYS': 2931.0, 'COS': 402.0, 'PVD': 1057.0, 'ELP': 861.0, 'TTN': 303.0, 'MEM': 3443.0, 'ISP': 72.0, 'MKE': 3166.0, 'BHM': 3403.0, 'TUL': 1609.0, 'LIT': 2232.0, 'GSO': 2722.0, 'PNS': 2732.0, 'BTR': 2279.0, 'SHV': 2130.0, 'MOB': 2387.0, 'GRK': 21.0, 'CHA': 3250.0, 'MLU': 1309.0, 'FSM': 682.0, 'FWA': 1406.0, 'JAC': 118.0, 'AVP': 352.0, 'CAE': 2664.0, 'JAN': 2253.0, 'CRW': 1602.0, 'SBN': 1410.0, 'AEX': 1323.0, 'ECP': 2000.0, 'ABE': 969.0, 'XNA': 1939.0, 'VPS': 2242.0, 'FAR': 23.0, 'SDF': 2802.0, 'GSP': 3775.0, 'LFT': 1276.0, 'DAY': 1380.0, 'LEX': 2514.0, 'PIA': 1031.0, 'GPT': 1432.0, 'CAK': 1026.0, 'MHT': 357.0, 'HSV': 2539.0, 'MTJ': 43.0, 'SGF': 1380.0, 'SYR': 1027.0, 'FNT': 1019.0, 'MLI': 1049.0, 'RST': 516.0, 'PHF': 1114.0, 'ATW': 666.0, 'MDW': 4159.0, 'EYW': 1667.0, 'OAJ': 1299.0, 'HPN': 2128.0, 'AGS': 2669.0, 'BMI': 1008.0, 'GRB': 518.0, 'ROA': 1642.0, 'MSO': 13.0, 'OAK': 431.0, 'RAP': 17.0, 'EVV': 1054.0, 'FCA': 12.0, 'TRI': 2170.0, 'ELM': 11.0, 'JFK': 3249.0, 'ILM': 1796.0, 'TLH': 2306.0, 'GNV': 2389.0, 'CHO': 1665.0, 'HOU': 4128.0, 'TVC': 36.0, 'MGM': 2300.0, 'FAY': 1695.0, 'ACY': 192.0, 'STT': 390.0, 'MLB': 1546.0, 'EWN': 712.0, 'DAB': 1755.0, 'ASE': 104.0, 'LNK': 262.0, 'HDN': 98.0, 'EGE': 107.0, 'DAL': 3463.0, 'GTR': 1021.0, 'DHN': 1374.0, 'STX': 81.0, 'VLD': 1039.0, 'CSG': 1277.0, 'BQK': 1038.0, 'ABY': 1018.0}"
ATW,"{'LAS': 106.0, 'DTW': 868.0, 'ORD': 995.0, 'MSP': 1221.0, 'ATL': 666.0, 'SFB': 120.0, 'PIE': 99.0, 'PGD': 14.0, 'AZA': 99.0}"
AUS,"{'EWR': 1853.0, 'RDU': 400.0, 'IAD': 1215.0, 'BOS': 1051.0, 'SFO': 2381.0, 'IAH': 3114.0, 'LAS': 1674.0, 'PHX': 2878.0, 'CLE': 128.0, 'DEN': 3618.0, 'SMF': 264.0, 'SAN': 1450.0, 'MCO': 1232.0, 'FLL': 949.0, 'PIT': 65.0, 'SEA': 1146.0, 'DTW': 1073.0, 'BNA': 867.0, 'RNO': 62.0, 'MCI': 357.0, 'ORD': 2545.0, 'MSY': 854.0, 'DFW': 3910.0, 'LAX': 3909.0, 'ONT': 180.0, 'JAX': 77.0, 'SJC': 1289.0, 'SNA': 68.0, 'PDX': 515.0, 'MIA': 1011.0, 'MSP': 1024.0, 'CVG': 415.0, 'IND': 205.0, 'TPA': 460.0, 'BWI': 718.0, 'DCA': 365.0, 'CHS': 63.0, 'PHL': 838.0, 'ATL': 3787.0, 'ABQ': 387.0, 'SLC': 925.0, 'CMH': 110.0, 'STL': 667.0, 'OMA': 63.0, 'BUF': 73.0, 'CLT': 1639.0, 'PVD': 34.0, 'ELP': 902.0, 'MEM': 54.0, 'MKE': 95.0, 'PNS': 9.0, 'LBB': 350.0, 'ECP': 31.0, 'VPS': 54.0, 'SDF': 27.0, 'HRL': 348.0, 'MDW': 1022.0, 'SFB': 93.0, 'LCK': 52.0, 'PIE': 66.0, 'OAK': 362.0, 'JFK': 2182.0, 'HOU': 1839.0, 'LGB': 459.0, 'DAL': 3409.0}"
AVL,"{'EWR': 447.0, 'DEN': 33.0, 'MCO': 54.0, 'FLL': 512.0, 'ORD': 1152.0, 'DFW': 11.0, 'LGA': 16.0, 'TPA': 37.0, 'BWI': 81.0, 'ATL': 2389.0, 'CLT': 2245.0, 'SFB': 253.0, 'PIE': 288.0, 'PGD': 176.0}"
AVP,"{'EWR': 372.0, 'DTW': 868.0, 'ORD': 556.0, 'PHL': 32.0, 'ATL': 352.0, 'CLT': 1174.0, 'SFB': 1.0, 'PIE': 1.0}"
AZA,"{'EUG': 121.0, 'LAS': 153.0, 'MCI': 43.0, 'GRR': 137.0, 'FSD': 246.0, 'CVG': 109.0, 'IND': 27.0, 'DSM': 146.0, 'OMA': 93.0, 'MFR': 26.0, 'BIL': 146.0, 'BZN': 118.0, 'ICT': 111.0, 'BOI': 105.0, 'CID': 196.0, 'MEM': 23.0, 'MKE': 35.0, 'BIS': 164.0, 'FWA': 73.0, 'SBN': 105.0, 'FAR': 215.0, 'SDF': 38.0, 'PIA': 155.0, 'SGF': 143.0, 'MLI': 98.0, 'ATW': 99.0, 'BLV': 65.0, 'PIE': 45.0, 'RFD': 139.0, 'IDA': 145.0, 'MSO': 133.0, 'BLI': 162.0, 'SCK': 105.0, 'OAK': 159.0, 'RAP': 163.0, 'MOT': 145.0, 'GRI': 108.0, 'GTF': 113.0, 'PVU': 420.0, 'PSC': 116.0, 'GFK': 84.0, 'OGD': 106.0, 'STC': 102.0, 'SGU': 16.0}"
AZO,"{'DTW': 1259.0, 'ORD': 974.0, 'MSP': 572.0}"
BDL,"{'EWR': 333.0, 'RDU': 243.0, 'IAD': 1367.0, 'SFO': 90.0, 'IAH': 106.0, 'LAS': 235.0, 'CLE': 266.0, 'DEN': 756.0, 'MCO': 2423.0, 'FLL': 1635.0, 'RSW': 645.0, 'DTW': 1321.0, 'ORD': 2506.0, 'DFW': 668.0, 'LAX': 305.0, 'MIA': 359.0, 'MSP': 1216.0, 'CVG': 230.0, 'TPA': 1296.0, 'BWI': 2367.0, 'DCA': 1938.0, 'PHL': 1353.0, 'SJU': 510.0, 'ATL': 2297.0, 'PBI': 371.0, 'MYR': 270.0, 'STL': 147.0, 'CLT': 2119.0, 'MDW': 944.0}"
BET,{'ANC': 837.0}
BFF,{'DEN': 573.0}
BFL,"{'SFO': 584.0, 'PHX': 1034.0, 'DEN': 706.0}"
BGM,{'DTW': 920.0}
BGR,"{'EWR': 703.0, 'ORD': 45.0, 'LGA': 1204.0, 'DCA': 419.0, 'PHL': 737.0, 'CLT': 150.0, 'SFB': 201.0, 'PIE': 165.0, 'JFK': 466.0}"
BHM,"{'IAH': 1759.0, 'LAS': 365.0, 'DEN': 241.0, 'MCO': 822.0, 'FLL': 3.0, 'DTW': 249.0, 'ORD': 1708.0, 'DFW': 1880.0, 'MIA': 721.0, 'LGA': 528.0, 'TPA': 672.0, 'BWI': 404.0, 'DCA': 579.0, 'PHL': 689.0, 'ATL': 3403.0, 'CLT': 2203.0, 'MDW': 674.0, 'PGD': 1.0, 'HOU': 681.0, 'DAL': 715.0}"
BIL,"{'LAS': 113.0, 'DEN': 1269.0, 'SEA': 146.0, 'ORD': 68.0, 'DFW': 365.0, 'LAX': 20.0, 'PDX': 126.0, 'MSP': 833.0, 'SLC': 1064.0, 'AZA': 147.0, 'COD': 1.0}"
BIS,"{'LAS': 159.0, 'DEN': 464.0, 'ORD': 344.0, 'DFW': 380.0, 'MSP': 2077.0, 'SFB': 77.0, 'AZA': 164.0, 'MOT': 1.0, 'GFK': 1.0}"
BJI,{'MSP': 740.0}
BKG,{'DEN': 71.0}
BLI,"{'LAS': 773.0, 'DEN': 28.0, 'SAN': 107.0, 'SEA': 509.0, 'LAX': 149.0, 'KOA': 27.0, 'OGG': 85.0, 'PSP': 165.0, 'TUS': 14.0, 'AZA': 162.0, 'OAK': 206.0}"
BLV,"{'LAS': 106.0, 'FLL': 66.0, 'JAX': 65.0, 'MYR': 36.0, 'VPS': 220.0, 'SFB': 145.0, 'PIE': 169.0, 'PGD': 147.0, 'AZA': 65.0}"
BMI,"{'DEN': 21.0, 'MCO': 39.0, 'ORD': 925.0, 'DFW': 664.0, 'MSP': 293.0, 'ATL': 1008.0, 'SFB': 114.0, 'PIE': 109.0}"
BNA,"{'EWR': 1640.0, 'RDU': 1513.0, 'IAD': 974.0, 'BOS': 2427.0, 'SAT': 692.0, 'SFO': 1005.0, 'IAH': 1864.0, 'LAS': 1336.0, 'PHX': 1041.0, 'CLE': 906.0, 'DEN': 2923.0, 'SAN': 609.0, 'MCO': 1912.0, 'FLL': 1607.0, 'PIT': 529.0, 'RSW': 167.0, 'SEA': 880.0, 'DTW': 2525.0, 'MCI': 1245.0, 'ORD': 4740.0, 'MSY': 1222.0, 'MSN': 2.0, 'DFW': 2755.0, 'LAX': 2343.0, 'JAX': 979.0, 'MIA': 1081.0, 'MSP': 1754.0, 'CVG': 229.0, 'AUS': 869.0, 'LGA': 4514.0, 'TPA': 1397.0, 'BWI': 2083.0, 'DCA': 2590.0, 'CHS': 449.0, 'PHL': 2432.0, 'ATL': 4125.0, 'MYR': 43.0, 'SLC': 359.0, 'CMH': 701.0, 'SAV': 50.0, 'OKC': 22.0, 'STL': 964.0, 'RIC': 58.0, 'CLT': 3167.0, 'TTN': 114.0, 'MKE': 699.0, 'PNS': 725.0, 'ECP': 805.0, 'VPS': 51.0, 'SYR': 26.0, 'MDW': 2294.0, 'PIE': 58.0, 'PGD': 69.0, 'OAK': 365.0, 'JFK': 1482.0, 'HOU': 1385.0, 'DAL': 1467.0}"
BOI,"{'SFO': 1793.0, 'IAH': 365.0, 'LAS': 825.0, 'PHX': 1534.0, 'DEN': 2409.0, 'SMF': 393.0, 'SAN': 731.0, 'SEA': 3205.0, 'ORD': 1002.0, 'DFW': 448.0, 'LAX': 950.0, 'SJC': 400.0, 'PDX': 636.0, 'MSP': 737.0, 'SLC': 2204.0, 'GEG': 627.0, 'MDW': 69.0, 'AZA': 105.0, 'OAK': 749.0, 'DAL': 9.0}"
BOS,"{'EWR': 5401.0, 'RDU': 3141.0, 'IAD': 2441.0, 'SFO': 5338.0, 'IAH': 1572.0, 'LAS': 1596.0, 'PHX': 1829.0, 'CLE': 2109.0, 'DEN': 3132.0, 'SMF': 117.0, 'SAN': 1190.0, 'MCO': 4034.0, 'FLL': 3074.0, 'PIT': 3600.0, 'RSW': 2428.0, 'SEA': 2348.0, 'DTW': 3732.0, 'BNA': 2422.0, 'MCI': 989.0, 'ORD': 7399.0, 'MSY': 1033.0, 'MSN': 3.0, 'DFW': 3150.0, 'LAX': 5690.0, 'JAX': 1552.0, 'SJC': 286.0, 'PDX': 726.0, 'MIA': 2472.0, 'MSP': 2834.0, 'CVG': 1218.0, 'AUS': 1050.0, 'LGA': 10351.0, 'IND': 1361.0, 'TPA': 2491.0, 'BWI': 5836.0, 'DCA': 8199.0, 'CHS': 865.0, 'PHL': 5949.0, 'ROC': 701.0, 'SJU': 884.0, 'ORF': 332.0, 'ATL': 6938.0, 'PBI': 2172.0, 'SRQ': 293.0, 'MYR': 422.0, 'SLC': 1159.0, 'CMH': 1401.0, 'SAV': 504.0, 'BUR': 109.0, 'STL': 1074.0, 'BUF': 2231.0, 'RIC': 1730.0, 'CLT': 3904.0, 'MKE': 1096.0, 'SDF': 1.0, 'SYR': 582.0, 'MDW': 1590.0, 'OAK': 83.0, 'JFK': 6171.0, 'HOU': 791.0, 'HDN': 5.0, 'LGB': 447.0, 'DAL': 365.0, 'MVY': 76.0, 'ACK': 172.0}"
BPT,{'DFW': 851.0}
BQK,{'ATL': 1038.0}
BQN,"{'EWR': 309.0, 'MCO': 559.0, 'FLL': 640.0, 'JFK': 452.0}"
BRD,{'MSP': 637.0}
BRO,"{'IAH': 1403.0, 'ORD': 12.0, 'DFW': 1192.0}"
BRW,"{'ANC': 363.0, 'FAI': 364.0}"
BTM,{'SLC': 677.0}
BTR,"{'IAH': 2143.0, 'DFW': 2111.0, 'DCA': 1.0, 'ATL': 2279.0, 'CLT': 1042.0}"
BTV,"{'EWR': 893.0, 'IAD': 690.0, 'DTW': 983.0, 'ORD': 1213.0, 'LGA': 973.0, 'DCA': 1134.0, 'PHL': 968.0, 'ATL': 399.0, 'CLT': 726.0, 'JFK': 1748.0}"
BUF,"{'EWR': 1076.0, 'RDU': 63.0, 'IAD': 875.0, 'BOS': 2230.0, 'LAS': 561.0, 'PHX': 370.0, 'DEN': 148.0, 'MCO': 1736.0, 'FLL': 842.0, 'RSW': 140.0, 'DTW': 1068.0, 'ORD': 2954.0, 'DFW': 12.0, 'LAX': 308.0, 'JAX': 27.0, 'MIA': 62.0, 'MSP': 361.0, 'AUS': 73.0, 'LGA': 1540.0, 'TPA': 740.0, 'BWI': 1901.0, 'DCA': 1016.0, 'PHL': 634.0, 'ATL': 1650.0, 'CLT': 1090.0, 'MDW': 1012.0, 'JFK': 3759.0}"
BUR,"{'BOS': 109.0, 'SFO': 3407.0, 'LAS': 3327.0, 'PHX': 3238.0, 'DEN': 1571.0, 'SMF': 2833.0, 'SEA': 1216.0, 'SJC': 3543.0, 'PDX': 1004.0, 'SLC': 1218.0, 'MDW': 54.0, 'OAK': 4202.0, 'JFK': 447.0, 'HOU': 54.0, 'DAL': 360.0}"
BWI,"{'EWR': 850.0, 'RDU': 2720.0, 'BOS': 5830.0, 'SAT': 853.0, 'SFO': 979.0, 'IAH': 1101.0, 'LAS': 2099.0, 'PHX': 1709.0, 'CLE': 1126.0, 'DEN': 2679.0, 'SMF': 352.0, 'SAN': 1606.0, 'MCO': 4449.0, 'FLL': 4920.0, 'PIT': 1030.0, 'RSW': 1643.0, 'SEA': 907.0, 'DTW': 3034.0, 'BNA': 2072.0, 'MCI': 910.0, 'ORD': 3175.0, 'MSY': 1483.0, 'DFW': 1601.0, 'LAX': 2060.0, 'JAX': 1220.0, 'SJC': 361.0, 'PDX': 145.0, 'GRR': 357.0, 'MIA': 1015.0, 'MSP': 1969.0, 'CVG': 1879.0, 'AUS': 713.0, 'IND': 985.0, 'TPA': 2966.0, 'CHS': 1202.0, 'PHL': 241.0, 'ROC': 1093.0, 'SJU': 681.0, 'ORF': 1650.0, 'ATL': 6880.0, 'PBI': 1089.0, 'BDL': 2366.0, 'ABQ': 555.0, 'MYR': 319.0, 'SLC': 976.0, 'CMH': 1292.0, 'SAV': 117.0, 'OKC': 378.0, 'ALB': 1914.0, 'STL': 1397.0, 'BUF': 1902.0, 'AVL': 82.0, 'PWM': 1237.0, 'CLT': 3654.0, 'TYS': 24.0, 'PVD': 2635.0, 'MEM': 476.0, 'ISP': 1620.0, 'MKE': 941.0, 'BHM': 404.0, 'TUL': 26.0, 'ECP': 169.0, 'VPS': 58.0, 'SDF': 1165.0, 'MHT': 2069.0, 'MDW': 2448.0, 'OAK': 581.0, 'JFK': 1609.0, 'HOU': 1258.0, 'DAL': 1433.0}"
BZN,"{'EWR': 164.0, 'SFO': 405.0, 'IAH': 88.0, 'LAS': 112.0, 'DEN': 1324.0, 'SEA': 121.0, 'ORD': 702.0, 'DFW': 459.0, 'LAX': 362.0, 'PDX': 57.0, 'MSP': 856.0, 'LGA': 11.0, 'ATL': 106.0, 'SLC': 950.0, 'AZA': 118.0, 'LGB': 6.0}"
CAE,"{'IAD': 19.0, 'IAH': 365.0, 'ORD': 156.0, 'DFW': 687.0, 'LGA': 309.0, 'DCA': 663.0, 'PHL': 259.0, 'ATL': 2665.0, 'CLT': 1694.0}"
CAK,"{'EWR': 675.0, 'IAH': 206.0, 'MCO': 327.0, 'FLL': 44.0, 'RSW': 85.0, 'DTW': 855.0, 'ORD': 1063.0, 'LGA': 312.0, 'TPA': 61.0, 'DCA': 364.0, 'PHL': 706.0, 'ATL': 1026.0, 'CLT': 1786.0}"
CDC,{'SLC': 622.0}
CDV,"{'ANC': 361.0, 'YAK': 361.0}"
CGI,"{'ORD': 313.0, 'UIN': 312.0}"
CHA,"{'EWR': 512.0, 'DTW': 531.0, 'ORD': 837.0, 'DFW': 797.0, 'LGA': 158.0, 'DCA': 320.0, 'ATL': 3252.0, 'CLT': 1878.0, 'SFB': 113.0, 'PIE': 113.0}"
CHO,"{'ORD': 729.0, 'LGA': 986.0, 'ATL': 1665.0, 'CLT': 2194.0}"
CHS,"{'EWR': 1188.0, 'IAD': 1218.0, 'BOS': 865.0, 'IAH': 812.0, 'CLE': 19.0, 'DEN': 282.0, 'FLL': 368.0, 'PIT': 69.0, 'SEA': 248.0, 'DTW': 39.0, 'BNA': 445.0, 'ORD': 1356.0, 'DFW': 852.0, 'MIA': 1042.0, 'MSP': 27.0, 'CVG': 91.0, 'AUS': 63.0, 'LGA': 1058.0, 'IND': 68.0, 'BWI': 1204.0, 'DCA': 2047.0, 'PHL': 835.0, 'ATL': 3557.0, 'STL': 91.0, 'CLT': 3181.0, 'TTN': 119.0, 'MDW': 652.0, 'JFK': 1666.0, 'HOU': 369.0, 'DAL': 110.0}"
CID,"{'LAS': 122.0, 'DEN': 878.0, 'MCO': 41.0, 'DTW': 1116.0, 'ORD': 2677.0, 'DFW': 1045.0, 'LAX': 20.0, 'MSP': 1148.0, 'ATL': 896.0, 'CLT': 729.0, 'MLI': 1.0, 'SFB': 127.0, 'PIE': 126.0, 'PGD': 109.0, 'AZA': 197.0}"
CIU,"{'DTW': 310.0, 'MSP': 363.0}"
CKB,"{'IAD': 314.0, 'ORD': 366.0, 'MYR': 32.0, 'SFB': 95.0}"
CLE,"{'EWR': 1979.0, 'RDU': 230.0, 'IAD': 919.0, 'BOS': 2109.0, 'SAT': 27.0, 'SFO': 543.0, 'IAH': 1731.0, 'LAS': 1109.0, 'PHX': 651.0, 'DEN': 1493.0, 'SAN': 40.0, 'MCO': 1301.0, 'FLL': 921.0, 'RSW': 649.0, 'SEA': 72.0, 'DTW': 1216.0, 'BNA': 905.0, 'ORD': 5012.0, 'MSY': 199.0, 'MSN': 2.0, 'DFW': 1599.0, 'LAX': 931.0, 'JAX': 65.0, 'PDX': 54.0, 'MIA': 991.0, 'MSP': 1401.0, 'AUS': 129.0, 'LGA': 4846.0, 'TPA': 553.0, 'BWI': 1125.0, 'DCA': 2051.0, 'CHS': 19.0, 'PHL': 928.0, 'ATL': 3581.0, 'PBI': 20.0, 'BDL': 274.0, 'SRQ': 7.0, 'MYR': 236.0, 'SLC': 151.0, 'SAV': 121.0, 'STL': 686.0, 'CLT': 2408.0, 'MKE': 914.0, 'VPS': 28.0, 'MDW': 1763.0, 'SFB': 100.0, 'PIE': 117.0, 'PGD': 128.0, 'JFK': 2051.0}"
CLL,"{'IAH': 908.0, 'DFW': 1404.0}"
CLT,"{'EWR': 4453.0, 'RDU': 3173.0, 'IAD': 4084.0, 'BOS': 3916.0, 'SAT': 1467.0, 'SFO': 1852.0, 'IAH': 3759.0, 'LAS': 1649.0, 'PHX': 2899.0, 'CLE': 2409.0, 'DEN': 2880.0, 'SMF': 367.0, 'SAN': 1026.0, 'MCO': 3511.0, 'FLL': 2412.0, 'PIT': 3050.0, 'RSW': 1767.0, 'SEA': 1084.0, 'DTW': 3762.0, 'BNA': 3200.0, 'MCI': 1379.0, 'ORD': 4590.0, 'MSY': 2427.0, 'MSN': 723.0, 'DFW': 3722.0, 'LAX': 2176.0, 'JAX': 2805.0, 'SJC': 179.0, 'PDX': 442.0, 'GRR': 768.0, 'MIA': 2677.0, 'MSP': 2603.0, 'CVG': 3155.0, 'AUS': 1639.0, 'LGA': 6090.0, 'IND': 2821.0, 'TPA': 3162.0, 'BWI': 3653.0, 'DCA': 3223.0, 'CHS': 3181.0, 'PHL': 3430.0, 'ROC': 1310.0, 'SJU': 724.0, 'ORF': 2841.0, 'ATL': 6311.0, 'PBI': 1792.0, 'BDL': 2119.0, 'SRQ': 1429.0, 'DSM': 1013.0, 'MYR': 2915.0, 'SLC': 748.0, 'CMH': 2702.0, 'MDT': 1621.0, 'SAV': 3102.0, 'OKC': 791.0, 'ALB': 1018.0, 'STL': 2034.0, 'OMA': 991.0, 'BUF': 1091.0, 'AVL': 2245.0, 'RIC': 3022.0, 'TUS': 279.0, 'PWM': 819.0, 'BTV': 726.0, 'CID': 729.0, 'TYS': 2380.0, 'PVD': 1856.0, 'TTN': 180.0, 'MEM': 2194.0, 'MKE': 1737.0, 'BHM': 2204.0, 'TUL': 717.0, 'LIT': 1181.0, 'GSO': 2861.0, 'PNS': 1606.0, 'BTR': 1042.0, 'SHV': 728.0, 'MOB': 1277.0, 'CHA': 1879.0, 'FWA': 729.0, 'AVP': 1174.0, 'CAE': 1695.0, 'JAN': 1242.0, 'CRW': 1649.0, 'SBN': 413.0, 'ECP': 415.0, 'ABE': 955.0, 'XNA': 1202.0, 'VPS': 1386.0, 'SDF': 2700.0, 'GSP': 2728.0, 'DAY': 2091.0, 'LEX': 1702.0, 'PIA': 722.0, 'GPT': 719.0, 'CAK': 1785.0, 'BGR': 150.0, 'MHT': 1105.0, 'HSV': 1451.0, 'MTJ': 15.0, 'SGF': 909.0, 'SYR': 1270.0, 'PHF': 1416.0, 'MDW': 821.0, 'EYW': 716.0, 'OAJ': 1811.0, 'HPN': 1271.0, 'AGS': 1818.0, 'HTS': 436.0, 'ROA': 236.0, 'RAP': 48.0, 'TOL': 727.0, 'EVV': 724.0, 'TRI': 738.0, 'JFK': 4018.0, 'ILM': 3101.0, 'CMI': 13.0, 'TLH': 1505.0, 'GNV': 1469.0, 'CHO': 2194.0, 'HOU': 414.0, 'MGM': 695.0, 'FAY': 2203.0, 'STT': 50.0, 'MLB': 906.0, 'LYH': 1066.0, 'HVN': 2.0, 'PGV': 896.0, 'FLO': 170.0, 'EWN': 1473.0, 'DAB': 1428.0, 'ITH': 2.0, 'DAL': 382.0, 'STX': 35.0, 'ACK': 11.0, 'HHH': 536.0}"
CMH,"{'EWR': 1863.0, 'RDU': 288.0, 'IAD': 969.0, 'BOS': 1401.0, 'SAT': 15.0, 'IAH': 1355.0, 'LAS': 1012.0, 'PHX': 1072.0, 'DEN': 1360.0, 'MCO': 1785.0, 'FLL': 707.0, 'RSW': 755.0, 'DTW': 1729.0, 'BNA': 700.0, 'ORD': 4806.0, 'MSY': 191.0, 'DFW': 1493.0, 'LAX': 688.0, 'MIA': 1036.0, 'MSP': 1145.0, 'AUS': 110.0, 'LGA': 3773.0, 'TPA': 961.0, 'BWI': 1292.0, 'DCA': 2329.0, 'PHL': 1621.0, 'ATL': 3776.0, 'PBI': 14.0, 'MYR': 123.0, 'STL': 675.0, 'CLT': 2703.0, 'MDW': 1929.0, 'OAK': 301.0, 'JFK': 1335.0, 'HOU': 91.0, 'DAL': 402.0}"
CMI,"{'ORD': 1680.0, 'DFW': 676.0, 'CLT': 12.0}"
CMX,{'ORD': 725.0}
CNY,{'DEN': 420.0}
COD,"{'DEN': 464.0, 'SLC': 358.0}"
COS,"{'IAD': 72.0, 'SAT': 100.0, 'IAH': 1077.0, 'LAS': 399.0, 'PHX': 362.0, 'DEN': 2447.0, 'SAN': 113.0, 'MCO': 245.0, 'RSW': 41.0, 'SEA': 54.0, 'ORD': 1911.0, 'DFW': 1514.0, 'LAX': 810.0, 'MSP': 76.0, 'TPA': 56.0, 'ATL': 402.0, 'SLC': 659.0}"
COU,"{'DEN': 353.0, 'ORD': 1016.0, 'DFW': 856.0}"
CPR,"{'LAS': 1.0, 'DEN': 277.0, 'SLC': 706.0, 'COD': 1.0}"
CRP,"{'IAH': 1994.0, 'DFW': 2238.0, 'BRO': 1.0, 'HOU': 1329.0}"
CRW,"{'IAH': 352.0, 'ORD': 46.0, 'DCA': 644.0, 'PHL': 304.0, 'ATL': 1602.0, 'MYR': 42.0, 'CLT': 1642.0}"
CSG,{'ATL': 1277.0}
CVG,"{'EWR': 2777.0, 'RDU': 745.0, 'IAD': 1208.0, 'BOS': 1219.0, 'SAT': 128.0, 'SFO': 656.0, 'IAH': 1638.0, 'LAS': 937.0, 'PHX': 244.0, 'CLE': 1.0, 'DEN': 1584.0, 'SAN': 115.0, 'MCO': 1171.0, 'FLL': 704.0, 'RSW': 636.0, 'SEA': 225.0, 'DTW': 1249.0, 'BNA': 197.0, 'MCI': 494.0, 'ORD': 5501.0, 'MSY': 127.0, 'DFW': 2238.0, 'LAX': 897.0, 'JAX': 247.0, 'SJC': 94.0, 'MIA': 832.0, 'MSP': 1759.0, 'AUS': 396.0, 'LGA': 2819.0, 'TPA': 538.0, 'BWI': 1879.0, 'DCA': 1774.0, 'CHS': 91.0, 'PHL': 2777.0, 'SJU': 3.0, 'ATL': 2805.0, 'BDL': 230.0, 'SRQ': 79.0, 'MYR': 90.0, 'SLC': 537.0, 'SAV': 184.0, 'STL': 238.0, 'CLT': 3154.0, 'PVD': 65.0, 'MKE': 267.0, 'FWA': 1.0, 'XNA': 148.0, 'VPS': 212.0, 'MDW': 1698.0, 'SFB': 379.0, 'PIE': 388.0, 'PGD': 382.0, 'AZA': 109.0, 'JFK': 728.0}"
CWA,"{'DTW': 650.0, 'ORD': 1262.0, 'MSP': 941.0}"
CYS,{'DFW': 58.0}
DAB,"{'ATL': 1755.0, 'CLT': 1428.0, 'JFK': 365.0}"
DAL,"{'RDU': 385.0, 'BOS': 365.0, 'SAT': 3350.0, 'SFO': 1723.0, 'LAS': 1803.0, 'PHX': 2102.0, 'DEN': 2480.0, 'SMF': 374.0, 'SAN': 1625.0, 'MCO': 1369.0, 'FLL': 838.0, 'PIT': 369.0, 'SEA': 1093.0, 'DTW': 365.0, 'BNA': 1468.0, 'RNO': 48.0, 'MCI': 2322.0, 'MSY': 2439.0, 'LAX': 2456.0, 'ONT': 365.0, 'JAX': 70.0, 'SJC': 963.0, 'SNA': 286.0, 'PDX': 797.0, 'MSP': 9.0, 'AUS': 3411.0, 'LGA': 2542.0, 'IND': 455.0, 'TPA': 788.0, 'BWI': 1433.0, 'DCA': 2315.0, 'CHS': 110.0, 'PHL': 366.0, 'ATL': 3470.0, 'ABQ': 1689.0, 'SLC': 378.0, 'CMH': 402.0, 'BUR': 360.0, 'OKC': 1116.0, 'STL': 2083.0, 'OMA': 399.0, 'BOI': 9.0, 'CLT': 382.0, 'ELP': 1392.0, 'MEM': 526.0, 'MKE': 66.0, 'BHM': 714.0, 'TUL': 1309.0, 'LIT': 1031.0, 'PNS': 48.0, 'LBB': 1686.0, 'MAF': 1616.0, 'ECP': 286.0, 'GSP': 1.0, 'AMA': 1352.0, 'HRL': 17.0, 'MDW': 2471.0, 'OAK': 672.0, 'HOU': 6636.0}"
DAY,"{'EWR': 675.0, 'IAD': 3.0, 'IAH': 207.0, 'DEN': 106.0, 'DTW': 1079.0, 'ORD': 1946.0, 'DFW': 1221.0, 'MSP': 1017.0, 'LGA': 1032.0, 'DCA': 1433.0, 'PHL': 1543.0, 'ATL': 1380.0, 'MYR': 26.0, 'CLT': 2093.0, 'SFB': 85.0, 'PIE': 115.0, 'PGD': 115.0}"
DBQ,{'ORD': 1009.0}
DCA,"{'EWR': 2703.0, 'RDU': 1640.0, 'BOS': 8198.0, 'SFO': 727.0, 'IAH': 2735.0, 'LAS': 354.0, 'PHX': 1057.0, 'CLE': 2052.0, 'DEN': 1452.0, 'MCO': 3879.0, 'FLL': 2526.0, 'PIT': 1002.0, 'RSW': 962.0, 'SEA': 726.0, 'DTW': 3223.0, 'BNA': 2589.0, 'MCI': 1593.0, 'ORD': 8086.0, 'MSY': 2143.0, 'MSN': 291.0, 'DFW': 3097.0, 'LAX': 1459.0, 'JAX': 1739.0, 'PDX': 365.0, 'GRR': 251.0, 'MIA': 3276.0, 'MSP': 2906.0, 'CVG': 1708.0, 'AUS': 365.0, 'LGA': 7223.0, 'IND': 1944.0, 'TPA': 2411.0, 'CHS': 2047.0, 'PHL': 1218.0, 'ROC': 545.0, 'SJU': 365.0, 'ORF': 1113.0, 'ATL': 7121.0, 'PBI': 1098.0, 'BDL': 1940.0, 'SRQ': 377.0, 'DSM': 360.0, 'MYR': 288.0, 'SLC': 364.0, 'CMH': 2329.0, 'SAV': 617.0, 'OKC': 58.0, 'ALB': 1186.0, 'STL': 1879.0, 'OMA': 654.0, 'BUF': 1014.0, 'PWM': 1391.0, 'BTV': 1134.0, 'CLT': 3252.0, 'TYS': 847.0, 'PVD': 2107.0, 'MEM': 847.0, 'MKE': 677.0, 'BHM': 578.0, 'LIT': 270.0, 'GSO': 924.0, 'PNS': 632.0, 'BTR': 1.0, 'CHA': 320.0, 'CAE': 665.0, 'JAN': 363.0, 'CRW': 644.0, 'XNA': 320.0, 'VPS': 261.0, 'SDF': 1132.0, 'GSP': 750.0, 'DAY': 1435.0, 'LEX': 288.0, 'CAK': 364.0, 'BGR': 420.0, 'MHT': 1119.0, 'HSV': 1115.0, 'SYR': 1177.0, 'MDW': 2192.0, 'EYW': 251.0, 'HPN': 715.0, 'AGS': 15.0, 'JFK': 2752.0, 'ILM': 161.0, 'TLH': 316.0, 'HOU': 1072.0, 'MGM': 169.0, 'DAL': 2316.0, 'MVY': 97.0, 'ACK': 173.0}"
DEN,"{'EWR': 3423.0, 'RDU': 1658.0, 'EUG': 822.0, 'IAD': 3569.0, 'BOS': 3148.0, 'SAT': 1854.0, 'SFO': 6034.0, 'IAH': 4357.0, 'LAS': 6838.0, 'PHX': 7599.0, 'CLE': 1586.0, 'SMF': 3013.0, 'SAN': 4294.0, 'MCO': 3156.0, 'FLL': 1596.0, 'PIT': 1226.0, 'RSW': 527.0, 'SEA': 6656.0, 'DTW': 3126.0, 'BNA': 2918.0, 'RNO': 1753.0, 'MCI': 4169.0, 'ORD': 6415.0, 'MSY': 1661.0, 'MSN': 850.0, 'DFW': 5749.0, 'LAX': 8095.0, 'ONT': 1727.0, 'JAX': 815.0, 'SJC': 2382.0, 'SNA': 3593.0, 'PDX': 3469.0, 'GRR': 1050.0, 'MIA': 1401.0, 'FSD': 911.0, 'MSP': 5813.0, 'CVG': 1588.0, 'AUS': 3625.0, 'LGA': 3975.0, 'IND': 2122.0, 'TPA': 2160.0, 'BWI': 2662.0, 'DCA': 1451.0, 'CHS': 282.0, 'PHL': 2667.0, 'SBA': 1147.0, 'ORF': 293.0, 'ATL': 5628.0, 'BDL': 756.0, 'ABQ': 2766.0, 'DSM': 1045.0, 'MYR': 52.0, 'KOA': 362.0, 'SLC': 7310.0, 'OGG': 365.0, 'FAT': 1432.0, 'LIH': 361.0, 'CMH': 1358.0, 'HNL': 372.0, 'MDT': 34.0, 'SAV': 71.0, 'BUR': 1571.0, 'OKC': 2739.0, 'ALB': 363.0, 'STL': 2578.0, 'OMA': 2425.0, 'BUF': 149.0, 'PSP': 1420.0, 'AVL': 33.0, 'ANC': 458.0, 'MFR': 886.0, 'RIC': 550.0, 'TUS': 2271.0, 'GEG': 1724.0, 'PWM': 60.0, 'BIL': 1269.0, 'BZN': 1325.0, 'ICT': 910.0, 'BOI': 2406.0, 'CLT': 2882.0, 'CID': 879.0, 'TYS': 194.0, 'COS': 2556.0, 'PVD': 178.0, 'ELP': 952.0, 'MEM': 480.0, 'MKE': 2245.0, 'BHM': 191.0, 'TUL': 1930.0, 'LIT': 691.0, 'GSO': 52.0, 'PNS': 131.0, 'BIS': 347.0, 'SHV': 364.0, 'SAF': 8.0, 'LBB': 207.0, 'MAF': 820.0, 'JAC': 1071.0, 'JAN': 23.0, 'ECP': 9.0, 'XNA': 386.0, 'FAR': 658.0, 'SDF': 616.0, 'GSP': 34.0, 'AMA': 17.0, 'LFT': 20.0, 'DAY': 77.0, 'HSV': 53.0, 'MTJ': 302.0, 'SGF': 612.0, 'SYR': 46.0, 'HRL': 14.0, 'MLI': 240.0, 'MDW': 3118.0, 'BMI': 21.0, 'IDA': 516.0, 'MSO': 806.0, 'BLI': 28.0, 'OAK': 1671.0, 'RAP': 708.0, 'MOT': 610.0, 'GTF': 182.0, 'PSC': 592.0, 'FCA': 490.0, 'MRY': 176.0, 'GJT': 809.0, 'JFK': 1563.0, 'COU': 352.0, 'HOU': 2073.0, 'TVC': 11.0, 'DRO': 1389.0, 'ISN': 663.0, 'ASE': 2368.0, 'HLN': 545.0, 'RDM': 437.0, 'LNK': 409.0, 'HDN': 113.0, 'SBP': 640.0, 'OTH': 34.0, 'BFL': 706.0, 'COD': 465.0, 'CPR': 277.0, 'SGU': 706.0, 'LGB': 114.0, 'EGE': 597.0, 'DAL': 2483.0, 'SUN': 173.0, 'PUB': 623.0, 'LBL': 283.0, 'RKS': 680.0, 'JMS': 627.0, 'LAR': 624.0, 'BFF': 573.0, 'GCC': 833.0, 'LBF': 570.0, 'HYS': 623.0, 'MMH': 13.0, 'VEL': 320.0, 'CNY': 420.0, 'PRC': 125.0, 'BKG': 71.0, 'EAR': 200.0}"
DFW,"{'EWR': 3359.0, 'RDU': 1975.0, 'IAD': 2423.0, 'BOS': 3161.0, 'SAT': 3802.0, 'SFO': 4490.0, 'IAH': 5990.0, 'LAS': 4624.0, 'PHX': 4595.0, 'CLE': 1601.0, 'DEN': 5584.0, 'SMF': 1644.0, 'SAN': 3267.0, 'MCO': 4096.0, 'FLL': 2840.0, 'PIT': 1638.0, 'RSW': 1061.0, 'SEA': 4121.0, 'DTW': 3965.0, 'BNA': 2756.0, 'RNO': 802.0, 'MCI': 2384.0, 'ORD': 7689.0, 'MSY': 2763.0, 'MSN': 1027.0, 'LAX': 7162.0, 'ONT': 1753.0, 'JAX': 1626.0, 'SJC': 1423.0, 'SNA': 3025.0, 'PDX': 1884.0, 'GRR': 873.0, 'MIA': 3679.0, 'FSD': 719.0, 'MSP': 4325.0, 'CVG': 2238.0, 'MFE': 2338.0, 'AUS': 3910.0, 'LGA': 6229.0, 'IND': 1706.0, 'TPA': 2570.0, 'BWI': 1600.0, 'DCA': 3098.0, 'CHS': 852.0, 'PHL': 3629.0, 'SBA': 364.0, 'SJU': 597.0, 'ORF': 785.0, 'ATL': 7002.0, 'PBI': 807.0, 'BDL': 668.0, 'ABQ': 2753.0, 'SRQ': 13.0, 'DSM': 1117.0, 'MYR': 84.0, 'KOA': 136.0, 'SLC': 3710.0, 'OGG': 523.0, 'FAT': 777.0, 'LIH': 35.0, 'CMH': 1492.0, 'HNL': 672.0, 'SAV': 801.0, 'OKC': 3123.0, 'STL': 2490.0, 'OMA': 1384.0, 'BUF': 13.0, 'PSP': 758.0, 'AVL': 11.0, 'ANC': 119.0, 'RIC': 885.0, 'TUS': 2237.0, 'GEG': 424.0, 'BIL': 365.0, 'BZN': 459.0, 'ICT': 2125.0, 'BOI': 448.0, 'CLT': 3726.0, 'CID': 1045.0, 'TYS': 1374.0, 'COS': 1514.0, 'ELP': 3092.0, 'MEM': 2300.0, 'MKE': 1296.0, 'BHM': 1881.0, 'TUL': 2910.0, 'LIT': 2787.0, 'GSO': 757.0, 'PNS': 1566.0, 'BIS': 379.0, 'BTR': 2112.0, 'SHV': 1969.0, 'LAW': 1342.0, 'CLL': 1404.0, 'MOB': 1011.0, 'SAF': 1077.0, 'LBB': 2121.0, 'GRK': 2131.0, 'MAF': 2108.0, 'CHA': 798.0, 'MLU': 928.0, 'FSM': 1369.0, 'FWA': 683.0, 'MHK': 1039.0, 'JAC': 527.0, 'CAE': 687.0, 'JAN': 2039.0, 'SBN': 419.0, 'CRP': 2237.0, 'AEX': 1060.0, 'ECP': 426.0, 'XNA': 3093.0, 'VPS': 1530.0, 'FAR': 689.0, 'SDF': 1893.0, 'BRO': 1193.0, 'GSP': 729.0, 'AMA': 2289.0, 'LFT': 1404.0, 'DAY': 1222.0, 'LEX': 828.0, 'PIA': 719.0, 'GPT': 894.0, 'HSV': 1513.0, 'MTJ': 530.0, 'LCH': 935.0, 'LRD': 1343.0, 'SGF': 2493.0, 'MLI': 725.0, 'EYW': 19.0, 'AGS': 9.0, 'BMI': 664.0, 'MSO': 207.0, 'OAK': 491.0, 'RAP': 718.0, 'GRI': 780.0, 'EVV': 687.0, 'SPI': 676.0, 'GJT': 1015.0, 'JFK': 1422.0, 'GGG': 803.0, 'SUX': 391.0, 'TYR': 1442.0, 'SWO': 797.0, 'ILM': 40.0, 'SPS': 1059.0, 'ROW': 1008.0, 'ABI': 2022.0, 'CMI': 678.0, 'TLH': 709.0, 'COU': 856.0, 'SJT': 1432.0, 'ACT': 1594.0, 'TXK': 1226.0, 'HOU': 2473.0, 'JLN': 805.0, 'TVC': 75.0, 'BPT': 851.0, 'MGM': 955.0, 'GCK': 731.0, 'DRO': 1036.0, 'ASE': 649.0, 'HDN': 138.0, 'FLG': 11.0, 'PIB': 364.0, 'MEI': 1.0, 'EGE': 541.0, 'GUC': 141.0, 'DRT': 115.0, 'CYS': 58.0}"
DHN,{'ATL': 1374.0}
DLG,{'ANC': 84.0}
DLH,"{'ORD': 1179.0, 'MSP': 1619.0}"
DRO,"{'PHX': 687.0, 'DEN': 1389.0, 'DFW': 1036.0, 'LAX': 13.0}"
DRT,{'DFW': 114.0}
DSM,"{'EWR': 273.0, 'SFO': 70.0, 'IAH': 640.0, 'LAS': 593.0, 'PHX': 857.0, 'DEN': 1205.0, 'MCO': 124.0, 'DTW': 989.0, 'ORD': 3203.0, 'DFW': 1117.0, 'LAX': 20.0, 'MSP': 1667.0, 'LGA': 342.0, 'DCA': 361.0, 'PHL': 479.0, 'ATL': 1043.0, 'SLC': 332.0, 'STL': 679.0, 'CLT': 1013.0, 'CID': 1.0, 'LIT': 1.0, 'PIA': 1.0, 'SFB': 157.0, 'PIE': 134.0, 'PGD': 129.0, 'AZA': 146.0}"
DTW,"{'EWR': 3873.0, 'RDU': 1315.0, 'IAD': 1863.0, 'BOS': 3734.0, 'SAT': 853.0, 'SFO': 1779.0, 'IAH': 3405.0, 'LAS': 3255.0, 'PHX': 2574.0, 'CLE': 1279.0, 'DEN': 3127.0, 'SAN': 999.0, 'MCO': 3633.0, 'FLL': 2696.0, 'PIT': 1588.0, 'RSW': 1957.0, 'SEA': 2383.0, 'BNA': 2542.0, 'MCI': 1638.0, 'ORD': 6713.0, 'MSY': 1418.0, 'MSN': 1332.0, 'DFW': 3967.0, 'LAX': 2609.0, 'JAX': 381.0, 'SJC': 38.0, 'SNA': 279.0, 'PDX': 659.0, 'GRR': 1704.0, 'MIA': 1711.0, 'MSP': 3095.0, 'CVG': 1184.0, 'AUS': 1073.0, 'LGA': 5163.0, 'IND': 1900.0, 'TPA': 2214.0, 'BWI': 3045.0, 'DCA': 3230.0, 'CHS': 39.0, 'PHL': 3029.0, 'ROC': 1041.0, 'ORF': 754.0, 'ATL': 5682.0, 'PBI': 369.0, 'BDL': 1315.0, 'SRQ': 32.0, 'DSM': 989.0, 'MYR': 493.0, 'SLC': 1476.0, 'CMH': 1709.0, 'MDT': 1072.0, 'SAV': 274.0, 'OKC': 512.0, 'ALB': 876.0, 'STL': 1141.0, 'OMA': 434.0, 'BUF': 1066.0, 'RIC': 789.0, 'PWM': 681.0, 'BTV': 984.0, 'CLT': 3761.0, 'CID': 1116.0, 'TYS': 1455.0, 'PVD': 920.0, 'TTN': 126.0, 'MEM': 656.0, 'ISP': 39.0, 'MKE': 2006.0, 'BHM': 249.0, 'TUL': 225.0, 'LIT': 230.0, 'GSO': 838.0, 'CHA': 532.0, 'FWA': 931.0, 'AVP': 869.0, 'SBN': 1529.0, 'ABE': 924.0, 'SDF': 1078.0, 'GSP': 837.0, 'DAY': 1079.0, 'CWA': 650.0, 'LEX': 1283.0, 'PIA': 599.0, 'CAK': 854.0, 'MHT': 586.0, 'HSV': 312.0, 'SYR': 1174.0, 'LAN': 1446.0, 'MLI': 660.0, 'ATW': 868.0, 'MDW': 2261.0, 'HPN': 998.0, 'GRB': 803.0, 'SWF': 677.0, 'OAK': 192.0, 'EVV': 971.0, 'ELM': 29.0, 'JFK': 1456.0, 'AZO': 1259.0, 'MQT': 536.0, 'TVC': 1386.0, 'APN': 363.0, 'PLN': 768.0, 'CIU': 310.0, 'ESC': 624.0, 'ITH': 983.0, 'BGM': 920.0, 'IMT': 301.0, 'DAL': 365.0, 'SCE': 994.0, 'ERI': 1007.0, 'MBS': 1518.0}"
DVL,"{'DEN': 264.0, 'JMS': 362.0}"
EAR,{'DEN': 200.0}
EAU,{'ORD': 720.0}
ECP,"{'IAH': 805.0, 'DEN': 9.0, 'BNA': 805.0, 'DFW': 426.0, 'AUS': 31.0, 'BWI': 169.0, 'ATL': 2000.0, 'STL': 174.0, 'CLT': 413.0, 'MDW': 13.0, 'HOU': 406.0, 'DAL': 286.0}"
EGE,"{'EWR': 109.0, 'IAD': 26.0, 'SFO': 32.0, 'IAH': 94.0, 'PHX': 90.0, 'DEN': 597.0, 'ORD': 224.0, 'DFW': 540.0, 'LAX': 107.0, 'MIA': 107.0, 'LGA': 2.0, 'ATL': 107.0, 'SLC': 14.0, 'JFK': 105.0}"
EKO,{'SLC': 647.0}
ELM,"{'DTW': 28.0, 'ATL': 12.0, 'SFB': 181.0, 'PIE': 112.0}"
ELP,"{'SAT': 850.0, 'IAH': 1783.0, 'LAS': 854.0, 'PHX': 3066.0, 'DEN': 952.0, 'SAN': 79.0, 'ORD': 1222.0, 'DFW': 3092.0, 'LAX': 776.0, 'AUS': 902.0, 'ATL': 861.0, 'SLC': 74.0, 'OKC': 1.0, 'SFB': 22.0, 'HOU': 1055.0, 'DAL': 1393.0}"
ERI,"{'DTW': 1007.0, 'ORD': 7.0, 'ITH': 1.0}"
ESC,"{'DTW': 624.0, 'MQT': 1.0}"
EUG,"{'SFO': 1497.0, 'LAS': 119.0, 'PHX': 410.0, 'DEN': 822.0, 'SAN': 26.0, 'SEA': 35.0, 'LAX': 847.0, 'SLC': 99.0, 'AZA': 121.0, 'OAK': 127.0}"
EVV,"{'DTW': 971.0, 'ORD': 1036.0, 'DFW': 687.0, 'ATL': 1054.0, 'CLT': 724.0, 'VPS': 24.0, 'SFB': 122.0}"
EWN,"{'ATL': 712.0, 'CLT': 1475.0}"
EWR,"{'RDU': 3299.0, 'IAD': 758.0, 'BOS': 5392.0, 'SAT': 446.0, 'SFO': 5884.0, 'IAH': 3679.0, 'LAS': 2578.0, 'PHX': 2504.0, 'CLE': 1942.0, 'DEN': 3130.0, 'SMF': 218.0, 'SAN': 1677.0, 'MCO': 7131.0, 'FLL': 5842.0, 'PIT': 2573.0, 'RSW': 2095.0, 'SEA': 2215.0, 'DTW': 3898.0, 'BNA': 1622.0, 'MCI': 1049.0, 'ORD': 5350.0, 'MSY': 1633.0, 'MSN': 704.0, 'DFW': 3347.0, 'LAX': 5223.0, 'JAX': 1154.0, 'SJC': 611.0, 'SNA': 902.0, 'PDX': 1075.0, 'GRR': 672.0, 'MIA': 2843.0, 'MSP': 3293.0, 'CVG': 2847.0, 'AUS': 1855.0, 'IND': 2289.0, 'TPA': 2882.0, 'BWI': 849.0, 'DCA': 2708.0, 'CHS': 1190.0, 'ROC': 905.0, 'SJU': 1204.0, 'ORF': 794.0, 'ATL': 6484.0, 'PBI': 3449.0, 'BDL': 333.0, 'SRQ': 477.0, 'DSM': 274.0, 'MYR': 673.0, 'SLC': 775.0, 'CMH': 1850.0, 'HNL': 365.0, 'SAV': 1007.0, 'OKC': 260.0, 'ALB': 102.0, 'STL': 1748.0, 'OMA': 722.0, 'BUF': 1076.0, 'PSP': 13.0, 'AVL': 447.0, 'ANC': 14.0, 'BQN': 310.0, 'RIC': 1391.0, 'PWM': 1018.0, 'BTV': 901.0, 'BZN': 164.0, 'CLT': 4451.0, 'TYS': 652.0, 'PVD': 790.0, 'MEM': 604.0, 'MKE': 885.0, 'GSO': 551.0, 'CHA': 513.0, 'FWA': 180.0, 'JAC': 111.0, 'AVP': 372.0, 'SBN': 388.0, 'XNA': 331.0, 'VPS': 71.0, 'SDF': 977.0, 'GSP': 624.0, 'DAY': 675.0, 'LEX': 276.0, 'CAK': 676.0, 'BGR': 703.0, 'MHT': 374.0, 'MTJ': 34.0, 'SYR': 666.0, 'MDW': 1963.0, 'EYW': 391.0, 'OAK': 228.0, 'RAP': 12.0, 'TVC': 86.0, 'STT': 42.0, 'HDN': 25.0, 'EGE': 109.0}"
EYW,"{'EWR': 391.0, 'RSW': 1.0, 'ORD': 231.0, 'DFW': 19.0, 'MIA': 1482.0, 'DCA': 252.0, 'ATL': 1666.0, 'CLT': 714.0}"
FAI,"{'SEA': 1812.0, 'ORD': 75.0, 'MSP': 102.0, 'ANC': 2259.0, 'SCC': 208.0}"
FAR,"{'LAS': 164.0, 'DEN': 657.0, 'ORD': 1478.0, 'DFW': 690.0, 'LAX': 20.0, 'MSP': 2433.0, 'ATL': 23.0, 'SFB': 69.0, 'AZA': 215.0, 'GFK': 1.0, 'JMS': 2.0}"
FAT,"{'SFO': 1419.0, 'LAS': 508.0, 'PHX': 1736.0, 'DEN': 1430.0, 'SAN': 907.0, 'SEA': 595.0, 'ORD': 89.0, 'DFW': 777.0, 'LAX': 2343.0, 'PDX': 290.0, 'SLC': 1030.0}"
FAY,"{'ATL': 1695.0, 'CLT': 2203.0}"
FCA,"{'SFO': 101.0, 'LAS': 107.0, 'DEN': 491.0, 'ORD': 157.0, 'LAX': 125.0, 'MSP': 410.0, 'ATL': 12.0, 'SLC': 950.0, 'OAK': 24.0}"
FLG,"{'PHX': 1161.0, 'DFW': 11.0, 'LAX': 18.0}"
FLL,"{'EWR': 5838.0, 'RDU': 1387.0, 'IAD': 1056.0, 'BOS': 3067.0, 'SAT': 177.0, 'SFO': 1329.0, 'IAH': 2164.0, 'LAS': 1100.0, 'PHX': 382.0, 'CLE': 921.0, 'DEN': 1599.0, 'SAN': 310.0, 'MCO': 2426.0, 'PIT': 1172.0, 'SEA': 568.0, 'DTW': 2696.0, 'BNA': 1607.0, 'MCI': 495.0, 'ORD': 3180.0, 'MSY': 1782.0, 'DFW': 2839.0, 'LAX': 1719.0, 'JAX': 1885.0, 'GRR': 38.0, 'MSP': 589.0, 'CVG': 704.0, 'AUS': 948.0, 'LGA': 5146.0, 'IND': 754.0, 'TPA': 2287.0, 'BWI': 4920.0, 'DCA': 2525.0, 'CHS': 369.0, 'PHL': 2916.0, 'SJU': 3244.0, 'ORF': 106.0, 'ATL': 8611.0, 'BDL': 1635.0, 'MYR': 440.0, 'SLC': 737.0, 'CMH': 708.0, 'OKC': 3.0, 'ALB': 617.0, 'STL': 761.0, 'BUF': 843.0, 'AVL': 512.0, 'BQN': 641.0, 'RIC': 1022.0, 'CLT': 2412.0, 'TYS': 250.0, 'PVD': 895.0, 'TTN': 28.0, 'MEM': 117.0, 'ISP': 524.0, 'MKE': 249.0, 'BHM': 3.0, 'GSO': 37.0, 'ABE': 72.0, 'SDF': 139.0, 'GSP': 133.0, 'LEX': 152.0, 'CAK': 43.0, 'MHT': 4.0, 'SYR': 262.0, 'FNT': 24.0, 'MDW': 1355.0, 'HPN': 729.0, 'BLV': 66.0, 'LCK': 125.0, 'USA': 306.0, 'PBG': 367.0, 'IAG': 202.0, 'SWF': 365.0, 'JFK': 3884.0, 'HOU': 940.0, 'ACY': 858.0, 'LBE': 327.0, 'STT': 305.0, 'HDN': 3.0, 'LGB': 364.0, 'DAL': 833.0, 'ORH': 365.0}"
FLO,{'CLT': 170.0}
FNT,"{'MCO': 18.0, 'FLL': 24.0, 'RSW': 13.0, 'ORD': 1301.0, 'MSP': 733.0, 'TPA': 13.0, 'ATL': 1019.0, 'MYR': 22.0, 'MDW': 446.0, 'SFB': 213.0, 'PIE': 212.0, 'PGD': 146.0}"
FSD,"{'LAS': 212.0, 'PHX': 327.0, 'DEN': 854.0, 'ORD': 1433.0, 'DFW': 719.0, 'LAX': 20.0, 'MSP': 2074.0, 'ATL': 310.0, 'SFB': 89.0, 'PIE': 74.0, 'AZA': 247.0}"
FSM,"{'DFW': 1369.0, 'ATL': 682.0}"
FWA,"{'EWR': 181.0, 'DTW': 931.0, 'ORD': 2244.0, 'DFW': 683.0, 'MSP': 343.0, 'ATL': 1406.0, 'MYR': 20.0, 'CLT': 729.0, 'SFB': 124.0, 'PIE': 167.0, 'PGD': 179.0, 'AZA': 74.0}"
GCC,{'DEN': 833.0}
GCK,{'DFW': 731.0}
GEG,"{'SFO': 759.0, 'LAS': 770.0, 'PHX': 1109.0, 'DEN': 1725.0, 'SMF': 377.0, 'SAN': 95.0, 'SEA': 2773.0, 'ORD': 379.0, 'DFW': 424.0, 'LAX': 10.0, 'SJC': 268.0, 'PDX': 10.0, 'MSP': 854.0, 'SLC': 1344.0, 'BOI': 638.0, 'MDW': 61.0, 'OAK': 752.0}"
GFK,"{'LAS': 110.0, 'MSP': 1892.0, 'SFB': 20.0, 'AZA': 84.0}"
GGG,{'DFW': 803.0}
GJT,"{'LAS': 107.0, 'PHX': 725.0, 'DEN': 808.0, 'ORD': 3.0, 'DFW': 1015.0, 'LAX': 26.0, 'ATL': 1.0, 'SLC': 1062.0, 'ASE': 3.0}"
GNV,"{'MIA': 633.0, 'ATL': 2390.0, 'CLT': 1469.0}"
GPT,"{'IAH': 1081.0, 'DFW': 894.0, 'ATL': 1432.0, 'CLT': 719.0, 'SFB': 104.0}"
GRB,"{'DTW': 803.0, 'ORD': 2220.0, 'MSP': 1302.0, 'ATL': 519.0, 'MQT': 1.0, 'CMX': 1.0}"
GRI,"{'LAS': 113.0, 'DFW': 780.0, 'AZA': 108.0}"
GRK,"{'IAH': 846.0, 'DFW': 2132.0, 'ATL': 21.0}"
GRR,"{'EWR': 603.0, 'IAD': 11.0, 'IAH': 513.0, 'LAS': 146.0, 'PHX': 27.0, 'DEN': 887.0, 'MCO': 363.0, 'FLL': 38.0, 'RSW': 163.0, 'DTW': 1705.0, 'ORD': 4159.0, 'DFW': 873.0, 'MIA': 12.0, 'MSP': 1608.0, 'LGA': 714.0, 'TPA': 97.0, 'BWI': 358.0, 'DCA': 250.0, 'PHL': 418.0, 'ATL': 1681.0, 'CLT': 768.0, 'MDW': 1042.0, 'SFB': 324.0, 'PIE': 276.0, 'PGD': 167.0, 'AZA': 137.0}"
GSO,"{'EWR': 546.0, 'IAD': 18.0, 'DEN': 52.0, 'MCO': 54.0, 'FLL': 37.0, 'DTW': 839.0, 'ORD': 839.0, 'DFW': 756.0, 'MIA': 368.0, 'LGA': 2139.0, 'TPA': 37.0, 'DCA': 922.0, 'PHL': 570.0, 'ATL': 2722.0, 'CLT': 2860.0, 'SFB': 106.0, 'PIE': 109.0}"
GSP,"{'EWR': 546.0, 'IAD': 348.0, 'IAH': 576.0, 'LAS': 33.0, 'DEN': 34.0, 'MCO': 33.0, 'FLL': 133.0, 'DTW': 838.0, 'ORD': 1459.0, 'DFW': 729.0, 'MIA': 25.0, 'LGA': 570.0, 'TPA': 14.0, 'DCA': 755.0, 'PHL': 763.0, 'ATL': 3774.0, 'CLT': 2724.0, 'FWA': 1.0, 'SFB': 138.0, 'PIE': 128.0, 'PGD': 1.0, 'DAL': 2.0}"
GST,{'JNU': 84.0}
GTF,"{'LAS': 110.0, 'DEN': 182.0, 'SEA': 37.0, 'ORD': 75.0, 'MSP': 374.0, 'SLC': 964.0, 'BZN': 1.0, 'AZA': 113.0}"
GTR,{'ATL': 1021.0}
GUC,"{'IAH': 89.0, 'DFW': 141.0}"
GUM,"{'HNL': 366.0, 'SPN': 257.0}"
HDN,"{'EWR': 25.0, 'IAD': 15.0, 'BOS': 5.0, 'SFO': 14.0, 'IAH': 147.0, 'DEN': 113.0, 'SAN': 44.0, 'FLL': 3.0, 'ORD': 134.0, 'DFW': 138.0, 'LAX': 97.0, 'MSP': 92.0, 'ATL': 98.0, 'LGB': 5.0}"
HGR,"{'SFB': 112.0, 'PIE': 26.0}"
HHH,{'CLT': 535.0}
HIB,{'MSP': 625.0}
HLN,"{'DEN': 546.0, 'MSP': 340.0, 'SLC': 925.0}"
HNL,"{'EWR': 365.0, 'IAD': 179.0, 'SFO': 2562.0, 'IAH': 365.0, 'LAS': 941.0, 'PHX': 976.0, 'DEN': 372.0, 'SMF': 365.0, 'SAN': 730.0, 'SEA': 1851.0, 'ORD': 378.0, 'DFW': 672.0, 'LAX': 5970.0, 'SJC': 614.0, 'PDX': 777.0, 'MSP': 230.0, 'ATL': 365.0, 'KOA': 7046.0, 'SLC': 359.0, 'OGG': 9871.0, 'LIH': 6810.0, 'ANC': 365.0, 'ITO': 5419.0, 'GUM': 366.0, 'OAK': 573.0, 'JFK': 383.0, 'PPG': 122.0, 'LGB': 215.0}"
HOB,{'IAH': 677.0}
HOU,"{'RDU': 382.0, 'BOS': 791.0, 'SAT': 1837.0, 'LAS': 1651.0, 'PHX': 1673.0, 'DEN': 2074.0, 'SMF': 6.0, 'SAN': 765.0, 'MCO': 1589.0, 'FLL': 936.0, 'PIT': 382.0, 'SEA': 61.0, 'BNA': 1406.0, 'MCI': 984.0, 'MSY': 3185.0, 'DFW': 2473.0, 'LAX': 1671.0, 'JAX': 403.0, 'SJC': 268.0, 'SNA': 433.0, 'PDX': 121.0, 'MIA': 12.0, 'AUS': 1834.0, 'LGA': 1002.0, 'IND': 547.0, 'TPA': 1043.0, 'BWI': 1241.0, 'DCA': 1072.0, 'CHS': 369.0, 'PHL': 6.0, 'SJU': 148.0, 'ATL': 4138.0, 'ABQ': 1039.0, 'SLC': 98.0, 'CMH': 91.0, 'BUR': 54.0, 'OKC': 1312.0, 'STL': 1382.0, 'OMA': 378.0, 'TUS': 4.0, 'CLT': 414.0, 'ELP': 1041.0, 'MEM': 659.0, 'MKE': 299.0, 'BHM': 695.0, 'TUL': 992.0, 'PNS': 365.0, 'LBB': 13.0, 'MAF': 1022.0, 'CRP': 1329.0, 'ECP': 406.0, 'SDF': 90.0, 'HRL': 1630.0, 'MDW': 2228.0, 'OAK': 793.0, 'JFK': 365.0, 'DAL': 6639.0}"
HPN,"{'MCO': 1173.0, 'FLL': 727.0, 'RSW': 363.0, 'DTW': 997.0, 'ORD': 826.0, 'TPA': 363.0, 'DCA': 728.0, 'ATL': 2127.0, 'PBI': 1313.0, 'CLT': 1258.0}"
HRL,"{'IAH': 1329.0, 'DEN': 14.0, 'ORD': 12.0, 'MSP': 93.0, 'AUS': 348.0, 'HOU': 1630.0, 'DAL': 17.0}"
HSV,"{'IAD': 6.0, 'IAH': 1054.0, 'DEN': 54.0, 'MCO': 28.0, 'DTW': 311.0, 'ORD': 547.0, 'DFW': 1513.0, 'DCA': 1114.0, 'ATL': 2540.0, 'CLT': 1451.0, 'SHV': 1.0}"
HTS,"{'MYR': 60.0, 'CLT': 436.0, 'SFB': 187.0, 'PIE': 172.0, 'PGD': 24.0}"
HVN,"{'PHL': 1029.0, 'CLT': 2.0}"
HYA,{'JFK': 89.0}
HYS,"{'DEN': 623.0, 'SLN': 455.0}"
IAD,"{'EWR': 1087.0, 'RDU': 1451.0, 'BOS': 2444.0, 'SAT': 845.0, 'SFO': 3629.0, 'IAH': 1515.0, 'LAS': 1073.0, 'PHX': 367.0, 'CLE': 901.0, 'DEN': 3520.0, 'SMF': 303.0, 'SAN': 1019.0, 'MCO': 2055.0, 'FLL': 1057.0, 'PIT': 1435.0, 'SEA': 1545.0, 'DTW': 1847.0, 'BNA': 718.0, 'MCI': 769.0, 'ORD': 1849.0, 'MSY': 831.0, 'MSN': 2.0, 'DFW': 2422.0, 'LAX': 3828.0, 'JAX': 506.0, 'PDX': 305.0, 'MIA': 836.0, 'MSP': 1455.0, 'CVG': 1210.0, 'AUS': 1214.0, 'LGA': 1386.0, 'IND': 859.0, 'TPA': 1091.0, 'CHS': 1220.0, 'PHL': 1022.0, 'ROC': 281.0, 'SJU': 234.0, 'ORF': 1123.0, 'ATL': 4362.0, 'BDL': 1368.0, 'SLC': 297.0, 'CMH': 1045.0, 'HNL': 179.0, 'MDT': 137.0, 'SAV': 503.0, 'OKC': 367.0, 'ALB': 69.0, 'STL': 88.0, 'BUF': 876.0, 'RIC': 201.0, 'PWM': 360.0, 'BTV': 684.0, 'CLT': 3784.0, 'TYS': 172.0, 'COS': 72.0, 'PVD': 621.0, 'TTN': 1.0, 'TUL': 63.0, 'GSO': 18.0, 'CHA': 6.0, 'CAE': 19.0, 'SDF': 15.0, 'GSP': 388.0, 'DAY': 3.0, 'HSV': 18.0, 'SYR': 423.0, 'CKB': 314.0, 'PBG': 222.0, 'JFK': 2082.0, 'ILM': 4.0, 'STT': 105.0, 'HDN': 15.0, 'EGE': 26.0, 'SHD': 418.0, 'LWB': 121.0}"
IAG,"{'FLL': 203.0, 'MYR': 152.0, 'SFB': 128.0, 'PIE': 138.0, 'PGD': 190.0}"
IAH,"{'EWR': 3685.0, 'RDU': 1556.0, 'IAD': 1504.0, 'BOS': 1571.0, 'SAT': 2811.0, 'SFO': 3297.0, 'LAS': 2997.0, 'PHX': 3026.0, 'CLE': 1737.0, 'DEN': 4346.0, 'SMF': 679.0, 'SAN': 2152.0, 'MCO': 3098.0, 'FLL': 2160.0, 'PIT': 1680.0, 'RSW': 625.0, 'SEA': 2509.0, 'DTW': 3340.0, 'BNA': 1878.0, 'RNO': 131.0, 'MCI': 1760.0, 'ORD': 5282.0, 'MSY': 3237.0, 'MSN': 2.0, 'DFW': 5993.0, 'LAX': 4776.0, 'JAX': 1272.0, 'SJC': 365.0, 'SNA': 1676.0, 'PDX': 821.0, 'GRR': 512.0, 'MIA': 3164.0, 'MSP': 3313.0, 'CVG': 1725.0, 'MFE': 1890.0, 'AUS': 3107.0, 'LGA': 4314.0, 'IND': 1521.0, 'TPA': 2032.0, 'BWI': 1103.0, 'DCA': 2731.0, 'CHS': 811.0, 'PHL': 2493.0, 'SJU': 528.0, 'ORF': 471.0, 'ATL': 5292.0, 'PBI': 173.0, 'BDL': 106.0, 'ABQ': 1312.0, 'DSM': 640.0, 'SLC': 2563.0, 'CMH': 1359.0, 'HNL': 365.0, 'SAV': 565.0, 'OKC': 2770.0, 'STL': 1764.0, 'OMA': 1303.0, 'PSP': 361.0, 'ANC': 75.0, 'RIC': 466.0, 'TUS': 1027.0, 'BZN': 88.0, 'ICT': 1379.0, 'BOI': 365.0, 'CLT': 3760.0, 'TYS': 1057.0, 'COS': 1077.0, 'ELP': 1783.0, 'MEM': 1588.0, 'MKE': 672.0, 'BHM': 1761.0, 'TUL': 2300.0, 'LIT': 1813.0, 'PNS': 1654.0, 'BTR': 2145.0, 'SHV': 1356.0, 'CLL': 909.0, 'MOB': 1644.0, 'LBB': 1159.0, 'GRK': 846.0, 'MAF': 2347.0, 'MLU': 845.0, 'JAC': 49.0, 'CAE': 365.0, 'JAN': 1689.0, 'CRW': 352.0, 'CRP': 1995.0, 'AEX': 1019.0, 'ECP': 805.0, 'XNA': 1276.0, 'VPS': 989.0, 'SDF': 1192.0, 'BRO': 1403.0, 'GSP': 575.0, 'AMA': 1072.0, 'LFT': 1839.0, 'DAY': 207.0, 'LEX': 372.0, 'GPT': 1081.0, 'CAK': 207.0, 'HSV': 1055.0, 'HOB': 677.0, 'MTJ': 189.0, 'LCH': 1006.0, 'LRD': 992.0, 'SGF': 688.0, 'HRL': 1330.0, 'AGS': 1.0, 'OAK': 192.0, 'RAP': 11.0, 'JFK': 1.0, 'STT': 8.0, 'ASE': 469.0, 'HDN': 147.0, 'EGE': 94.0, 'GUC': 89.0}"
ICT,"{'IAH': 1378.0, 'LAS': 481.0, 'PHX': 365.0, 'DEN': 968.0, 'SEA': 278.0, 'ORD': 2103.0, 'DFW': 2123.0, 'LAX': 20.0, 'MSP': 966.0, 'ATL': 1038.0, 'STL': 676.0, 'MHK': 1.0, 'DAY': 1.0, 'SFB': 26.0, 'AZA': 113.0, 'HYS': 1.0}"
IDA,"{'LAS': 106.0, 'DEN': 517.0, 'LAX': 24.0, 'MSP': 12.0, 'SLC': 1337.0, 'AZA': 145.0, 'OAK': 26.0}"
IFP,{'PHX': 45.0}
ILM,"{'IAD': 4.0, 'ORD': 88.0, 'DFW': 40.0, 'LGA': 911.0, 'DCA': 161.0, 'PHL': 484.0, 'ATL': 1796.0, 'CLT': 3101.0}"
IMT,"{'DTW': 301.0, 'MSP': 351.0}"
IND,"{'EWR': 2364.0, 'RDU': 406.0, 'IAD': 804.0, 'BOS': 1361.0, 'SFO': 868.0, 'IAH': 1520.0, 'LAS': 1230.0, 'PHX': 1300.0, 'DEN': 2193.0, 'SAN': 102.0, 'MCO': 1891.0, 'FLL': 754.0, 'RSW': 845.0, 'SEA': 545.0, 'DTW': 1897.0, 'MCI': 631.0, 'ORD': 4543.0, 'MSY': 72.0, 'DFW': 1706.0, 'LAX': 1268.0, 'JAX': 124.0, 'MIA': 1062.0, 'MSP': 1542.0, 'AUS': 205.0, 'LGA': 2591.0, 'TPA': 942.0, 'BWI': 987.0, 'DCA': 1943.0, 'CHS': 68.0, 'PHL': 1930.0, 'ATL': 4127.0, 'SRQ': 66.0, 'MYR': 44.0, 'SLC': 320.0, 'SAV': 63.0, 'CLT': 2819.0, 'VPS': 48.0, 'MDW': 621.0, 'SFB': 252.0, 'PIE': 339.0, 'PGD': 285.0, 'AZA': 28.0, 'OAK': 166.0, 'JFK': 1057.0, 'HOU': 548.0, 'DAL': 455.0}"
INL,{'MSP': 650.0}
ISN,"{'DEN': 663.0, 'MSP': 715.0}"
ISP,"{'MCO': 1559.0, 'FLL': 524.0, 'RSW': 117.0, 'DTW': 39.0, 'ORD': 169.0, 'MSY': 37.0, 'MIA': 93.0, 'MSP': 50.0, 'TPA': 705.0, 'BWI': 1625.0, 'SJU': 126.0, 'ATL': 72.0, 'PBI': 948.0, 'MYR': 87.0}"
ITH,"{'DTW': 983.0, 'CLT': 2.0}"
ITO,"{'LAX': 327.0, 'OGG': 730.0, 'HNL': 5173.0}"
JAC,"{'EWR': 111.0, 'SFO': 214.0, 'IAH': 49.0, 'PHX': 75.0, 'DEN': 1071.0, 'SEA': 36.0, 'ORD': 519.0, 'DFW': 527.0, 'LAX': 357.0, 'MSP': 110.0, 'ATL': 118.0, 'SLC': 1004.0, 'JFK': 15.0}"
JAN,"{'IAH': 1690.0, 'DEN': 23.0, 'MCO': 25.0, 'ORD': 110.0, 'DFW': 2040.0, 'DCA': 363.0, 'ATL': 2253.0, 'CLT': 1242.0}"
JAX,"{'EWR': 977.0, 'IAD': 683.0, 'BOS': 1553.0, 'SAT': 35.0, 'IAH': 1273.0, 'LAS': 105.0, 'CLE': 65.0, 'DEN': 815.0, 'MCO': 1.0, 'FLL': 1884.0, 'PIT': 124.0, 'DTW': 380.0, 'BNA': 979.0, 'MCI': 15.0, 'ORD': 1710.0, 'DFW': 1624.0, 'MIA': 1719.0, 'MSP': 269.0, 'CVG': 247.0, 'AUS': 77.0, 'LGA': 1081.0, 'IND': 124.0, 'TPA': 1.0, 'BWI': 1220.0, 'DCA': 1739.0, 'PHL': 1201.0, 'ORF': 18.0, 'ATL': 5285.0, 'STL': 49.0, 'BUF': 27.0, 'CLT': 2805.0, 'TTN': 114.0, 'MKE': 15.0, 'SDF': 20.0, 'MDW': 386.0, 'BLV': 65.0, 'LCK': 38.0, 'JFK': 2144.0, 'HOU': 403.0, 'DAL': 70.0}"
JFK,"{'RDU': 3437.0, 'IAD': 2082.0, 'BOS': 6165.0, 'SAT': 367.0, 'SFO': 7828.0, 'LAS': 4068.0, 'PHX': 2737.0, 'CLE': 2052.0, 'DEN': 1564.0, 'SMF': 345.0, 'SAN': 2371.0, 'MCO': 5057.0, 'FLL': 3881.0, 'PIT': 1406.0, 'RSW': 1168.0, 'SEA': 3232.0, 'DTW': 1455.0, 'BNA': 1484.0, 'RNO': 282.0, 'ORD': 2868.0, 'MSY': 1873.0, 'DFW': 1421.0, 'LAX': 12790.0, 'ONT': 118.0, 'JAX': 2145.0, 'SJC': 700.0, 'SNA': 65.0, 'PDX': 1284.0, 'MIA': 3593.0, 'MSP': 1418.0, 'CVG': 728.0, 'AUS': 2182.0, 'IND': 1055.0, 'TPA': 2679.0, 'BWI': 1608.0, 'DCA': 2901.0, 'CHS': 1668.0, 'PHL': 897.0, 'ROC': 2208.0, 'SJU': 2691.0, 'ORF': 1369.0, 'ATL': 3249.0, 'PBI': 1954.0, 'ABQ': 314.0, 'SRQ': 390.0, 'SLC': 1993.0, 'CMH': 1335.0, 'HNL': 383.0, 'SAV': 1447.0, 'BUR': 448.0, 'BUF': 3760.0, 'PSP': 216.0, 'BQN': 452.0, 'RIC': 988.0, 'PWM': 2044.0, 'BTV': 1748.0, 'CLT': 4021.0, 'JAC': 15.0, 'BGR': 464.0, 'SYR': 1838.0, 'OAK': 300.0, 'HOU': 365.0, 'STT': 174.0, 'DAB': 365.0, 'LGB': 711.0, 'EGE': 104.0, 'ORH': 244.0, 'PSE': 344.0, 'MVY': 200.0, 'ACK': 487.0, 'HYA': 89.0}"
JLN,{'DFW': 805.0}
JMS,"{'DEN': 362.0, 'DVL': 627.0}"
JNU,"{'SEA': 1403.0, 'ANC': 1121.0, 'KTN': 313.0, 'YAK': 361.0, 'SIT': 762.0, 'PSG': 363.0, 'GST': 84.0}"
KOA,"{'SFO': 1315.0, 'PHX': 339.0, 'DEN': 362.0, 'SMF': 5.0, 'SAN': 226.0, 'SEA': 969.0, 'DFW': 136.0, 'LAX': 1892.0, 'SJC': 236.0, 'PDX': 240.0, 'OGG': 1095.0, 'LIH': 492.0, 'HNL': 7292.0, 'ANC': 61.0, 'BLI': 26.0, 'OAK': 332.0}"
KTN,"{'SEA': 1390.0, 'JNU': 313.0, 'SIT': 365.0, 'WRG': 362.0}"
LAN,"{'DTW': 1446.0, 'ORD': 1223.0, 'MSP': 844.0}"
LAR,{'DEN': 625.0}
LAS,"{'EWR': 2579.0, 'RDU': 742.0, 'EUG': 118.0, 'IAD': 1073.0, 'BOS': 1594.0, 'SAT': 1686.0, 'SFO': 7883.0, 'IAH': 2997.0, 'PHX': 5454.0, 'CLE': 1108.0, 'DEN': 6861.0, 'SMF': 2786.0, 'SAN': 4906.0, 'MCO': 1362.0, 'FLL': 1100.0, 'PIT': 984.0, 'RSW': 13.0, 'SEA': 6567.0, 'DTW': 3256.0, 'BNA': 1336.0, 'RNO': 3490.0, 'MCI': 1752.0, 'ORD': 4640.0, 'MSY': 1098.0, 'MSN': 153.0, 'DFW': 4623.0, 'LAX': 11927.0, 'ONT': 1424.0, 'JAX': 104.0, 'SJC': 3405.0, 'SNA': 3564.0, 'PDX': 3119.0, 'GRR': 145.0, 'MIA': 1211.0, 'FSD': 212.0, 'MSP': 2776.0, 'CVG': 937.0, 'MFE': 289.0, 'AUS': 1676.0, 'IND': 1230.0, 'TPA': 1214.0, 'BWI': 2099.0, 'DCA': 354.0, 'PHL': 1922.0, 'ORF': 45.0, 'ATL': 4668.0, 'BDL': 235.0, 'ABQ': 1475.0, 'DSM': 593.0, 'SLC': 3712.0, 'FAT': 508.0, 'CMH': 1010.0, 'HNL': 933.0, 'BUR': 3338.0, 'OKC': 822.0, 'ALB': 27.0, 'STL': 1670.0, 'OMA': 1150.0, 'BUF': 559.0, 'ANC': 6.0, 'MFR': 115.0, 'TUS': 1194.0, 'GEG': 770.0, 'BIL': 113.0, 'BZN': 112.0, 'ICT': 481.0, 'BOI': 826.0, 'CLT': 1649.0, 'CID': 122.0, 'TYS': 110.0, 'COS': 397.0, 'ELP': 855.0, 'MEM': 346.0, 'MKE': 1175.0, 'BHM': 365.0, 'TUL': 478.0, 'LIT': 365.0, 'BIS': 159.0, 'SHV': 120.0, 'LBB': 393.0, 'MAF': 411.0, 'SBN': 106.0, 'XNA': 106.0, 'FAR': 164.0, 'SDF': 479.0, 'GSP': 33.0, 'AMA': 365.0, 'PIA': 132.0, 'LRD': 108.0, 'SGF': 120.0, 'MLI': 106.0, 'ATW': 106.0, 'MDW': 2970.0, 'BLV': 106.0, 'RFD': 106.0, 'AZA': 152.0, 'IDA': 106.0, 'MSO': 109.0, 'BLI': 773.0, 'SCK': 564.0, 'OAK': 4382.0, 'RAP': 112.0, 'MOT': 143.0, 'GRI': 113.0, 'GTF': 110.0, 'PSC': 129.0, 'FCA': 107.0, 'GFK': 110.0, 'SMX': 170.0, 'OGD': 1.0, 'MRY': 106.0, 'GJT': 107.0, 'JFK': 4066.0, 'HOU': 1646.0, 'CPR': 1.0, 'LGB': 2220.0, 'DAL': 1803.0}"
LAW,{'DFW': 1342.0}
LAX,"{'EWR': 5224.0, 'RDU': 1041.0, 'EUG': 847.0, 'IAD': 3836.0, 'BOS': 5687.0, 'SAT': 1482.0, 'SFO': 15143.0, 'IAH': 4775.0, 'LAS': 11948.0, 'PHX': 6736.0, 'CLE': 930.0, 'DEN': 8060.0, 'SMF': 4422.0, 'SAN': 3855.0, 'MCO': 3522.0, 'FLL': 1718.0, 'PIT': 683.0, 'SEA': 8900.0, 'DTW': 2603.0, 'BNA': 2340.0, 'RNO': 2335.0, 'MCI': 2005.0, 'ORD': 8375.0, 'MSY': 2585.0, 'MSN': 1.0, 'DFW': 7170.0, 'SJC': 5068.0, 'PDX': 4632.0, 'MIA': 2954.0, 'FSD': 20.0, 'MSP': 2916.0, 'CVG': 897.0, 'MFE': 21.0, 'AUS': 3910.0, 'IND': 1267.0, 'TPA': 788.0, 'BWI': 2078.0, 'DCA': 1459.0, 'PHL': 2873.0, 'SBA': 1416.0, 'ATL': 6616.0, 'BDL': 306.0, 'ABQ': 1293.0, 'DSM': 20.0, 'KOA': 1892.0, 'SLC': 5749.0, 'OGG': 3361.0, 'FAT': 2341.0, 'LIH': 2006.0, 'CMH': 689.0, 'HNL': 5969.0, 'OKC': 82.0, 'STL': 1721.0, 'OMA': 206.0, 'BUF': 308.0, 'PSP': 366.0, 'ANC': 472.0, 'MFR': 1051.0, 'ITO': 327.0, 'TUS': 2698.0, 'GEG': 11.0, 'BIL': 20.0, 'BZN': 362.0, 'ICT': 20.0, 'BOI': 948.0, 'CLT': 2176.0, 'CID': 20.0, 'COS': 811.0, 'ELP': 777.0, 'MEM': 392.0, 'MKE': 347.0, 'TUL': 109.0, 'LIT': 20.0, 'JAC': 357.0, 'XNA': 20.0, 'FAR': 20.0, 'SDF': 2.0, 'MTJ': 65.0, 'SGF': 119.0, 'MDW': 2056.0, 'IDA': 24.0, 'MSO': 120.0, 'BLI': 149.0, 'OAK': 5739.0, 'PVU': 109.0, 'PSC': 20.0, 'FCA': 125.0, 'OGD': 19.0, 'MRY': 1518.0, 'GJT': 20.0, 'JFK': 12791.0, 'HOU': 1653.0, 'DRO': 13.0, 'ASE': 1103.0, 'RDM': 632.0, 'HDN': 97.0, 'ACV': 208.0, 'SBP': 1382.0, 'SGU': 368.0, 'FLG': 18.0, 'EGE': 107.0, 'DAL': 2456.0, 'SUN': 25.0, 'MMH': 31.0, 'PRC': 112.0}"
LBB,"{'IAH': 1158.0, 'LAS': 393.0, 'PHX': 444.0, 'DEN': 207.0, 'DFW': 2121.0, 'AUS': 350.0, 'SAF': 1.0, 'HOU': 13.0, 'DAL': 1686.0}"
LBE,"{'MCO': 365.0, 'FLL': 327.0, 'RSW': 85.0, 'TPA': 62.0, 'MYR': 251.0}"
LBF,{'DEN': 569.0}
LBL,"{'DEN': 283.0, 'PUB': 278.0}"
LCH,"{'IAH': 1005.0, 'DFW': 935.0}"
LCK,"{'FLL': 125.0, 'MSY': 26.0, 'JAX': 38.0, 'AUS': 54.0, 'MYR': 148.0, 'SAV': 107.0, 'VPS': 57.0, 'SFB': 175.0, 'PIE': 194.0, 'PGD': 160.0}"
LEX,"{'EWR': 277.0, 'IAH': 366.0, 'FLL': 152.0, 'DTW': 1283.0, 'ORD': 1418.0, 'DFW': 828.0, 'MSP': 244.0, 'LGA': 302.0, 'DCA': 288.0, 'ATL': 2514.0, 'MYR': 36.0, 'SAV': 38.0, 'CLT': 1702.0, 'VPS': 22.0, 'SFB': 278.0, 'PIE': 151.0, 'PGD': 198.0}"
LFT,"{'IAH': 1839.0, 'DEN': 20.0, 'MCO': 21.0, 'DFW': 1404.0, 'ATL': 1276.0}"
LGA,"{'RDU': 4789.0, 'IAD': 1387.0, 'BOS': 10349.0, 'SAT': 4.0, 'IAH': 4314.0, 'PHX': 8.0, 'CLE': 4844.0, 'DEN': 3980.0, 'MCO': 3825.0, 'FLL': 5146.0, 'PIT': 4146.0, 'RSW': 1115.0, 'DTW': 5165.0, 'BNA': 4512.0, 'MCI': 1896.0, 'ORD': 15279.0, 'MSY': 1096.0, 'MSN': 696.0, 'DFW': 6231.0, 'JAX': 1081.0, 'GRR': 714.0, 'MIA': 6195.0, 'MSP': 3213.0, 'CVG': 2819.0, 'IND': 2594.0, 'TPA': 2093.0, 'DCA': 7225.0, 'CHS': 1057.0, 'PHL': 1030.0, 'ROC': 1492.0, 'ORF': 2718.0, 'ATL': 9608.0, 'PBI': 2674.0, 'SRQ': 346.0, 'DSM': 343.0, 'MYR': 797.0, 'CMH': 3773.0, 'SAV': 974.0, 'STL': 4185.0, 'OMA': 492.0, 'BUF': 1539.0, 'AVL': 16.0, 'RIC': 2937.0, 'PWM': 1813.0, 'BTV': 973.0, 'BZN': 11.0, 'CLT': 6089.0, 'TYS': 541.0, 'MEM': 1347.0, 'MKE': 2240.0, 'BHM': 528.0, 'GSO': 2142.0, 'CHA': 159.0, 'CAE': 309.0, 'SBN': 2.0, 'XNA': 886.0, 'SDF': 1787.0, 'GSP': 570.0, 'DAY': 1033.0, 'LEX': 301.0, 'CAK': 313.0, 'BGR': 1205.0, 'MHT': 591.0, 'MTJ': 15.0, 'SYR': 1245.0, 'MDW': 2162.0, 'AGS': 15.0, 'ROA': 338.0, 'ILM': 911.0, 'CHO': 986.0, 'HOU': 1002.0, 'TVC': 89.0, 'EGE': 2.0, 'DAL': 2543.0, 'MVY': 119.0, 'ACK': 129.0}"
LGB,"{'BOS': 447.0, 'SFO': 1428.0, 'LAS': 2219.0, 'PHX': 1218.0, 'DEN': 114.0, 'SMF': 1696.0, 'FLL': 365.0, 'SEA': 600.0, 'RNO': 377.0, 'SJC': 1223.0, 'PDX': 612.0, 'AUS': 459.0, 'SLC': 2540.0, 'HNL': 214.0, 'BZN': 6.0, 'OAK': 2560.0, 'JFK': 713.0, 'HDN': 5.0}"
LIH,"{'SFO': 687.0, 'PHX': 368.0, 'DEN': 361.0, 'SAN': 252.0, 'SEA': 976.0, 'DFW': 35.0, 'LAX': 2006.0, 'SJC': 288.0, 'PDX': 167.0, 'KOA': 492.0, 'OGG': 1427.0, 'HNL': 6811.0, 'OAK': 337.0}"
LIT,"{'IAH': 1814.0, 'LAS': 365.0, 'PHX': 289.0, 'DEN': 696.0, 'MCO': 14.0, 'DTW': 230.0, 'ORD': 1521.0, 'DFW': 2785.0, 'LAX': 20.0, 'DCA': 271.0, 'ATL': 2232.0, 'STL': 676.0, 'CLT': 1181.0, 'SFB': 107.0, 'DAL': 1031.0}"
LNK,"{'DEN': 369.0, 'ORD': 139.0, 'MSP': 1010.0, 'ATL': 262.0}"
LRD,"{'IAH': 991.0, 'LAS': 108.0, 'DFW': 1343.0}"
LSE,"{'ORD': 1146.0, 'MSP': 993.0}"
LWB,"{'IAD': 135.0, 'ORD': 271.0, 'SHD': 170.0}"
LWS,{'SLC': 717.0}
LYH,{'CLT': 1066.0}
MAF,"{'IAH': 2347.0, 'LAS': 411.0, 'PHX': 445.0, 'DEN': 819.0, 'DFW': 2108.0, 'HOU': 1024.0, 'DAL': 1614.0}"
MBS,"{'DTW': 1516.0, 'ORD': 1033.0, 'MSP': 296.0}"
MCI,"{'EWR': 1049.0, 'RDU': 387.0, 'IAD': 769.0, 'BOS': 987.0, 'SAT': 362.0, 'SFO': 1001.0, 'IAH': 1756.0, 'LAS': 1752.0, 'PHX': 2042.0, 'DEN': 4109.0, 'SAN': 1037.0, 'MCO': 1369.0, 'FLL': 495.0, 'RSW': 157.0, 'SEA': 1040.0, 'DTW': 1638.0, 'BNA': 1235.0, 'ORD': 3675.0, 'MSY': 401.0, 'DFW': 2384.0, 'LAX': 2005.0, 'JAX': 15.0, 'PDX': 395.0, 'MIA': 377.0, 'MSP': 2449.0, 'CVG': 494.0, 'AUS': 357.0, 'LGA': 1895.0, 'IND': 632.0, 'TPA': 519.0, 'BWI': 911.0, 'DCA': 1595.0, 'PHL': 1113.0, 'ATL': 4134.0, 'ABQ': 373.0, 'MYR': 20.0, 'SLC': 994.0, 'STL': 1298.0, 'CLT': 1378.0, 'MKE': 607.0, 'PNS': 48.0, 'VPS': 84.0, 'MDW': 2818.0, 'SFB': 82.0, 'PIE': 88.0, 'PGD': 105.0, 'AZA': 43.0, 'OAK': 411.0, 'HOU': 986.0, 'DAL': 2324.0}"
MCO,"{'EWR': 7123.0, 'RDU': 2094.0, 'IAD': 2056.0, 'BOS': 4034.0, 'SAT': 666.0, 'SFO': 1496.0, 'IAH': 3099.0, 'LAS': 1363.0, 'PHX': 1560.0, 'CLE': 1301.0, 'DEN': 3156.0, 'SMF': 240.0, 'SAN': 758.0, 'FLL': 2415.0, 'PIT': 1939.0, 'SEA': 1045.0, 'DTW': 3634.0, 'BNA': 1914.0, 'MCI': 1369.0, 'ORD': 4772.0, 'MSY': 1931.0, 'MSN': 75.0, 'DFW': 4098.0, 'LAX': 3523.0, 'ONT': 138.0, 'SJC': 237.0, 'PDX': 365.0, 'GRR': 361.0, 'MIA': 2886.0, 'MSP': 1928.0, 'CVG': 1167.0, 'AUS': 1227.0, 'LGA': 3828.0, 'IND': 1887.0, 'BWI': 4442.0, 'DCA': 3881.0, 'PHL': 5205.0, 'ROC': 395.0, 'SJU': 4529.0, 'ORF': 536.0, 'ATL': 9332.0, 'BDL': 2420.0, 'ABQ': 123.0, 'DSM': 124.0, 'MYR': 15.0, 'SLC': 1309.0, 'CMH': 1777.0, 'MDT': 61.0, 'OKC': 178.0, 'ALB': 1062.0, 'STL': 1941.0, 'OMA': 231.0, 'BUF': 1737.0, 'AVL': 54.0, 'BQN': 562.0, 'RIC': 962.0, 'PWM': 86.0, 'CLT': 3510.0, 'CID': 41.0, 'TYS': 55.0, 'COS': 245.0, 'PVD': 2251.0, 'TTN': 462.0, 'MEM': 620.0, 'ISP': 1560.0, 'MKE': 1402.0, 'BHM': 810.0, 'TUL': 85.0, 'LIT': 14.0, 'GSO': 54.0, 'JAN': 25.0, 'SDF': 469.0, 'GSP': 33.0, 'LFT': 21.0, 'CAK': 327.0, 'MHT': 757.0, 'HSV': 28.0, 'SYR': 419.0, 'FNT': 18.0, 'MDW': 2710.0, 'HPN': 1177.0, 'BMI': 39.0, 'SWF': 365.0, 'OAK': 180.0, 'PSM': 11.0, 'JFK': 5051.0, 'HOU': 1616.0, 'ACY': 730.0, 'LBE': 363.0, 'STT': 23.0, 'DAL': 1365.0, 'ORH': 365.0, 'PSE': 448.0}"
MDT,"{'RDU': 14.0, 'IAD': 136.0, 'DEN': 34.0, 'MCO': 61.0, 'DTW': 1072.0, 'ORD': 1803.0, 'ATL': 1021.0, 'MYR': 65.0, 'CLT': 1622.0, 'HPN': 1.0, 'SFB': 229.0, 'PIE': 140.0, 'PGD': 106.0}"
MDW,"{'EWR': 1963.0, 'RDU': 1191.0, 'BOS': 1588.0, 'SAT': 786.0, 'SFO': 810.0, 'LAS': 2997.0, 'PHX': 2576.0, 'CLE': 1765.0, 'DEN': 3116.0, 'SMF': 438.0, 'SAN': 1297.0, 'MCO': 2695.0, 'FLL': 1355.0, 'PIT': 1651.0, 'RSW': 1205.0, 'SEA': 1000.0, 'DTW': 2271.0, 'BNA': 2311.0, 'RNO': 218.0, 'MCI': 2809.0, 'MSY': 1136.0, 'LAX': 2039.0, 'ONT': 365.0, 'JAX': 386.0, 'SJC': 501.0, 'SNA': 96.0, 'PDX': 756.0, 'GRR': 1042.0, 'MSP': 4387.0, 'CVG': 1698.0, 'AUS': 1022.0, 'LGA': 2158.0, 'IND': 624.0, 'TPA': 1642.0, 'BWI': 2447.0, 'DCA': 2192.0, 'CHS': 654.0, 'PHL': 1991.0, 'SJU': 232.0, 'ORF': 669.0, 'ATL': 4151.0, 'PBI': 5.0, 'BDL': 943.0, 'ABQ': 697.0, 'SLC': 758.0, 'CMH': 1941.0, 'BUR': 54.0, 'OKC': 317.0, 'ALB': 724.0, 'STL': 2503.0, 'OMA': 1814.0, 'BUF': 1012.0, 'TUS': 370.0, 'GEG': 61.0, 'PWM': 22.0, 'BOI': 69.0, 'CLT': 820.0, 'PVD': 949.0, 'MEM': 692.0, 'BHM': 676.0, 'PNS': 58.0, 'ECP': 13.0, 'SDF': 1232.0, 'MHT': 892.0, 'FNT': 445.0, 'OAK': 1106.0, 'HOU': 2212.0, 'DAL': 2480.0}"
MEI,"{'ORD': 363.0, 'DFW': 365.0, 'PIB': 365.0}"
MEM,"{'EWR': 605.0, 'SAT': 27.0, 'IAH': 1588.0, 'LAS': 346.0, 'PHX': 711.0, 'DEN': 617.0, 'MCO': 620.0, 'FLL': 117.0, 'DTW': 657.0, 'ORD': 1886.0, 'DFW': 2301.0, 'LAX': 391.0, 'MIA': 450.0, 'MSP': 941.0, 'AUS': 54.0, 'LGA': 1346.0, 'TPA': 385.0, 'BWI': 476.0, 'DCA': 847.0, 'PHL': 858.0, 'ATL': 3443.0, 'CLT': 2195.0, 'VPS': 32.0, 'MDW': 692.0, 'SFB': 120.0, 'PIE': 99.0, 'AZA': 23.0, 'OAK': 26.0, 'HOU': 658.0, 'DAL': 527.0}"
MFE,"{'IAH': 1889.0, 'LAS': 289.0, 'DFW': 2337.0, 'LAX': 21.0, 'BRO': 1.0, 'SFB': 73.0}"
MFR,"{'SFO': 1626.0, 'LAS': 115.0, 'PHX': 363.0, 'DEN': 886.0, 'SEA': 200.0, 'LAX': 1050.0, 'SLC': 444.0, 'AZA': 26.0, 'ACV': 1.0}"
MGM,"{'DFW': 955.0, 'DCA': 169.0, 'ATL': 2300.0, 'CLT': 696.0}"
MHK,"{'ORD': 797.0, 'DFW': 1037.0}"
MHT,"{'EWR': 373.0, 'MCO': 767.0, 'FLL': 4.0, 'DTW': 586.0, 'ORD': 358.0, 'LGA': 591.0, 'TPA': 476.0, 'BWI': 2060.0, 'DCA': 1118.0, 'PHL': 1039.0, 'ATL': 357.0, 'CLT': 1106.0, 'MDW': 891.0}"
MIA,"{'EWR': 2839.0, 'RDU': 1139.0, 'IAD': 836.0, 'BOS': 2478.0, 'SAT': 345.0, 'SFO': 1802.0, 'IAH': 3163.0, 'LAS': 1211.0, 'PHX': 1099.0, 'CLE': 992.0, 'DEN': 1406.0, 'SAN': 463.0, 'MCO': 2885.0, 'PIT': 892.0, 'RSW': 36.0, 'SEA': 459.0, 'DTW': 1712.0, 'BNA': 1081.0, 'MCI': 378.0, 'ORD': 4355.0, 'MSY': 1459.0, 'DFW': 3685.0, 'LAX': 2954.0, 'JAX': 1719.0, 'GRR': 13.0, 'MSP': 1471.0, 'CVG': 830.0, 'AUS': 1011.0, 'LGA': 6191.0, 'IND': 1063.0, 'TPA': 2177.0, 'BWI': 1015.0, 'DCA': 3271.0, 'CHS': 1042.0, 'PHL': 2424.0, 'SJU': 2313.0, 'ORF': 926.0, 'ATL': 6564.0, 'BDL': 359.0, 'SLC': 85.0, 'CMH': 1037.0, 'SAV': 221.0, 'STL': 1013.0, 'OMA': 245.0, 'BUF': 64.0, 'RIC': 553.0, 'CLT': 2675.0, 'TYS': 25.0, 'PVD': 110.0, 'TTN': 42.0, 'MEM': 450.0, 'ISP': 92.0, 'MKE': 97.0, 'BHM': 719.0, 'TUL': 33.0, 'GSO': 371.0, 'PNS': 1089.0, 'SDF': 381.0, 'GSP': 26.0, 'EYW': 1482.0, 'JFK': 3599.0, 'TLH': 1285.0, 'GNV': 634.0, 'HOU': 13.0, 'STT': 730.0, 'EGE': 107.0, 'STX': 644.0}"
MKE,"{'EWR': 893.0, 'RDU': 95.0, 'BOS': 1094.0, 'SFO': 61.0, 'IAH': 671.0, 'LAS': 1181.0, 'PHX': 1559.0, 'CLE': 912.0, 'DEN': 2246.0, 'SAN': 122.0, 'MCO': 1400.0, 'FLL': 249.0, 'RSW': 471.0, 'SEA': 836.0, 'DTW': 2008.0, 'BNA': 699.0, 'MCI': 608.0, 'ORD': 1991.0, 'DFW': 1297.0, 'LAX': 347.0, 'JAX': 15.0, 'PDX': 73.0, 'MIA': 97.0, 'MSP': 1922.0, 'CVG': 266.0, 'AUS': 95.0, 'LGA': 2240.0, 'TPA': 571.0, 'BWI': 944.0, 'DCA': 677.0, 'PHL': 344.0, 'ATL': 3166.0, 'SLC': 313.0, 'STL': 661.0, 'CLT': 1736.0, 'ATW': 1.0, 'SFB': 74.0, 'PIE': 100.0, 'PGD': 72.0, 'AZA': 35.0, 'HOU': 299.0, 'DAL': 66.0}"
MKG,{'ORD': 720.0}
MLB,"{'ATL': 1547.0, 'CLT': 906.0}"
MLI,"{'LAS': 107.0, 'DEN': 236.0, 'DTW': 659.0, 'ORD': 1397.0, 'DFW': 725.0, 'MSP': 490.0, 'ATL': 1049.0, 'SFB': 97.0, 'PIE': 98.0, 'PGD': 92.0, 'AZA': 98.0}"
MLU,"{'IAH': 845.0, 'DFW': 928.0, 'ATL': 1309.0}"
MMH,"{'SFO': 105.0, 'DEN': 13.0, 'LAX': 31.0}"
MOB,"{'IAH': 1644.0, 'ORD': 247.0, 'DFW': 1011.0, 'ATL': 2387.0, 'CLT': 1277.0}"
MOT,"{'LAS': 144.0, 'DEN': 610.0, 'MSP': 1660.0, 'AZA': 145.0, 'JMS': 1.0}"
MQT,"{'DTW': 536.0, 'ORD': 456.0, 'MSP': 360.0}"
MRY,"{'SFO': 726.0, 'LAS': 106.0, 'PHX': 1180.0, 'DEN': 175.0, 'SAN': 206.0, 'LAX': 1518.0}"
MSN,"{'EWR': 703.0, 'RDU': 2.0, 'IAD': 2.0, 'BOS': 2.0, 'SFO': 208.0, 'IAH': 2.0, 'LAS': 153.0, 'PHX': 13.0, 'CLE': 2.0, 'DEN': 850.0, 'MCO': 75.0, 'SEA': 1.0, 'DTW': 1376.0, 'BNA': 2.0, 'ORD': 3305.0, 'DFW': 1027.0, 'LAX': 1.0, 'MSP': 1713.0, 'LGA': 696.0, 'DCA': 291.0, 'PHL': 556.0, 'ATL': 1168.0, 'SLC': 311.0, 'STL': 1.0, 'CLT': 723.0}"
MSO,"{'SFO': 130.0, 'LAS': 109.0, 'DEN': 806.0, 'SEA': 91.0, 'ORD': 149.0, 'DFW': 207.0, 'LAX': 120.0, 'MSP': 546.0, 'ATL': 13.0, 'SLC': 1084.0, 'BZN': 1.0, 'AZA': 133.0, 'OAK': 41.0}"
MSP,"{'EWR': 3313.0, 'RDU': 1198.0, 'IAD': 1448.0, 'BOS': 2837.0, 'SAT': 907.0, 'SFO': 2766.0, 'IAH': 3318.0, 'LAS': 2776.0, 'PHX': 4077.0, 'CLE': 1347.0, 'DEN': 5792.0, 'SMF': 625.0, 'SAN': 1355.0, 'MCO': 1929.0, 'FLL': 589.0, 'PIT': 1248.0, 'RSW': 1004.0, 'SEA': 3033.0, 'DTW': 3093.0, 'BNA': 1784.0, 'RNO': 22.0, 'MCI': 2449.0, 'ORD': 7502.0, 'MSY': 572.0, 'MSN': 1758.0, 'DFW': 4327.0, 'LAX': 2918.0, 'JAX': 269.0, 'DLH': 1619.0, 'SJC': 659.0, 'SNA': 972.0, 'PDX': 1590.0, 'GRR': 1608.0, 'MIA': 1471.0, 'FSD': 2072.0, 'CVG': 1708.0, 'AUS': 1024.0, 'LGA': 3212.0, 'IND': 1522.0, 'TPA': 1099.0, 'BWI': 1967.0, 'DCA': 2907.0, 'CHS': 27.0, 'PHL': 2475.0, 'ROC': 317.0, 'SJU': 2.0, 'ORF': 163.0, 'ATL': 4947.0, 'PBI': 39.0, 'BDL': 1216.0, 'ABQ': 205.0, 'DSM': 1666.0, 'MYR': 81.0, 'SLC': 1957.0, 'CMH': 1149.0, 'HNL': 230.0, 'SAV': 24.0, 'OKC': 727.0, 'ALB': 254.0, 'STL': 2414.0, 'OMA': 1759.0, 'BUF': 360.0, 'PSP': 130.0, 'ANC': 534.0, 'RIC': 539.0, 'TUS': 183.0, 'GEG': 854.0, 'BIL': 833.0, 'BZN': 856.0, 'ICT': 966.0, 'BOI': 737.0, 'CLT': 2604.0, 'CID': 1148.0, 'TYS': 358.0, 'COS': 76.0, 'PVD': 1.0, 'TTN': 95.0, 'MEM': 941.0, 'ISP': 50.0, 'MKE': 1922.0, 'TUL': 482.0, 'BIS': 2077.0, 'FWA': 343.0, 'JAC': 110.0, 'SBN': 660.0, 'XNA': 545.0, 'FAR': 2431.0, 'SDF': 601.0, 'DAY': 1016.0, 'CWA': 941.0, 'LEX': 244.0, 'PIA': 300.0, 'SYR': 246.0, 'HRL': 93.0, 'LAN': 843.0, 'FNT': 732.0, 'MLI': 490.0, 'RST': 1300.0, 'ATW': 1221.0, 'MDW': 4384.0, 'BMI': 292.0, 'GRB': 1302.0, 'IDA': 12.0, 'MSO': 546.0, 'OAK': 166.0, 'RAP': 1491.0, 'MOT': 1660.0, 'GTF': 374.0, 'PSC': 502.0, 'FCA': 410.0, 'GFK': 1892.0, 'JFK': 1419.0, 'AZO': 573.0, 'MQT': 360.0, 'TVC': 372.0, 'LSE': 993.0, 'ISN': 715.0, 'ASE': 27.0, 'HLN': 340.0, 'LNK': 1010.0, 'HDN': 92.0, 'ABR': 745.0, 'BJI': 740.0, 'BRD': 637.0, 'CIU': 363.0, 'HIB': 625.0, 'RHI': 726.0, 'IMT': 350.0, 'INL': 650.0, 'DAL': 9.0, 'MBS': 296.0, 'FAI': 102.0}"
MSY,"{'EWR': 1635.0, 'RDU': 258.0, 'IAD': 831.0, 'BOS': 1032.0, 'SAT': 517.0, 'SFO': 821.0, 'IAH': 3237.0, 'LAS': 1101.0, 'PHX': 521.0, 'CLE': 199.0, 'DEN': 1743.0, 'SMF': 81.0, 'SAN': 365.0, 'MCO': 1918.0, 'FLL': 1789.0, 'PIT': 107.0, 'SEA': 377.0, 'DTW': 1417.0, 'BNA': 1212.0, 'MCI': 401.0, 'ORD': 2001.0, 'DFW': 2763.0, 'LAX': 2584.0, 'SJC': 18.0, 'MIA': 1459.0, 'MSP': 572.0, 'CVG': 127.0, 'AUS': 853.0, 'LGA': 1097.0, 'IND': 72.0, 'TPA': 1504.0, 'BWI': 1471.0, 'DCA': 2142.0, 'PHL': 1076.0, 'ATL': 5533.0, 'SLC': 348.0, 'CMH': 190.0, 'STL': 718.0, 'CLT': 2425.0, 'PVD': 27.0, 'ISP': 37.0, 'MDW': 1132.0, 'SFB': 40.0, 'LCK': 26.0, 'USA': 96.0, 'PIE': 38.0, 'OAK': 357.0, 'JFK': 1873.0, 'HOU': 3198.0, 'ACY': 111.0, 'DAL': 2433.0}"
MTJ,"{'EWR': 34.0, 'SFO': 52.0, 'IAH': 189.0, 'PHX': 195.0, 'DEN': 302.0, 'ORD': 40.0, 'DFW': 530.0, 'LAX': 65.0, 'LGA': 15.0, 'ATL': 43.0, 'SLC': 14.0, 'CLT': 15.0}"
MVY,"{'BOS': 76.0, 'LGA': 119.0, 'DCA': 97.0, 'JFK': 200.0}"
MYR,"{'EWR': 673.0, 'BOS': 422.0, 'CLE': 236.0, 'DEN': 52.0, 'MCO': 15.0, 'FLL': 441.0, 'PIT': 292.0, 'DTW': 493.0, 'BNA': 42.0, 'MCI': 20.0, 'ORD': 289.0, 'DFW': 83.0, 'MSP': 81.0, 'CVG': 90.0, 'LGA': 797.0, 'IND': 44.0, 'BWI': 319.0, 'DCA': 288.0, 'PHL': 482.0, 'ATL': 1337.0, 'BDL': 270.0, 'CMH': 123.0, 'MDT': 65.0, 'CLT': 2915.0, 'PVD': 77.0, 'TTN': 95.0, 'ISP': 88.0, 'FWA': 20.0, 'CRW': 42.0, 'ABE': 87.0, 'SDF': 22.0, 'DAY': 26.0, 'LEX': 36.0, 'SYR': 46.0, 'FNT': 22.0, 'BLV': 36.0, 'LCK': 148.0, 'CKB': 32.0, 'PBG': 42.0, 'HTS': 60.0, 'IAG': 152.0, 'SWF': 63.0, 'PSM': 24.0, 'ACY': 365.0, 'LBE': 250.0}"
OAJ,"{'ATL': 1299.0, 'CLT': 1811.0}"
OAK,"{'EWR': 228.0, 'EUG': 127.0, 'BOS': 83.0, 'SAT': 177.0, 'IAH': 192.0, 'LAS': 4391.0, 'PHX': 3406.0, 'DEN': 1673.0, 'SAN': 3890.0, 'MCO': 180.0, 'SEA': 3553.0, 'DTW': 192.0, 'BNA': 365.0, 'RNO': 857.0, 'MCI': 411.0, 'ORD': 170.0, 'MSY': 357.0, 'DFW': 491.0, 'LAX': 5738.0, 'ONT': 2425.0, 'SNA': 2594.0, 'PDX': 2185.0, 'MSP': 166.0, 'AUS': 362.0, 'IND': 166.0, 'BWI': 581.0, 'ATL': 431.0, 'ABQ': 873.0, 'KOA': 332.0, 'SLC': 2178.0, 'OGG': 683.0, 'LIH': 337.0, 'CMH': 301.0, 'HNL': 572.0, 'BUR': 4201.0, 'STL': 334.0, 'TUS': 40.0, 'GEG': 753.0, 'BOI': 747.0, 'MEM': 26.0, 'MDW': 1109.0, 'AZA': 159.0, 'IDA': 26.0, 'MSO': 41.0, 'BLI': 206.0, 'PVU': 1.0, 'FCA': 24.0, 'JFK': 300.0, 'HOU': 789.0, 'LGB': 2582.0, 'DAL': 671.0}"
OGD,"{'LAS': 1.0, 'LAX': 19.0, 'AZA': 106.0}"
OGG,"{'SFO': 2352.0, 'PHX': 507.0, 'DEN': 365.0, 'SMF': 365.0, 'SAN': 595.0, 'SEA': 1413.0, 'ORD': 206.0, 'DFW': 523.0, 'LAX': 3362.0, 'SJC': 700.0, 'PDX': 991.0, 'KOA': 1095.0, 'SLC': 73.0, 'LIH': 1427.0, 'HNL': 9874.0, 'ANC': 71.0, 'ITO': 730.0, 'BLI': 86.0, 'OAK': 683.0}"
OGS,"{'SFB': 79.0, 'PIE': 58.0}"
OKC,"{'EWR': 260.0, 'IAD': 367.0, 'SAT': 42.0, 'SFO': 366.0, 'IAH': 2772.0, 'LAS': 820.0, 'PHX': 1012.0, 'DEN': 2757.0, 'SAN': 72.0, 'MCO': 179.0, 'FLL': 3.0, 'SEA': 23.0, 'DTW': 512.0, 'BNA': 22.0, 'ORD': 2183.0, 'DFW': 3123.0, 'LAX': 82.0, 'MSP': 727.0, 'BWI': 378.0, 'DCA': 58.0, 'PHL': 405.0, 'ATL': 1979.0, 'SLC': 700.0, 'STL': 679.0, 'CLT': 791.0, 'VPS': 106.0, 'MDW': 317.0, 'SFB': 92.0, 'HOU': 1319.0, 'ASE': 1.0, 'DAL': 1121.0}"
OMA,"{'EWR': 721.0, 'SAT': 35.0, 'SFO': 437.0, 'IAH': 1303.0, 'LAS': 1148.0, 'PHX': 1509.0, 'DEN': 2515.0, 'SAN': 364.0, 'MCO': 231.0, 'RSW': 41.0, 'SEA': 364.0, 'DTW': 441.0, 'ORD': 3255.0, 'DFW': 1385.0, 'LAX': 206.0, 'PDX': 116.0, 'MIA': 245.0, 'MSP': 1750.0, 'AUS': 62.0, 'LGA': 493.0, 'TPA': 14.0, 'DCA': 654.0, 'PHL': 557.0, 'ATL': 1732.0, 'SLC': 594.0, 'STL': 966.0, 'CLT': 991.0, 'MDW': 1805.0, 'SFB': 91.0, 'PIE': 87.0, 'PGD': 42.0, 'AZA': 93.0, 'HOU': 374.0, 'DAL': 399.0}"
OME,"{'ANC': 670.0, 'OTZ': 51.0}"
ONT,"{'SAT': 165.0, 'SFO': 1920.0, 'LAS': 1426.0, 'PHX': 4069.0, 'DEN': 1722.0, 'SMF': 2375.0, 'MCO': 140.0, 'SEA': 910.0, 'DFW': 1753.0, 'SJC': 1550.0, 'PDX': 853.0, 'AUS': 180.0, 'SLC': 946.0, 'MDW': 365.0, 'OAK': 2421.0, 'JFK': 118.0, 'LGB': 1.0, 'DAL': 365.0}"
ORD,"{'EWR': 5050.0, 'RDU': 2567.0, 'IAD': 1860.0, 'BOS': 7390.0, 'SAT': 1807.0, 'SFO': 7013.0, 'IAH': 5293.0, 'LAS': 4639.0, 'PHX': 5334.0, 'CLE': 4975.0, 'DEN': 6427.0, 'SMF': 1009.0, 'SAN': 3208.0, 'MCO': 4775.0, 'FLL': 3184.0, 'PIT': 3944.0, 'RSW': 2347.0, 'SEA': 5721.0, 'DTW': 6713.0, 'BNA': 5004.0, 'RNO': 338.0, 'MCI': 3622.0, 'MSY': 2087.0, 'MSN': 3305.0, 'DFW': 7531.0, 'LAX': 8384.0, 'JAX': 1712.0, 'DLH': 1179.0, 'SJC': 1275.0, 'SNA': 2467.0, 'PDX': 2762.0, 'GRR': 3940.0, 'MIA': 4352.0, 'FSD': 1376.0, 'MSP': 7491.0, 'CVG': 5494.0, 'AUS': 2543.0, 'LGA': 15281.0, 'IND': 4631.0, 'TPA': 2836.0, 'BWI': 3176.0, 'DCA': 8090.0, 'CHS': 1357.0, 'PHL': 4763.0, 'ROC': 2250.0, 'SJU': 738.0, 'ORF': 1674.0, 'ATL': 7619.0, 'PBI': 884.0, 'BDL': 2504.0, 'ABQ': 1020.0, 'SRQ': 465.0, 'DSM': 3364.0, 'MYR': 289.0, 'SLC': 3661.0, 'OGG': 206.0, 'FAT': 89.0, 'CMH': 4739.0, 'HNL': 378.0, 'MDT': 1803.0, 'SAV': 654.0, 'OKC': 2206.0, 'ALB': 2011.0, 'STL': 2721.0, 'OMA': 3337.0, 'BUF': 2955.0, 'PSP': 553.0, 'AVL': 1153.0, 'ANC': 555.0, 'RIC': 2397.0, 'TUS': 1180.0, 'GEG': 380.0, 'PWM': 931.0, 'BIL': 68.0, 'BTV': 1213.0, 'BZN': 702.0, 'ICT': 2162.0, 'BOI': 1005.0, 'CLT': 4889.0, 'CID': 2677.0, 'TYS': 1828.0, 'COS': 1800.0, 'PVD': 1105.0, 'ELP': 1223.0, 'TTN': 221.0, 'MEM': 2022.0, 'ISP': 169.0, 'MKE': 1996.0, 'BHM': 1755.0, 'TUL': 1620.0, 'LIT': 1525.0, 'GSO': 833.0, 'PNS': 509.0, 'BIS': 462.0, 'MOB': 246.0, 'CHA': 832.0, 'FWA': 2244.0, 'MHK': 795.0, 'JAC': 520.0, 'AVP': 556.0, 'CAE': 155.0, 'JAN': 112.0, 'CRW': 45.0, 'SBN': 1456.0, 'ABE': 365.0, 'XNA': 1806.0, 'FAR': 1476.0, 'SDF': 1980.0, 'BRO': 12.0, 'GSP': 1343.0, 'LFT': 1.0, 'DAY': 1975.0, 'CWA': 1263.0, 'LEX': 1418.0, 'PIA': 1279.0, 'CAK': 1062.0, 'BGR': 45.0, 'MHT': 357.0, 'HSV': 536.0, 'MTJ': 40.0, 'SGF': 1730.0, 'SYR': 2522.0, 'HRL': 12.0, 'LAN': 1223.0, 'FNT': 1301.0, 'MLI': 1393.0, 'RST': 1441.0, 'ATW': 995.0, 'EYW': 231.0, 'HPN': 826.0, 'AGS': 7.0, 'BMI': 925.0, 'GRB': 2221.0, 'CKB': 366.0, 'MSO': 149.0, 'OAK': 171.0, 'RAP': 502.0, 'TOL': 994.0, 'GTF': 76.0, 'EVV': 1036.0, 'FCA': 157.0, 'SPI': 1017.0, 'JFK': 2869.0, 'SUX': 798.0, 'ILM': 88.0, 'DBQ': 1009.0, 'CMI': 1678.0, 'COU': 1016.0, 'AZO': 974.0, 'CHO': 730.0, 'MQT': 456.0, 'TVC': 1868.0, 'ALO': 677.0, 'LSE': 1146.0, 'STT': 9.0, 'ASE': 956.0, 'LNK': 99.0, 'HDN': 134.0, 'MEI': 364.0, 'EGE': 223.0, 'SCE': 361.0, 'ERI': 7.0, 'SUN': 10.0, 'MBS': 1034.0, 'SHD': 77.0, 'LWB': 273.0, 'MKG': 721.0, 'CMX': 727.0, 'EAU': 720.0, 'PAH': 720.0, 'UIN': 625.0, 'CGI': 313.0, 'SLN': 230.0, 'FAI': 75.0}"
ORF,"{'EWR': 793.0, 'IAD': 1121.0, 'BOS': 331.0, 'IAH': 471.0, 'LAS': 45.0, 'PHX': 13.0, 'DEN': 293.0, 'MCO': 536.0, 'FLL': 106.0, 'DTW': 753.0, 'ORD': 1676.0, 'DFW': 784.0, 'JAX': 18.0, 'MIA': 926.0, 'MSP': 163.0, 'LGA': 2718.0, 'TPA': 13.0, 'BWI': 1650.0, 'DCA': 1111.0, 'PHL': 1281.0, 'ATL': 2901.0, 'CLT': 2841.0, 'MDW': 669.0, 'SFB': 107.0, 'PIE': 98.0, 'JFK': 1367.0}"
ORH,"{'MCO': 361.0, 'FLL': 360.0, 'JFK': 243.0}"
OTH,"{'SFO': 337.0, 'DEN': 34.0}"
OTZ,"{'ANC': 412.0, 'OME': 310.0}"
OWB,{'SFB': 111.0}
PAH,{'ORD': 719.0}
PBG,"{'IAD': 221.0, 'FLL': 367.0, 'MYR': 42.0, 'SFB': 189.0, 'PIE': 107.0, 'PGD': 26.0}"
PBI,"{'EWR': 3449.0, 'RDU': 20.0, 'BOS': 2172.0, 'IAH': 173.0, 'CLE': 20.0, 'PIT': 18.0, 'DTW': 369.0, 'ORD': 882.0, 'DFW': 806.0, 'MSP': 39.0, 'LGA': 2674.0, 'BWI': 1088.0, 'DCA': 1099.0, 'PHL': 1226.0, 'ATL': 4267.0, 'BDL': 370.0, 'CMH': 14.0, 'STL': 19.0, 'CLT': 1791.0, 'PVD': 5.0, 'TTN': 206.0, 'ISP': 948.0, 'MDW': 5.0, 'HPN': 1320.0, 'JFK': 1948.0, 'ACY': 155.0}"
PDX,"{'EWR': 1074.0, 'IAD': 305.0, 'BOS': 727.0, 'SFO': 6136.0, 'IAH': 822.0, 'LAS': 3115.0, 'PHX': 3168.0, 'CLE': 54.0, 'DEN': 3471.0, 'SMF': 1842.0, 'SAN': 2166.0, 'MCO': 365.0, 'SEA': 3512.0, 'DTW': 658.0, 'RNO': 244.0, 'MCI': 395.0, 'ORD': 2763.0, 'DFW': 1883.0, 'LAX': 4631.0, 'ONT': 853.0, 'SJC': 3155.0, 'SNA': 1361.0, 'MSP': 1612.0, 'AUS': 514.0, 'BWI': 145.0, 'DCA': 365.0, 'PHL': 158.0, 'SBA': 139.0, 'ATL': 1323.0, 'ABQ': 101.0, 'KOA': 239.0, 'SLC': 2814.0, 'OGG': 990.0, 'FAT': 382.0, 'LIH': 167.0, 'HNL': 777.0, 'BUR': 1004.0, 'STL': 435.0, 'OMA': 116.0, 'PSP': 390.0, 'ANC': 1108.0, 'TUS': 125.0, 'GEG': 20.0, 'BIL': 135.0, 'BZN': 57.0, 'BOI': 780.0, 'CLT': 444.0, 'MKE': 73.0, 'MDW': 756.0, 'BLI': 139.0, 'OAK': 2187.0, 'JFK': 1284.0, 'HOU': 121.0, 'STS': 66.0, 'LGB': 612.0, 'DAL': 801.0}"
PGD,"{'RDU': 109.0, 'CLE': 128.0, 'PIT': 201.0, 'BNA': 69.0, 'MCI': 105.0, 'GRR': 167.0, 'CVG': 382.0, 'IND': 285.0, 'ROC': 94.0, 'DSM': 129.0, 'MDT': 106.0, 'ALB': 7.0, 'OMA': 42.0, 'AVL': 176.0, 'CID': 109.0, 'TYS': 182.0, 'PVD': 98.0, 'TTN': 34.0, 'MKE': 72.0, 'FWA': 179.0, 'SBN': 166.0, 'ABE': 146.0, 'SDF': 137.0, 'GSP': 1.0, 'DAY': 114.0, 'LEX': 197.0, 'PIA': 157.0, 'SGF': 31.0, 'SYR': 14.0, 'FNT': 146.0, 'MLI': 91.0, 'ATW': 14.0, 'BLV': 147.0, 'LCK': 160.0, 'USA': 113.0, 'PBG': 26.0, 'HTS': 24.0, 'IAG': 190.0, 'RFD': 166.0, 'SWF': 102.0, 'TOL': 125.0, 'SPI': 118.0, 'PSM': 121.0, 'STC': 43.0}"
PGV,{'CLT': 896.0}
PHF,"{'PHL': 105.0, 'ATL': 1114.0, 'CLT': 1450.0}"
PHL,"{'RDU': 2890.0, 'IAD': 1021.0, 'BOS': 5935.0, 'SAT': 414.0, 'SFO': 2485.0, 'IAH': 2497.0, 'LAS': 1925.0, 'PHX': 2601.0, 'CLE': 927.0, 'DEN': 2668.0, 'SAN': 737.0, 'MCO': 5207.0, 'FLL': 2914.0, 'PIT': 2046.0, 'RSW': 1263.0, 'SEA': 1011.0, 'DTW': 3030.0, 'BNA': 2399.0, 'MCI': 1113.0, 'ORD': 4762.0, 'MSY': 1076.0, 'MSN': 557.0, 'DFW': 3627.0, 'LAX': 2874.0, 'JAX': 1201.0, 'PDX': 158.0, 'GRR': 418.0, 'MIA': 2426.0, 'MSP': 2471.0, 'CVG': 2777.0, 'AUS': 838.0, 'LGA': 1030.0, 'IND': 1928.0, 'TPA': 2568.0, 'BWI': 240.0, 'DCA': 1239.0, 'CHS': 835.0, 'ROC': 335.0, 'SJU': 1110.0, 'ORF': 1282.0, 'ATL': 6608.0, 'PBI': 1225.0, 'BDL': 1352.0, 'SRQ': 7.0, 'DSM': 481.0, 'MYR': 482.0, 'SLC': 504.0, 'CMH': 1624.0, 'SAV': 704.0, 'OKC': 406.0, 'ALB': 643.0, 'STL': 2410.0, 'OMA': 558.0, 'BUF': 634.0, 'RIC': 239.0, 'PWM': 926.0, 'BTV': 967.0, 'CLT': 3413.0, 'TYS': 828.0, 'PVD': 1870.0, 'MEM': 860.0, 'MKE': 343.0, 'BHM': 689.0, 'GSO': 570.0, 'PNS': 207.0, 'AVP': 32.0, 'CAE': 259.0, 'CRW': 296.0, 'ABE': 42.0, 'SDF': 703.0, 'GSP': 764.0, 'DAY': 1541.0, 'CAK': 706.0, 'BGR': 736.0, 'MHT': 1039.0, 'SYR': 492.0, 'PHF': 137.0, 'MDW': 1990.0, 'AGS': 7.0, 'JFK': 893.0, 'ILM': 484.0, 'HOU': 6.0, 'STT': 13.0, 'HVN': 1029.0, 'DAL': 366.0, 'ART': 26.0}"
PHX,"{'EWR': 2503.0, 'RDU': 343.0, 'EUG': 410.0, 'IAD': 367.0, 'BOS': 1830.0, 'SAT': 2569.0, 'SFO': 5169.0, 'IAH': 3019.0, 'LAS': 5452.0, 'CLE': 652.0, 'DEN': 7615.0, 'SMF': 3620.0, 'SAN': 5358.0, 'MCO': 1560.0, 'FLL': 382.0, 'PIT': 1045.0, 'RSW': 20.0, 'SEA': 5218.0, 'DTW': 2571.0, 'BNA': 1030.0, 'RNO': 2210.0, 'MCI': 2031.0, 'ORD': 5337.0, 'MSY': 523.0, 'MSN': 13.0, 'DFW': 4597.0, 'LAX': 6736.0, 'ONT': 4047.0, 'SJC': 3730.0, 'SNA': 4122.0, 'PDX': 3168.0, 'GRR': 27.0, 'MIA': 1095.0, 'FSD': 327.0, 'MSP': 4075.0, 'CVG': 244.0, 'AUS': 2878.0, 'LGA': 8.0, 'IND': 1296.0, 'TPA': 1290.0, 'BWI': 1712.0, 'DCA': 1057.0, 'PHL': 2600.0, 'SBA': 1567.0, 'ORF': 12.0, 'ATL': 3441.0, 'ABQ': 3657.0, 'DSM': 857.0, 'KOA': 339.0, 'SLC': 4665.0, 'OGG': 507.0, 'FAT': 1737.0, 'LIH': 368.0, 'CMH': 1072.0, 'HNL': 976.0, 'BUR': 3234.0, 'OKC': 1018.0, 'STL': 1947.0, 'OMA': 1508.0, 'BUF': 370.0, 'PSP': 1818.0, 'ANC': 172.0, 'MFR': 363.0, 'TUS': 2490.0, 'GEG': 1110.0, 'ICT': 365.0, 'BOI': 1535.0, 'CLT': 2901.0, 'COS': 362.0, 'ELP': 3065.0, 'MEM': 711.0, 'MKE': 1559.0, 'TUL': 614.0, 'LIT': 289.0, 'SAF': 334.0, 'LBB': 443.0, 'MAF': 445.0, 'JAC': 75.0, 'SDF': 374.0, 'AMA': 272.0, 'MTJ': 195.0, 'MDW': 2574.0, 'OAK': 3403.0, 'MRY': 1180.0, 'GJT': 725.0, 'JFK': 2737.0, 'ROW': 363.0, 'HOU': 1686.0, 'DRO': 687.0, 'ASE': 93.0, 'RDM': 364.0, 'SBP': 1305.0, 'STS': 374.0, 'BFL': 1034.0, 'SGU': 821.0, 'FLG': 1161.0, 'YUM': 1376.0, 'LGB': 1218.0, 'EGE': 90.0, 'DAL': 2103.0, 'IFP': 45.0}"
PIA,"{'LAS': 132.0, 'DTW': 599.0, 'ORD': 1279.0, 'DFW': 719.0, 'MSP': 300.0, 'ATL': 1031.0, 'CLT': 722.0, 'VPS': 36.0, 'SFB': 77.0, 'PIE': 140.0, 'PGD': 157.0, 'AZA': 156.0}"
PIB,{'MEI': 729.0}
PIE,"{'RDU': 97.0, 'CLE': 116.0, 'PIT': 196.0, 'BNA': 58.0, 'MCI': 88.0, 'MSY': 38.0, 'GRR': 276.0, 'FSD': 74.0, 'CVG': 388.0, 'AUS': 65.0, 'IND': 339.0, 'ORF': 98.0, 'DSM': 134.0, 'MDT': 140.0, 'ALB': 12.0, 'OMA': 87.0, 'AVL': 289.0, 'RIC': 112.0, 'CID': 125.0, 'TYS': 268.0, 'PVD': 86.0, 'TTN': 1.0, 'MEM': 99.0, 'MKE': 100.0, 'TUL': 24.0, 'GSO': 109.0, 'CHA': 113.0, 'FWA': 166.0, 'AVP': 1.0, 'SBN': 131.0, 'ABE': 161.0, 'SDF': 142.0, 'GSP': 127.0, 'DAY': 115.0, 'LEX': 150.0, 'PIA': 140.0, 'BGR': 165.0, 'SGF': 153.0, 'SYR': 189.0, 'FNT': 212.0, 'MLI': 98.0, 'ATW': 99.0, 'BMI': 109.0, 'BLV': 168.0, 'LCK': 194.0, 'USA': 262.0, 'PBG': 107.0, 'HTS': 172.0, 'ROA': 117.0, 'IAG': 138.0, 'RFD': 130.0, 'AZA': 45.0, 'SWF': 123.0, 'TOL': 117.0, 'OGS': 58.0, 'TRI': 27.0, 'ELM': 112.0, 'HGR': 26.0, 'YNG': 1.0}"
PIH,{'SLC': 1262.0}
PIT,"{'EWR': 2569.0, 'RDU': 212.0, 'IAD': 1434.0, 'BOS': 3602.0, 'SFO': 447.0, 'IAH': 1679.0, 'LAS': 985.0, 'PHX': 1045.0, 'CLE': 1.0, 'DEN': 1226.0, 'SAN': 41.0, 'MCO': 1937.0, 'FLL': 1172.0, 'RSW': 555.0, 'SEA': 117.0, 'DTW': 1590.0, 'BNA': 529.0, 'ORD': 3947.0, 'MSY': 107.0, 'DFW': 1638.0, 'LAX': 683.0, 'JAX': 124.0, 'MIA': 892.0, 'MSP': 1245.0, 'AUS': 65.0, 'LGA': 4149.0, 'TPA': 1008.0, 'BWI': 1029.0, 'DCA': 1003.0, 'CHS': 69.0, 'PHL': 2037.0, 'SJU': 3.0, 'ATL': 3483.0, 'PBI': 18.0, 'SRQ': 76.0, 'MYR': 292.0, 'SLC': 156.0, 'SAV': 107.0, 'STL': 404.0, 'CLT': 3057.0, 'VPS': 50.0, 'MDW': 1654.0, 'SFB': 123.0, 'PIE': 196.0, 'PGD': 201.0, 'JFK': 1405.0, 'HOU': 382.0, 'DAL': 369.0}"
PLN,"{'DTW': 768.0, 'APN': 259.0}"
PNS,"{'IAH': 1652.0, 'DEN': 131.0, 'BNA': 725.0, 'MCI': 48.0, 'ORD': 508.0, 'DFW': 1567.0, 'MIA': 1090.0, 'AUS': 9.0, 'DCA': 629.0, 'PHL': 207.0, 'ATL': 2733.0, 'STL': 9.0, 'CLT': 1605.0, 'CLL': 1.0, 'MDW': 58.0, 'HOU': 366.0, 'DAL': 48.0}"
PPG,{'HNL': 122.0}
PRC,"{'DEN': 124.0, 'LAX': 112.0}"
PSC,"{'SFO': 365.0, 'LAS': 129.0, 'DEN': 593.0, 'SEA': 524.0, 'LAX': 20.0, 'MSP': 502.0, 'SLC': 637.0, 'AZA': 116.0}"
PSE,"{'MCO': 448.0, 'JFK': 344.0}"
PSG,"{'JNU': 362.0, 'WRG': 362.0}"
PSM,"{'MCO': 11.0, 'MYR': 24.0, 'SFB': 146.0, 'PGD': 122.0}"
PSP,"{'EWR': 13.0, 'SFO': 2474.0, 'IAH': 361.0, 'PHX': 1817.0, 'DEN': 1421.0, 'SEA': 959.0, 'ORD': 554.0, 'DFW': 758.0, 'LAX': 365.0, 'PDX': 391.0, 'MSP': 130.0, 'ATL': 11.0, 'SLC': 983.0, 'BLI': 165.0, 'JFK': 217.0}"
PUB,"{'DEN': 624.0, 'LBL': 278.0}"
PVD,"{'EWR': 788.0, 'RDU': 95.0, 'IAD': 622.0, 'DEN': 179.0, 'MCO': 2254.0, 'FLL': 895.0, 'RSW': 157.0, 'DTW': 920.0, 'ORD': 1109.0, 'MSY': 27.0, 'MIA': 109.0, 'MSP': 1.0, 'CVG': 65.0, 'AUS': 34.0, 'TPA': 740.0, 'BWI': 2624.0, 'DCA': 2106.0, 'PHL': 1870.0, 'ATL': 1057.0, 'PBI': 5.0, 'MYR': 77.0, 'CLT': 1856.0, 'MDW': 959.0, 'PIE': 86.0, 'PGD': 98.0}"
PVU,"{'SAN': 1.0, 'LAX': 109.0, 'TUS': 14.0, 'AZA': 422.0, 'OAK': 1.0}"
PWM,"{'EWR': 1004.0, 'RDU': 56.0, 'IAD': 359.0, 'DEN': 60.0, 'MCO': 86.0, 'RSW': 14.0, 'DTW': 681.0, 'ORD': 945.0, 'LGA': 1813.0, 'TPA': 20.0, 'BWI': 1237.0, 'DCA': 1389.0, 'PHL': 926.0, 'ATL': 660.0, 'CLT': 820.0, 'MDW': 22.0, 'JFK': 2045.0}"
RAP,"{'EWR': 12.0, 'IAH': 11.0, 'LAS': 112.0, 'DEN': 708.0, 'ORD': 501.0, 'DFW': 718.0, 'MSP': 1489.0, 'ATL': 17.0, 'SLC': 468.0, 'CLT': 48.0, 'AZA': 163.0}"
RDD,{'SFO': 1169.0}
RDM,"{'SFO': 1608.0, 'PHX': 364.0, 'DEN': 437.0, 'SEA': 292.0, 'LAX': 631.0, 'SLC': 439.0, 'MFR': 2.0}"
RDU,"{'EWR': 3384.0, 'IAD': 1451.0, 'BOS': 3140.0, 'SAT': 83.0, 'SFO': 1011.0, 'IAH': 1555.0, 'LAS': 743.0, 'PHX': 343.0, 'CLE': 229.0, 'DEN': 1657.0, 'SAN': 40.0, 'MCO': 2095.0, 'FLL': 1387.0, 'PIT': 211.0, 'RSW': 13.0, 'SEA': 718.0, 'DTW': 1291.0, 'BNA': 1499.0, 'MCI': 387.0, 'ORD': 2565.0, 'MSY': 258.0, 'MSN': 3.0, 'DFW': 1973.0, 'LAX': 1041.0, 'MIA': 1139.0, 'MSP': 1179.0, 'CVG': 725.0, 'AUS': 419.0, 'LGA': 4789.0, 'IND': 426.0, 'TPA': 1462.0, 'BWI': 2732.0, 'DCA': 1416.0, 'PHL': 2888.0, 'SJU': 90.0, 'ATL': 5282.0, 'PBI': 20.0, 'BDL': 242.0, 'SLC': 327.0, 'CMH': 305.0, 'MDT': 14.0, 'STL': 654.0, 'BUF': 63.0, 'PWM': 56.0, 'CLT': 3168.0, 'PVD': 95.0, 'TTN': 140.0, 'MKE': 95.0, 'VPS': 25.0, 'SYR': 41.0, 'MDW': 1190.0, 'SFB': 99.0, 'PIE': 98.0, 'PGD': 109.0, 'JFK': 3592.0, 'HOU': 382.0, 'DAL': 385.0}"
RFD,"{'LAS': 106.0, 'SFB': 132.0, 'PIE': 130.0, 'PGD': 166.0, 'AZA': 139.0}"
RHI,{'MSP': 724.0}
RIC,"{'EWR': 1409.0, 'IAD': 242.0, 'BOS': 1730.0, 'IAH': 466.0, 'DEN': 549.0, 'MCO': 962.0, 'FLL': 1022.0, 'DTW': 790.0, 'BNA': 58.0, 'ORD': 2337.0, 'DFW': 883.0, 'MIA': 554.0, 'MSP': 539.0, 'LGA': 2938.0, 'PHL': 239.0, 'ATL': 4278.0, 'CLT': 3022.0, 'SFB': 105.0, 'PIE': 112.0, 'JFK': 988.0, 'CHO': 1.0}"
RKS,{'DEN': 680.0}
RNO,"{'SFO': 1490.0, 'IAH': 131.0, 'LAS': 3488.0, 'PHX': 2211.0, 'DEN': 1755.0, 'SAN': 780.0, 'SEA': 404.0, 'ORD': 338.0, 'DFW': 802.0, 'LAX': 2335.0, 'SJC': 751.0, 'PDX': 220.0, 'MSP': 22.0, 'AUS': 62.0, 'ATL': 24.0, 'SLC': 1504.0, 'BOI': 10.0, 'MDW': 218.0, 'OAK': 860.0, 'JFK': 282.0, 'LGB': 377.0, 'DAL': 48.0}"
ROA,"{'LGA': 338.0, 'ATL': 1642.0, 'CLT': 236.0, 'SFB': 130.0, 'PIE': 117.0}"
ROC,"{'EWR': 875.0, 'IAD': 281.0, 'BOS': 701.0, 'MCO': 395.0, 'RSW': 3.0, 'DTW': 1041.0, 'ORD': 2281.0, 'MSP': 318.0, 'LGA': 1492.0, 'TPA': 293.0, 'BWI': 1093.0, 'DCA': 544.0, 'PHL': 336.0, 'ATL': 1028.0, 'CLT': 1311.0, 'SFB': 94.0, 'PGD': 94.0, 'JFK': 2208.0}"
ROW,"{'PHX': 363.0, 'DFW': 1008.0}"
RST,"{'ORD': 1440.0, 'MSP': 1301.0, 'ATL': 516.0}"
RSW,"{'EWR': 2095.0, 'RDU': 13.0, 'BOS': 2428.0, 'IAH': 625.0, 'LAS': 13.0, 'PHX': 20.0, 'CLE': 649.0, 'DEN': 525.0, 'PIT': 555.0, 'DTW': 1959.0, 'BNA': 167.0, 'MCI': 157.0, 'ORD': 2347.0, 'DFW': 1060.0, 'GRR': 163.0, 'MIA': 34.0, 'MSP': 1005.0, 'CVG': 636.0, 'LGA': 1115.0, 'IND': 844.0, 'BWI': 1642.0, 'DCA': 964.0, 'PHL': 1264.0, 'ROC': 3.0, 'ATL': 3592.0, 'BDL': 645.0, 'SLC': 14.0, 'CMH': 755.0, 'ALB': 52.0, 'STL': 665.0, 'OMA': 41.0, 'BUF': 140.0, 'PWM': 14.0, 'CLT': 1766.0, 'COS': 41.0, 'PVD': 157.0, 'TTN': 141.0, 'ISP': 117.0, 'MKE': 472.0, 'CAK': 85.0, 'SYR': 20.0, 'FNT': 13.0, 'MDW': 1209.0, 'HPN': 365.0, 'JFK': 1167.0, 'ACY': 512.0, 'LBE': 85.0}"
SAF,"{'PHX': 334.0, 'DEN': 8.0, 'DFW': 1077.0}"
SAN,"{'EWR': 1678.0, 'RDU': 40.0, 'EUG': 26.0, 'IAD': 1017.0, 'BOS': 1190.0, 'SAT': 835.0, 'SFO': 8016.0, 'IAH': 2151.0, 'LAS': 4903.0, 'PHX': 5377.0, 'CLE': 40.0, 'DEN': 4294.0, 'SMF': 5000.0, 'MCO': 763.0, 'FLL': 309.0, 'PIT': 41.0, 'SEA': 3911.0, 'DTW': 1001.0, 'BNA': 612.0, 'RNO': 784.0, 'MCI': 1039.0, 'ORD': 3210.0, 'MSY': 365.0, 'DFW': 3267.0, 'LAX': 3856.0, 'SJC': 5359.0, 'PDX': 2164.0, 'MIA': 464.0, 'MSP': 1353.0, 'CVG': 115.0, 'AUS': 1448.0, 'IND': 102.0, 'TPA': 359.0, 'BWI': 1605.0, 'PHL': 736.0, 'ATL': 2330.0, 'ABQ': 704.0, 'KOA': 225.0, 'SLC': 2589.0, 'OGG': 594.0, 'FAT': 792.0, 'LIH': 252.0, 'HNL': 730.0, 'OKC': 72.0, 'STL': 1091.0, 'OMA': 364.0, 'TUS': 705.0, 'GEG': 96.0, 'BOI': 732.0, 'CLT': 1026.0, 'COS': 113.0, 'ELP': 80.0, 'MKE': 122.0, 'TUL': 54.0, 'MDW': 1297.0, 'BLI': 107.0, 'SCK': 78.0, 'OAK': 3893.0, 'PVU': 1.0, 'MRY': 206.0, 'JFK': 2372.0, 'HOU': 767.0, 'HDN': 44.0, 'STS': 207.0, 'DAL': 1626.0}"
SAT,"{'EWR': 446.0, 'RDU': 83.0, 'IAD': 846.0, 'SFO': 368.0, 'IAH': 2812.0, 'LAS': 1683.0, 'PHX': 2567.0, 'CLE': 27.0, 'DEN': 1886.0, 'SAN': 837.0, 'MCO': 665.0, 'FLL': 177.0, 'SEA': 365.0, 'DTW': 867.0, 'BNA': 693.0, 'MCI': 362.0, 'ORD': 1775.0, 'MSY': 518.0, 'DFW': 3803.0, 'LAX': 1480.0, 'ONT': 164.0, 'JAX': 35.0, 'SJC': 63.0, 'SNA': 74.0, 'MIA': 345.0, 'MSP': 892.0, 'CVG': 128.0, 'LGA': 4.0, 'TPA': 385.0, 'BWI': 853.0, 'PHL': 414.0, 'ATL': 3364.0, 'ABQ': 19.0, 'SLC': 706.0, 'CMH': 15.0, 'OKC': 42.0, 'STL': 701.0, 'OMA': 35.0, 'CLT': 1465.0, 'COS': 100.0, 'ELP': 863.0, 'MEM': 27.0, 'TUL': 35.0, 'MDW': 787.0, 'SFB': 79.0, 'OAK': 177.0, 'JFK': 368.0, 'HOU': 1824.0, 'DAL': 3351.0}"
SAV,"{'EWR': 1013.0, 'IAD': 469.0, 'BOS': 504.0, 'IAH': 565.0, 'CLE': 121.0, 'DEN': 71.0, 'PIT': 107.0, 'DTW': 274.0, 'BNA': 50.0, 'ORD': 684.0, 'DFW': 800.0, 'MIA': 220.0, 'MSP': 24.0, 'CVG': 184.0, 'LGA': 973.0, 'IND': 63.0, 'BWI': 117.0, 'DCA': 617.0, 'PHL': 704.0, 'ATL': 3490.0, 'CLT': 3101.0, 'SDF': 82.0, 'LEX': 38.0, 'LCK': 106.0, 'HTS': 1.0, 'JFK': 1447.0}"
SBA,"{'SFO': 2074.0, 'PHX': 1567.0, 'DEN': 1161.0, 'SEA': 364.0, 'DFW': 364.0, 'LAX': 1415.0, 'PDX': 139.0}"
SBN,"{'EWR': 389.0, 'LAS': 106.0, 'DTW': 1528.0, 'ORD': 1455.0, 'DFW': 418.0, 'MSP': 660.0, 'LGA': 2.0, 'ATL': 1410.0, 'CLT': 413.0, 'SFB': 160.0, 'PIE': 131.0, 'PGD': 166.0, 'AZA': 105.0}"
SBP,"{'SFO': 1387.0, 'PHX': 1305.0, 'DEN': 641.0, 'SEA': 127.0, 'LAX': 1380.0}"
SCC,"{'ANC': 208.0, 'BRW': 727.0}"
SCE,"{'DTW': 994.0, 'ORD': 361.0}"
SCK,"{'LAS': 564.0, 'SAN': 78.0, 'AZA': 105.0}"
SDF,"{'EWR': 766.0, 'IAD': 91.0, 'BOS': 1.0, 'SFO': 1.0, 'IAH': 1194.0, 'LAS': 479.0, 'PHX': 375.0, 'DEN': 499.0, 'MCO': 472.0, 'FLL': 139.0, 'DTW': 1076.0, 'ORD': 2231.0, 'DFW': 1895.0, 'LAX': 1.0, 'JAX': 20.0, 'MIA': 381.0, 'MSP': 602.0, 'AUS': 27.0, 'LGA': 1787.0, 'TPA': 407.0, 'BWI': 1163.0, 'DCA': 1130.0, 'PHL': 701.0, 'ATL': 2804.0, 'MYR': 22.0, 'SAV': 82.0, 'CLT': 2701.0, 'VPS': 76.0, 'MDW': 1228.0, 'SFB': 145.0, 'PIE': 142.0, 'PGD': 137.0, 'AZA': 38.0, 'TXK': 1.0, 'HOU': 90.0}"
SEA,"{'EWR': 2215.0, 'RDU': 717.0, 'EUG': 35.0, 'IAD': 1544.0, 'BOS': 2348.0, 'SAT': 365.0, 'SFO': 9187.0, 'IAH': 2509.0, 'LAS': 6566.0, 'PHX': 5218.0, 'CLE': 72.0, 'DEN': 6653.0, 'SMF': 3833.0, 'SAN': 3910.0, 'MCO': 1046.0, 'FLL': 569.0, 'PIT': 117.0, 'DTW': 2385.0, 'BNA': 880.0, 'RNO': 390.0, 'MCI': 1040.0, 'ORD': 5721.0, 'MSY': 377.0, 'MSN': 1.0, 'DFW': 4123.0, 'LAX': 8889.0, 'ONT': 909.0, 'SJC': 4175.0, 'SNA': 2767.0, 'PDX': 3868.0, 'MIA': 459.0, 'MSP': 3029.0, 'CVG': 225.0, 'AUS': 1144.0, 'IND': 545.0, 'TPA': 391.0, 'BWI': 905.0, 'DCA': 725.0, 'CHS': 248.0, 'PHL': 1011.0, 'SBA': 364.0, 'ATL': 3080.0, 'ABQ': 249.0, 'KOA': 969.0, 'SLC': 4148.0, 'OGG': 1413.0, 'FAT': 618.0, 'LIH': 976.0, 'HNL': 1851.0, 'BUR': 1216.0, 'OKC': 23.0, 'STL': 954.0, 'OMA': 364.0, 'PSP': 961.0, 'ANC': 6993.0, 'MFR': 207.0, 'TUS': 443.0, 'GEG': 2773.0, 'BIL': 137.0, 'BZN': 121.0, 'ICT': 278.0, 'BOI': 3063.0, 'CLT': 1086.0, 'COS': 54.0, 'MKE': 836.0, 'JAC': 36.0, 'MDW': 1000.0, 'MSO': 91.0, 'BLI': 370.0, 'OAK': 3555.0, 'GTF': 37.0, 'PSC': 523.0, 'JFK': 3234.0, 'HOU': 61.0, 'RDM': 270.0, 'SBP': 127.0, 'LGB': 599.0, 'DAL': 1092.0, 'FAI': 1812.0, 'KTN': 1390.0, 'JNU': 1307.0, 'SIT': 214.0}"
SFB,"{'RDU': 99.0, 'SAT': 79.0, 'CLE': 98.0, 'PIT': 124.0, 'MCI': 82.0, 'MSY': 39.0, 'GRR': 324.0, 'FSD': 89.0, 'CVG': 379.0, 'MFE': 73.0, 'AUS': 91.0, 'IND': 252.0, 'ROC': 94.0, 'SJU': 138.0, 'ORF': 107.0, 'DSM': 157.0, 'MDT': 228.0, 'OKC': 92.0, 'ALB': 9.0, 'OMA': 90.0, 'AVL': 254.0, 'RIC': 105.0, 'ICT': 26.0, 'CID': 127.0, 'TYS': 414.0, 'ELP': 22.0, 'TTN': 1.0, 'MEM': 120.0, 'MKE': 74.0, 'TUL': 150.0, 'LIT': 106.0, 'GSO': 106.0, 'BIS': 77.0, 'SHV': 26.0, 'CHA': 113.0, 'FWA': 124.0, 'AVP': 1.0, 'SBN': 160.0, 'ABE': 444.0, 'XNA': 137.0, 'FAR': 69.0, 'SDF': 145.0, 'GSP': 138.0, 'DAY': 84.0, 'LEX': 278.0, 'PIA': 77.0, 'GPT': 104.0, 'BGR': 200.0, 'SGF': 157.0, 'SYR': 75.0, 'FNT': 213.0, 'MLI': 97.0, 'ATW': 120.0, 'BMI': 114.0, 'BLV': 145.0, 'LCK': 174.0, 'CKB': 95.0, 'USA': 195.0, 'PBG': 188.0, 'HTS': 185.0, 'ROA': 130.0, 'IAG': 128.0, 'RFD': 132.0, 'SWF': 94.0, 'TOL': 117.0, 'OGS': 79.0, 'EVV': 122.0, 'GFK': 20.0, 'TRI': 126.0, 'SPI': 1.0, 'PSM': 144.0, 'ELM': 181.0, 'OWB': 110.0, 'HGR': 112.0, 'YNG': 1.0}"
SFO,"{'EWR': 5885.0, 'RDU': 1011.0, 'EUG': 1495.0, 'IAD': 3284.0, 'BOS': 5336.0, 'SAT': 369.0, 'IAH': 3295.0, 'LAS': 7880.0, 'PHX': 5167.0, 'CLE': 542.0, 'DEN': 6055.0, 'SMF': 1792.0, 'SAN': 7990.0, 'MCO': 1496.0, 'FLL': 1329.0, 'PIT': 449.0, 'SEA': 9178.0, 'DTW': 1778.0, 'BNA': 1007.0, 'RNO': 1490.0, 'MCI': 984.0, 'ORD': 7021.0, 'MSY': 823.0, 'MSN': 208.0, 'DFW': 4487.0, 'LAX': 15158.0, 'ONT': 1917.0, 'SNA': 3779.0, 'PDX': 6128.0, 'MIA': 1802.0, 'MSP': 2736.0, 'CVG': 656.0, 'AUS': 2389.0, 'IND': 867.0, 'TPA': 382.0, 'BWI': 979.0, 'DCA': 727.0, 'PHL': 2495.0, 'SBA': 2086.0, 'ATL': 3279.0, 'BDL': 90.0, 'ABQ': 1000.0, 'DSM': 70.0, 'KOA': 1315.0, 'SLC': 3806.0, 'OGG': 2352.0, 'FAT': 1418.0, 'LIH': 687.0, 'HNL': 2559.0, 'BUR': 3407.0, 'OKC': 365.0, 'STL': 1007.0, 'OMA': 435.0, 'PSP': 2475.0, 'ANC': 101.0, 'MFR': 1627.0, 'TUS': 952.0, 'GEG': 759.0, 'BZN': 405.0, 'BOI': 1792.0, 'CLT': 1853.0, 'MKE': 61.0, 'JAC': 215.0, 'XNA': 349.0, 'SDF': 2.0, 'MTJ': 52.0, 'MDW': 810.0, 'MSO': 130.0, 'PSC': 365.0, 'FCA': 101.0, 'MRY': 726.0, 'JFK': 7825.0, 'ASE': 348.0, 'RDM': 1607.0, 'HDN': 14.0, 'ACV': 1270.0, 'SBP': 1386.0, 'OTH': 337.0, 'RDD': 1169.0, 'STS': 856.0, 'BFL': 584.0, 'LGB': 1408.0, 'EGE': 32.0, 'DAL': 1718.0, 'SUN': 173.0, 'MMH': 105.0}"
SGF,"{'IAH': 688.0, 'LAS': 121.0, 'DEN': 610.0, 'ORD': 1736.0, 'DFW': 2489.0, 'LAX': 119.0, 'ATL': 1380.0, 'CLT': 909.0, 'VPS': 83.0, 'SFB': 157.0, 'PIE': 153.0, 'PGD': 31.0, 'AZA': 143.0}"
SGU,"{'PHX': 821.0, 'DEN': 706.0, 'LAX': 368.0, 'SLC': 1336.0, 'AZA': 16.0}"
SHD,"{'IAD': 402.0, 'ORD': 77.0, 'LWB': 183.0}"
SHV,"{'IAH': 1356.0, 'LAS': 121.0, 'DEN': 364.0, 'DFW': 1969.0, 'ATL': 2130.0, 'CLT': 728.0, 'SFB': 26.0}"
SIT,"{'SEA': 312.0, 'ANC': 1.0, 'KTN': 365.0, 'JNU': 663.0}"
SJC,"{'EWR': 612.0, 'BOS': 286.0, 'SAT': 64.0, 'IAH': 365.0, 'LAS': 3404.0, 'PHX': 3706.0, 'DEN': 2377.0, 'SAN': 5385.0, 'MCO': 237.0, 'SEA': 4164.0, 'DTW': 38.0, 'RNO': 751.0, 'MCI': 15.0, 'ORD': 1278.0, 'MSY': 18.0, 'DFW': 1423.0, 'LAX': 5068.0, 'ONT': 1551.0, 'SNA': 4313.0, 'PDX': 3185.0, 'MSP': 665.0, 'CVG': 95.0, 'AUS': 1292.0, 'BWI': 361.0, 'ATL': 1100.0, 'ABQ': 53.0, 'KOA': 237.0, 'SLC': 2180.0, 'OGG': 699.0, 'LIH': 287.0, 'HNL': 615.0, 'BUR': 3541.0, 'STL': 268.0, 'TUS': 419.0, 'GEG': 268.0, 'BOI': 400.0, 'CLT': 179.0, 'TUL': 63.0, 'MDW': 501.0, 'JFK': 700.0, 'HOU': 268.0, 'LGB': 1224.0, 'DAL': 970.0}"
SJT,{'DFW': 1433.0}
SJU,"{'EWR': 1206.0, 'RDU': 91.0, 'IAD': 233.0, 'BOS': 886.0, 'IAH': 526.0, 'MCO': 4527.0, 'FLL': 3244.0, 'PIT': 3.0, 'ORD': 737.0, 'DFW': 597.0, 'MIA': 2314.0, 'MSP': 2.0, 'CVG': 3.0, 'TPA': 1032.0, 'BWI': 681.0, 'DCA': 365.0, 'PHL': 1112.0, 'ATL': 1367.0, 'BDL': 510.0, 'CLT': 724.0, 'ISP': 127.0, 'MDW': 232.0, 'SFB': 139.0, 'JFK': 2689.0, 'HOU': 148.0, 'STT': 684.0, 'STX': 365.0}"
SLC,"{'EWR': 776.0, 'RDU': 327.0, 'EUG': 97.0, 'IAD': 297.0, 'BOS': 1158.0, 'SAT': 705.0, 'SFO': 3503.0, 'IAH': 2563.0, 'LAS': 3714.0, 'PHX': 4667.0, 'CLE': 150.0, 'DEN': 7614.0, 'SMF': 1787.0, 'SAN': 2592.0, 'MCO': 1310.0, 'FLL': 737.0, 'PIT': 156.0, 'RSW': 14.0, 'SEA': 4151.0, 'DTW': 1476.0, 'BNA': 359.0, 'RNO': 1502.0, 'MCI': 994.0, 'ORD': 3658.0, 'MSY': 348.0, 'MSN': 311.0, 'DFW': 3713.0, 'LAX': 5751.0, 'ONT': 946.0, 'SJC': 2176.0, 'SNA': 1729.0, 'PDX': 2810.0, 'MIA': 85.0, 'MSP': 1957.0, 'CVG': 536.0, 'AUS': 924.0, 'IND': 320.0, 'TPA': 264.0, 'BWI': 977.0, 'DCA': 364.0, 'PHL': 503.0, 'ATL': 3060.0, 'ABQ': 506.0, 'DSM': 333.0, 'OGG': 73.0, 'FAT': 1030.0, 'HNL': 360.0, 'BUR': 1218.0, 'OKC': 701.0, 'STL': 792.0, 'OMA': 594.0, 'PSP': 983.0, 'ANC': 58.0, 'MFR': 449.0, 'TUS': 896.0, 'GEG': 1344.0, 'BIL': 1064.0, 'BZN': 949.0, 'BOI': 2182.0, 'CLT': 749.0, 'COS': 659.0, 'ELP': 74.0, 'MKE': 312.0, 'TUL': 425.0, 'JAC': 1004.0, 'MTJ': 14.0, 'MDW': 759.0, 'IDA': 1337.0, 'MSO': 1084.0, 'OAK': 2176.0, 'RAP': 467.0, 'GTF': 964.0, 'PSC': 638.0, 'FCA': 950.0, 'GJT': 1049.0, 'JFK': 1993.0, 'HOU': 98.0, 'ASE': 740.0, 'HLN': 925.0, 'RDM': 461.0, 'COD': 357.0, 'LWS': 717.0, 'PIH': 1262.0, 'CPR': 707.0, 'BTM': 677.0, 'CDC': 623.0, 'EKO': 647.0, 'SGU': 1336.0, 'TWF': 1172.0, 'LGB': 2540.0, 'EGE': 14.0, 'DAL': 378.0, 'SUN': 894.0, 'WYS': 239.0}"
SLN,"{'ORD': 230.0, 'HYS': 455.0}"
SMF,"{'EWR': 218.0, 'IAD': 302.0, 'BOS': 117.0, 'SFO': 1791.0, 'IAH': 683.0, 'LAS': 2784.0, 'PHX': 3596.0, 'DEN': 3011.0, 'SAN': 4886.0, 'MCO': 241.0, 'SEA': 3888.0, 'ORD': 1009.0, 'MSY': 81.0, 'DFW': 1644.0, 'LAX': 4424.0, 'ONT': 2395.0, 'SNA': 2298.0, 'PDX': 1901.0, 'MSP': 625.0, 'AUS': 264.0, 'BWI': 352.0, 'ATL': 983.0, 'KOA': 5.0, 'SLC': 1787.0, 'OGG': 365.0, 'HNL': 365.0, 'BUR': 2832.0, 'STL': 268.0, 'GEG': 377.0, 'BOI': 392.0, 'CLT': 368.0, 'MDW': 438.0, 'JFK': 345.0, 'HOU': 6.0, 'LGB': 1696.0, 'DAL': 373.0}"
SMX,{'LAS': 170.0}
SNA,"{'EWR': 903.0, 'SAT': 74.0, 'SFO': 3757.0, 'IAH': 1671.0, 'LAS': 3561.0, 'PHX': 4117.0, 'DEN': 3593.0, 'SMF': 2297.0, 'SEA': 2769.0, 'DTW': 279.0, 'ORD': 2472.0, 'DFW': 3027.0, 'SJC': 4328.0, 'PDX': 1359.0, 'MSP': 972.0, 'AUS': 68.0, 'ATL': 1154.0, 'ABQ': 34.0, 'SLC': 1729.0, 'MDW': 96.0, 'OAK': 2595.0, 'JFK': 65.0, 'HOU': 433.0, 'DAL': 286.0}"
SPI,"{'ORD': 1016.0, 'DFW': 676.0, 'SFB': 1.0, 'PGD': 118.0}"
SPN,{'GUM': 257.0}
SPS,{'DFW': 1058.0}
SRQ,"{'EWR': 477.0, 'BOS': 293.0, 'CLE': 7.0, 'PIT': 76.0, 'DTW': 32.0, 'ORD': 465.0, 'DFW': 13.0, 'CVG': 79.0, 'LGA': 346.0, 'IND': 66.0, 'DCA': 378.0, 'PHL': 7.0, 'ATL': 2283.0, 'CLT': 1429.0, 'JFK': 390.0}"
STC,"{'PGD': 43.0, 'AZA': 102.0}"
STL,"{'EWR': 1828.0, 'RDU': 655.0, 'IAD': 37.0, 'BOS': 1072.0, 'SAT': 700.0, 'SFO': 1004.0, 'IAH': 1770.0, 'LAS': 1670.0, 'PHX': 1947.0, 'CLE': 685.0, 'DEN': 2667.0, 'SMF': 268.0, 'SAN': 1092.0, 'MCO': 1935.0, 'FLL': 761.0, 'PIT': 404.0, 'RSW': 665.0, 'SEA': 954.0, 'DTW': 1141.0, 'BNA': 964.0, 'MCI': 1299.0, 'ORD': 2602.0, 'MSY': 718.0, 'MSN': 1.0, 'DFW': 2487.0, 'LAX': 1720.0, 'JAX': 49.0, 'SJC': 268.0, 'PDX': 435.0, 'MIA': 1014.0, 'MSP': 2417.0, 'CVG': 237.0, 'AUS': 674.0, 'LGA': 4184.0, 'TPA': 827.0, 'BWI': 1402.0, 'DCA': 1881.0, 'CHS': 87.0, 'PHL': 2407.0, 'ATL': 4111.0, 'PBI': 19.0, 'BDL': 147.0, 'DSM': 679.0, 'SLC': 793.0, 'CMH': 674.0, 'OKC': 682.0, 'OMA': 964.0, 'ICT': 676.0, 'CLT': 2034.0, 'MKE': 662.0, 'TUL': 674.0, 'LIT': 676.0, 'PNS': 9.0, 'ECP': 174.0, 'MDW': 2502.0, 'OAK': 335.0, 'HOU': 1374.0, 'DAL': 2084.0}"
STS,"{'SFO': 856.0, 'PHX': 375.0, 'SAN': 207.0, 'PDX': 66.0}"
STT,"{'EWR': 42.0, 'IAD': 105.0, 'IAH': 8.0, 'MCO': 23.0, 'FLL': 305.0, 'ORD': 9.0, 'MIA': 730.0, 'PHL': 13.0, 'SJU': 684.0, 'ATL': 390.0, 'CLT': 50.0, 'JFK': 174.0}"
STX,"{'MIA': 644.0, 'SJU': 365.0, 'ATL': 81.0, 'CLT': 35.0}"
SUN,"{'SFO': 173.0, 'DEN': 172.0, 'ORD': 10.0, 'LAX': 25.0, 'SLC': 894.0}"
SUX,"{'ORD': 798.0, 'DFW': 391.0}"
SWF,"{'MCO': 365.0, 'FLL': 365.0, 'DTW': 677.0, 'PBI': 1.0, 'MYR': 63.0, 'SFB': 94.0, 'PIE': 123.0, 'PGD': 103.0}"
SWO,{'DFW': 797.0}
SYR,"{'EWR': 668.0, 'RDU': 41.0, 'IAD': 422.0, 'BOS': 582.0, 'DEN': 46.0, 'MCO': 419.0, 'FLL': 262.0, 'RSW': 20.0, 'DTW': 1175.0, 'BNA': 26.0, 'ORD': 2517.0, 'MSP': 246.0, 'LGA': 1245.0, 'TPA': 21.0, 'DCA': 1177.0, 'PHL': 493.0, 'ATL': 1027.0, 'MYR': 46.0, 'CLT': 1269.0, 'SFB': 75.0, 'PIE': 189.0, 'PGD': 14.0, 'JFK': 1838.0}"
TLH,"{'DFW': 709.0, 'MIA': 1286.0, 'DCA': 316.0, 'ATL': 2306.0, 'CLT': 1505.0}"
TOL,"{'ORD': 993.0, 'CLT': 727.0, 'SFB': 117.0, 'PIE': 118.0, 'PGD': 125.0}"
TPA,"{'EWR': 2880.0, 'RDU': 1455.0, 'IAD': 1091.0, 'BOS': 2491.0, 'SAT': 385.0, 'SFO': 381.0, 'IAH': 2032.0, 'LAS': 1215.0, 'PHX': 1293.0, 'CLE': 554.0, 'DEN': 2165.0, 'SAN': 359.0, 'MCO': 1.0, 'FLL': 2288.0, 'PIT': 1008.0, 'SEA': 390.0, 'DTW': 2212.0, 'BNA': 1392.0, 'MCI': 519.0, 'ORD': 2835.0, 'MSY': 1497.0, 'DFW': 2568.0, 'LAX': 788.0, 'GRR': 97.0, 'MIA': 2176.0, 'MSP': 1100.0, 'CVG': 538.0, 'AUS': 460.0, 'LGA': 2093.0, 'IND': 942.0, 'BWI': 2963.0, 'DCA': 2408.0, 'PHL': 2572.0, 'ROC': 293.0, 'SJU': 1034.0, 'ORF': 13.0, 'ATL': 7022.0, 'BDL': 1298.0, 'SLC': 265.0, 'CMH': 963.0, 'ALB': 392.0, 'STL': 829.0, 'OMA': 14.0, 'BUF': 738.0, 'AVL': 37.0, 'PWM': 20.0, 'CLT': 3164.0, 'COS': 56.0, 'PVD': 740.0, 'TTN': 185.0, 'MEM': 385.0, 'ISP': 710.0, 'MKE': 571.0, 'BHM': 670.0, 'GSO': 37.0, 'SDF': 407.0, 'GSP': 14.0, 'CAK': 62.0, 'MHT': 476.0, 'SYR': 21.0, 'FNT': 13.0, 'MDW': 1642.0, 'HPN': 365.0, 'JFK': 2678.0, 'HOU': 1050.0, 'ACY': 365.0, 'LBE': 62.0, 'DAL': 787.0}"
TRI,"{'ATL': 2170.0, 'AVL': 1.0, 'CLT': 738.0, 'SFB': 126.0, 'PIE': 27.0}"
TTN,"{'RDU': 140.0, 'MCO': 462.0, 'FLL': 27.0, 'RSW': 140.0, 'DTW': 126.0, 'BNA': 114.0, 'ORD': 221.0, 'JAX': 114.0, 'MIA': 42.0, 'MSP': 95.0, 'TPA': 184.0, 'CHS': 119.0, 'ATL': 303.0, 'PBI': 205.0, 'MYR': 95.0, 'CLT': 180.0, 'SFB': 1.0, 'PIE': 1.0, 'PGD': 34.0}"
TUL,"{'IAD': 63.0, 'SAT': 35.0, 'IAH': 2302.0, 'LAS': 478.0, 'PHX': 613.0, 'DEN': 1940.0, 'SAN': 54.0, 'MCO': 85.0, 'DTW': 225.0, 'ORD': 1605.0, 'DFW': 2910.0, 'LAX': 110.0, 'SJC': 63.0, 'MIA': 33.0, 'MSP': 482.0, 'BWI': 26.0, 'ATL': 1609.0, 'SLC': 424.0, 'OKC': 1.0, 'STL': 672.0, 'CLT': 717.0, 'SFB': 151.0, 'PIE': 24.0, 'HOU': 992.0, 'DAL': 1311.0}"
TUS,"{'SFO': 952.0, 'IAH': 1027.0, 'LAS': 1192.0, 'PHX': 2489.0, 'DEN': 2275.0, 'SAN': 704.0, 'SEA': 442.0, 'ORD': 1182.0, 'DFW': 2237.0, 'LAX': 2697.0, 'SJC': 419.0, 'PDX': 125.0, 'MSP': 183.0, 'ATL': 683.0, 'SLC': 896.0, 'CLT': 278.0, 'MDW': 370.0, 'BLI': 14.0, 'OAK': 40.0, 'PVU': 14.0, 'HOU': 4.0}"
TVC,"{'EWR': 86.0, 'DEN': 11.0, 'DTW': 1386.0, 'ORD': 1868.0, 'DFW': 75.0, 'MSP': 374.0, 'LGA': 89.0, 'ATL': 36.0}"
TWF,"{'SFO': 18.0, 'DEN': 19.0, 'ORD': 3.0, 'LAX': 5.0, 'SLC': 1224.0, 'SUN': 2.0}"
TXK,{'DFW': 1227.0}
TYR,{'DFW': 1442.0}
TYS,"{'EWR': 650.0, 'IAD': 162.0, 'IAH': 1057.0, 'LAS': 110.0, 'DEN': 194.0, 'MCO': 55.0, 'FLL': 250.0, 'DTW': 1456.0, 'ORD': 1836.0, 'DFW': 1372.0, 'MIA': 24.0, 'MSP': 358.0, 'LGA': 543.0, 'BWI': 24.0, 'DCA': 848.0, 'PHL': 853.0, 'ATL': 2932.0, 'CLT': 2354.0, 'VPS': 32.0, 'GSP': 1.0, 'SFB': 415.0, 'PIE': 268.0, 'PGD': 182.0}"
UIN,"{'ORD': 625.0, 'CGI': 312.0}"
USA,"{'FLL': 307.0, 'MSY': 96.0, 'VPS': 24.0, 'SFB': 196.0, 'PIE': 263.0, 'PGD': 113.0}"
VEL,{'DEN': 320.0}
VLD,{'ATL': 1039.0}
VPS,"{'EWR': 71.0, 'RDU': 25.0, 'IAH': 989.0, 'CLE': 28.0, 'PIT': 50.0, 'BNA': 51.0, 'MCI': 84.0, 'DFW': 1531.0, 'CVG': 212.0, 'AUS': 54.0, 'IND': 48.0, 'BWI': 58.0, 'DCA': 260.0, 'ATL': 2242.0, 'OKC': 106.0, 'CLT': 1386.0, 'TYS': 32.0, 'MEM': 32.0, 'XNA': 30.0, 'SDF': 76.0, 'LEX': 22.0, 'PIA': 36.0, 'SGF': 83.0, 'BLV': 220.0, 'LCK': 56.0, 'USA': 24.0, 'EVV': 24.0}"
WRG,"{'KTN': 362.0, 'PSG': 362.0}"
WYS,{'SLC': 239.0}
XNA,"{'EWR': 325.0, 'SFO': 349.0, 'IAH': 1280.0, 'LAS': 106.0, 'DEN': 294.0, 'ORD': 1896.0, 'DFW': 3094.0, 'LAX': 20.0, 'MSP': 544.0, 'CVG': 148.0, 'LGA': 886.0, 'DCA': 320.0, 'ATL': 1940.0, 'CLT': 1201.0, 'VPS': 30.0, 'SFB': 137.0, 'TXK': 1.0}"
YAK,"{'CDV': 361.0, 'JNU': 361.0}"
YNG,"{'SFB': 1.0, 'PIE': 1.0}"
YUM,{'PHX': 1376.0}
