origin,destination,count
ABE,FLL,73
ABE,DTW,924
ABE,ORD,365
ABE,PHL,42
ABE,ATL,969
ABE,MYR,87
ABE,MDT,1
ABE,CLT,955
ABE,SFB,444
ABE,PIE,162
ABE,PGD,146
ABI,DFW,2022
ABQ,SAT,19
ABQ,SFO,1003
ABQ,IAH,1312
ABQ,LAS,1473
ABQ,PHX,3657
ABQ,DEN,2769
ABQ,SAN,705
ABQ,MCO,123
ABQ,SEA,248
ABQ,MCI,373
ABQ,ORD,1019
ABQ,DFW,2755
ABQ,LAX,1295
ABQ,SJC,48
ABQ,SNA,34
ABQ,PDX,101
ABQ,MSP,205
ABQ,AUS,387
ABQ,BWI,555
ABQ,ATL,851
ABQ,SLC,505
ABQ,MDW,697
ABQ,OAK,870
ABQ,JFK,314
ABQ,HOU,1041
ABQ,DAL,1688
ABR,MSP,745
ABY,ATL,1018
ACK,BOS,172
ACK,LGA,129
ACK,DCA,173
ACK,CLT,11
ACK,JFK,487
ACT,DFW,1593
ACV,SFO,1270
ACV,LAX,208
ACY,MCO,729
ACY,FLL,860
ACY,RSW,512
ACY,MSY,111
ACY,TPA,365
ACY,ATL,192
ACY,PBI,154
ACY,MYR,365
ADK,ANC,104
ADQ,ANC,636
AEX,IAH,1020
AEX,DFW,1060
AEX,ATL,1323
AGS,ORD,7
AGS,DFW,9
AGS,LGA,16
AGS,DCA,15
AGS,PHL,7
AGS,ATL,2673
AGS,CLT,1817
AKN,ANC,63
ALB,EWR,102
ALB,IAD,69
ALB,LAS,27
ALB,DEN,363
ALB,MCO,1063
ALB,FLL,617
ALB,RSW,52
ALB,DTW,876
ALB,ORD,2011
ALB,MSP,255
ALB,TPA,392
ALB,BWI,1910
ALB,DCA,1187
ALB,PHL,642
ALB,ATL,1021
ALB,CLT,1018
ALB,MDW,727
ALB,SFB,9
ALB,PIE,12
ALB,PGD,7
ALO,ORD,677
AMA,IAH,1072
AMA,LAS,365
AMA,PHX,271
AMA,DEN,17
AMA,DFW,2289
AMA,DAL,1352
ANC,EWR,14
ANC,SFO,101
ANC,IAH,75
ANC,LAS,7
ANC,PHX,172
ANC,DEN,459
ANC,SEA,6802
ANC,ORD,555
ANC,DFW,119
ANC,LAX,476
ANC,PDX,1109
ANC,MSP,534
ANC,ATL,116
ANC,KOA,61
ANC,SLC,58
ANC,OGG,73
ANC,HNL,365
ANC,SCC,727
ANC,FAI,2103
ANC,BET,837
ANC,ADQ,636
ANC,CDV,361
ANC,JNU,1318
ANC,OME,411
ANC,OTZ,671
ANC,ADK,104
ANC,DLG,84
ANC,AKN,63
APN,DTW,362
APN,PLN,259
APN,MBS,1
ART,PHL,25
ASE,SFO,342
ASE,IAH,468
ASE,PHX,93
ASE,DEN,2364
ASE,ORD,955
ASE,DFW,648
ASE,LAX,1113
ASE,MSP,27
ASE,ATL,104
ASE,SLC,740
ATL,EWR,6481
ATL,RDU,5284
ATL,IAD,4372
ATL,BOS,6936
ATL,SAT,3364
ATL,SFO,3278
ATL,IAH,5290
ATL,LAS,4667
ATL,PHX,3438
ATL,CLE,3578
ATL,DEN,5607
ATL,SMF,984
ATL,SAN,2331
ATL,MCO,9334
ATL,FLL,8611
ATL,PIT,3484
ATL,RSW,3593
ATL,SEA,3078
ATL,DTW,5677
ATL,BNA,4140
ATL,RNO,24
ATL,MCI,4134
ATL,ORD,7642
ATL,MSY,5509
ATL,MSN,1168
ATL,DFW,7000
ATL,LAX,6616
ATL,JAX,5285
ATL,SJC,1101
ATL,SNA,1154
ATL,PDX,1321
ATL,GRR,1681
ATL,MIA,6564
ATL,FSD,310
ATL,MSP,4946
ATL,CVG,2806
ATL,AUS,3787
ATL,LGA,9610
ATL,IND,4133
ATL,TPA,7021
ATL,BWI,6886
ATL,DCA,7123
ATL,CHS,3556
ATL,PHL,6564
ATL,ROC,1028
ATL,SJU,1367
ATL,ORF,2900
ATL,PBI,4266
ATL,BDL,2297
ATL,ABQ,851
ATL,SRQ,2284
ATL,DSM,1043
ATL,MYR,1337
ATL,SLC,3062
ATL,CMH,3773
ATL,HNL,365
ATL,MDT,1021
ATL,SAV,3489
ATL,OKC,1978
ATL,ALB,1021
ATL,STL,4109
ATL,OMA,1731
ATL,BUF,1650
ATL,PSP,11
ATL,AVL,2390
ATL,ANC,116
ATL,RIC,4278
ATL,TUS,683
ATL,PWM,660
ATL,BTV,399
ATL,BZN,106
ATL,ICT,1038
ATL,CLT,6352
ATL,CID,896
ATL,TYS,2931
ATL,COS,402
ATL,PVD,1057
ATL,ELP,861
ATL,TTN,303
ATL,MEM,3443
ATL,ISP,72
ATL,MKE,3166
ATL,BHM,3403
ATL,TUL,1609
ATL,LIT,2232
ATL,GSO,2722
ATL,PNS,2732
ATL,BTR,2279
ATL,SHV,2130
ATL,MOB,2387
ATL,GRK,21
ATL,CHA,3250
ATL,MLU,1309
ATL,FSM,682
ATL,FWA,1406
ATL,JAC,118
ATL,AVP,352
ATL,CAE,2664
ATL,JAN,2253
ATL,CRW,1602
ATL,SBN,1410
ATL,AEX,1323
ATL,ECP,2000
ATL,ABE,969
ATL,XNA,1939
ATL,VPS,2242
ATL,FAR,23
ATL,SDF,2802
ATL,GSP,3775
ATL,LFT,1276
ATL,DAY,1380
ATL,LEX,2514
ATL,PIA,1031
ATL,GPT,1432
ATL,CAK,1026
ATL,MHT,357
ATL,HSV,2539
ATL,MTJ,43
ATL,SGF,1380
ATL,SYR,1027
ATL,FNT,1019
ATL,MLI,1049
ATL,RST,516
ATL,PHF,1114
ATL,ATW,666
ATL,MDW,4159
ATL,EYW,1667
ATL,OAJ,1299
ATL,HPN,2128
ATL,AGS,2669
ATL,BMI,1008
ATL,GRB,518
ATL,ROA,1642
ATL,MSO,13
ATL,OAK,431
ATL,RAP,17
ATL,EVV,1054
ATL,FCA,12
ATL,TRI,2170
ATL,ELM,11
ATL,JFK,3249
ATL,ILM,1796
ATL,TLH,2306
ATL,GNV,2389
ATL,CHO,1665
ATL,HOU,4128
ATL,TVC,36
ATL,MGM,2300
ATL,FAY,1695
ATL,ACY,192
ATL,STT,390
ATL,MLB,1546
ATL,EWN,712
ATL,DAB,1755
ATL,ASE,104
ATL,LNK,262
ATL,HDN,98
ATL,EGE,107
ATL,DAL,3463
ATL,GTR,1021
ATL,DHN,1374
ATL,STX,81
ATL,VLD,1039
ATL,CSG,1277
ATL,BQK,1038
ATL,ABY,1018
ATW,LAS,106
ATW,DTW,868
ATW,ORD,995
ATW,MSP,1221
ATW,ATL,666
ATW,SFB,120
ATW,PIE,99
ATW,PGD,14
ATW,AZA,99
AUS,EWR,1853
AUS,RDU,400
AUS,IAD,1215
AUS,BOS,1051
AUS,SFO,2381
AUS,IAH,3114
AUS,LAS,1674
AUS,PHX,2878
AUS,CLE,128
AUS,DEN,3618
AUS,SMF,264
AUS,SAN,1450
AUS,MCO,1232
AUS,FLL,949
AUS,PIT,65
AUS,SEA,1146
AUS,DTW,1073
AUS,BNA,867
AUS,RNO,62
AUS,MCI,357
AUS,ORD,2545
AUS,MSY,854
AUS,DFW,3910
AUS,LAX,3909
AUS,ONT,180
AUS,JAX,77
AUS,SJC,1289
AUS,SNA,68
AUS,PDX,515
AUS,MIA,1011
AUS,MSP,1024
AUS,CVG,415
AUS,IND,205
AUS,TPA,460
AUS,BWI,718
AUS,DCA,365
AUS,CHS,63
AUS,PHL,838
AUS,ATL,3787
AUS,ABQ,387
AUS,SLC,925
AUS,CMH,110
AUS,STL,667
AUS,OMA,63
AUS,BUF,73
AUS,CLT,1639
AUS,PVD,34
AUS,ELP,902
AUS,MEM,54
AUS,MKE,95
AUS,PNS,9
AUS,LBB,350
AUS,ECP,31
AUS,VPS,54
AUS,SDF,27
AUS,HRL,348
AUS,MDW,1022
AUS,SFB,93
AUS,LCK,52
AUS,PIE,66
AUS,OAK,362
AUS,JFK,2182
AUS,HOU,1839
AUS,LGB,459
AUS,DAL,3409
AVL,EWR,447
AVL,DEN,33
AVL,MCO,54
AVL,FLL,512
AVL,ORD,1152
AVL,DFW,11
AVL,LGA,16
AVL,TPA,37
AVL,BWI,81
AVL,ATL,2389
AVL,CLT,2245
AVL,SFB,253
AVL,PIE,288
AVL,PGD,176
AVP,EWR,372
AVP,DTW,868
AVP,ORD,556
AVP,PHL,32
AVP,ATL,352
AVP,CLT,1174
AVP,SFB,1
AVP,PIE,1
AZA,EUG,121
AZA,LAS,153
AZA,MCI,43
AZA,GRR,137
AZA,FSD,246
AZA,CVG,109
AZA,IND,27
AZA,DSM,146
AZA,OMA,93
AZA,MFR,26
AZA,BIL,146
AZA,BZN,118
AZA,ICT,111
AZA,BOI,105
AZA,CID,196
AZA,MEM,23
AZA,MKE,35
AZA,BIS,164
AZA,FWA,73
AZA,SBN,105
AZA,FAR,215
AZA,SDF,38
AZA,PIA,155
AZA,SGF,143
AZA,MLI,98
AZA,ATW,99
AZA,BLV,65
AZA,PIE,45
AZA,RFD,139
AZA,IDA,145
AZA,MSO,133
AZA,BLI,162
AZA,SCK,105
AZA,OAK,159
AZA,RAP,163
AZA,MOT,145
AZA,GRI,108
AZA,GTF,113
AZA,PVU,420
AZA,PSC,116
AZA,GFK,84
AZA,OGD,106
AZA,STC,102
AZA,SGU,16
AZO,DTW,1259
AZO,ORD,974
AZO,MSP,572
BDL,EWR,333
BDL,RDU,243
BDL,IAD,1367
BDL,SFO,90
BDL,IAH,106
BDL,LAS,235
BDL,CLE,266
BDL,DEN,756
BDL,MCO,2423
BDL,FLL,1635
BDL,RSW,645
BDL,DTW,1321
BDL,ORD,2506
BDL,DFW,668
BDL,LAX,305
BDL,MIA,359
BDL,MSP,1216
BDL,CVG,230
BDL,TPA,1296
BDL,BWI,2367
BDL,DCA,1938
BDL,PHL,1353
BDL,SJU,510
BDL,ATL,2297
BDL,PBI,371
BDL,MYR,270
BDL,STL,147
BDL,CLT,2119
BDL,MDW,944
BET,ANC,837
BFF,DEN,573
BFL,SFO,584
BFL,PHX,1034
BFL,DEN,706
BGM,DTW,920
BGR,EWR,703
BGR,ORD,45
BGR,LGA,1204
BGR,DCA,419
BGR,PHL,737
BGR,CLT,150
BGR,SFB,201
BGR,PIE,165
BGR,JFK,466
BHM,IAH,1759
BHM,LAS,365
BHM,DEN,241
BHM,MCO,822
BHM,FLL,3
BHM,DTW,249
BHM,ORD,1708
BHM,DFW,1880
BHM,MIA,721
BHM,LGA,528
BHM,TPA,672
BHM,BWI,404
BHM,DCA,579
BHM,PHL,689
BHM,ATL,3403
BHM,CLT,2203
BHM,MDW,674
BHM,PGD,1
BHM,HOU,681
BHM,DAL,715
BIL,LAS,113
BIL,DEN,1269
BIL,SEA,146
BIL,ORD,68
BIL,DFW,365
BIL,LAX,20
BIL,PDX,126
BIL,MSP,833
BIL,SLC,1064
BIL,AZA,147
BIL,COD,1
BIS,LAS,159
BIS,DEN,464
BIS,ORD,344
BIS,DFW,380
BIS,MSP,2077
BIS,SFB,77
BIS,AZA,164
BIS,MOT,1
BIS,GFK,1
BJI,MSP,740
BKG,DEN,71
BLI,LAS,773
BLI,DEN,28
BLI,SAN,107
BLI,SEA,509
BLI,LAX,149
BLI,KOA,27
BLI,OGG,85
BLI,PSP,165
BLI,TUS,14
BLI,AZA,162
BLI,OAK,206
BLV,LAS,106
BLV,FLL,66
BLV,JAX,65
BLV,MYR,36
BLV,VPS,220
BLV,SFB,145
BLV,PIE,169
BLV,PGD,147
BLV,AZA,65
BMI,DEN,21
BMI,MCO,39
BMI,ORD,925
BMI,DFW,664
BMI,MSP,293
BMI,ATL,1008
BMI,SFB,114
BMI,PIE,109
BNA,EWR,1640
BNA,RDU,1513
BNA,IAD,974
BNA,BOS,2427
BNA,SAT,692
BNA,SFO,1005
BNA,IAH,1864
BNA,LAS,1336
BNA,PHX,1041
BNA,CLE,906
BNA,DEN,2923
BNA,SAN,609
BNA,MCO,1912
BNA,FLL,1607
BNA,PIT,529
BNA,RSW,167
BNA,SEA,880
BNA,DTW,2525
BNA,MCI,1245
BNA,ORD,4740
BNA,MSY,1222
BNA,MSN,2
BNA,DFW,2755
BNA,LAX,2343
BNA,JAX,979
BNA,MIA,1081
BNA,MSP,1754
BNA,CVG,229
BNA,AUS,869
BNA,LGA,4514
BNA,TPA,1397
BNA,BWI,2083
BNA,DCA,2590
BNA,CHS,449
BNA,PHL,2432
BNA,ATL,4125
BNA,MYR,43
BNA,SLC,359
BNA,CMH,701
BNA,SAV,50
BNA,OKC,22
BNA,STL,964
BNA,RIC,58
BNA,CLT,3167
BNA,TTN,114
BNA,MKE,699
BNA,PNS,725
BNA,ECP,805
BNA,VPS,51
BNA,SYR,26
BNA,MDW,2294
BNA,PIE,58
BNA,PGD,69
BNA,OAK,365
BNA,JFK,1482
BNA,HOU,1385
BNA,DAL,1467
BOI,SFO,1793
BOI,IAH,365
BOI,LAS,825
BOI,PHX,1534
BOI,DEN,2409
BOI,SMF,393
BOI,SAN,731
BOI,SEA,3205
BOI,ORD,1002
BOI,DFW,448
BOI,LAX,950
BOI,SJC,400
BOI,PDX,636
BOI,MSP,737
BOI,SLC,2204
BOI,GEG,627
BOI,MDW,69
BOI,AZA,105
BOI,OAK,749
BOI,DAL,9
BOS,EWR,5401
BOS,RDU,3141
BOS,IAD,2441
BOS,SFO,5338
BOS,IAH,1572
BOS,LAS,1596
BOS,PHX,1829
BOS,CLE,2109
BOS,DEN,3132
BOS,SMF,117
BOS,SAN,1190
BOS,MCO,4034
BOS,FLL,3074
BOS,PIT,3600
BOS,RSW,2428
BOS,SEA,2348
BOS,DTW,3732
BOS,BNA,2422
BOS,MCI,989
BOS,ORD,7399
BOS,MSY,1033
BOS,MSN,3
BOS,DFW,3150
BOS,LAX,5690
BOS,JAX,1552
BOS,SJC,286
BOS,PDX,726
BOS,MIA,2472
BOS,MSP,2834
BOS,CVG,1218
BOS,AUS,1050
BOS,LGA,10351
BOS,IND,1361
BOS,TPA,2491
BOS,BWI,5836
BOS,DCA,8199
BOS,CHS,865
BOS,PHL,5949
BOS,ROC,701
BOS,SJU,884
BOS,ORF,332
BOS,ATL,6938
BOS,PBI,2172
BOS,SRQ,293
BOS,MYR,422
BOS,SLC,1159
BOS,CMH,1401
BOS,SAV,504
BOS,BUR,109
BOS,STL,1074
BOS,BUF,2231
BOS,RIC,1730
BOS,CLT,3904
BOS,MKE,1096
BOS,SDF,1
BOS,SYR,582
BOS,MDW,1590
BOS,OAK,83
BOS,JFK,6171
BOS,HOU,791
BOS,HDN,5
BOS,LGB,447
BOS,DAL,365
BOS,MVY,76
BOS,ACK,172
BPT,DFW,851
BQK,ATL,1038
BQN,EWR,309
BQN,MCO,559
BQN,FLL,640
BQN,JFK,452
BRD,MSP,637
BRO,IAH,1403
BRO,ORD,12
BRO,DFW,1192
BRW,ANC,363
BRW,FAI,364
BTM,SLC,677
BTR,IAH,2143
BTR,DFW,2111
BTR,DCA,1
BTR,ATL,2279
BTR,CLT,1042
BTV,EWR,893
BTV,IAD,690
BTV,DTW,983
BTV,ORD,1213
BTV,LGA,973
BTV,DCA,1134
BTV,PHL,968
BTV,ATL,399
BTV,CLT,726
BTV,JFK,1748
BUF,EWR,1076
BUF,RDU,63
BUF,IAD,875
BUF,BOS,2230
BUF,LAS,561
BUF,PHX,370
BUF,DEN,148
BUF,MCO,1736
BUF,FLL,842
BUF,RSW,140
BUF,DTW,1068
BUF,ORD,2954
BUF,DFW,12
BUF,LAX,308
BUF,JAX,27
BUF,MIA,62
BUF,MSP,361
BUF,AUS,73
BUF,LGA,1540
BUF,TPA,740
BUF,BWI,1901
BUF,DCA,1016
BUF,PHL,634
BUF,ATL,1650
BUF,CLT,1090
BUF,MDW,1012
BUF,JFK,3759
BUR,BOS,109
BUR,SFO,3407
BUR,LAS,3327
BUR,PHX,3238
BUR,DEN,1571
BUR,SMF,2833
BUR,SEA,1216
BUR,SJC,3543
BUR,PDX,1004
BUR,SLC,1218
BUR,MDW,54
BUR,OAK,4202
BUR,JFK,447
BUR,HOU,54
BUR,DAL,360
BWI,EWR,850
BWI,RDU,2720
BWI,BOS,5830
BWI,SAT,853
BWI,SFO,979
BWI,IAH,1101
BWI,LAS,2099
BWI,PHX,1709
BWI,CLE,1126
BWI,DEN,2679
BWI,SMF,352
BWI,SAN,1606
BWI,MCO,4449
BWI,FLL,4920
BWI,PIT,1030
BWI,RSW,1643
BWI,SEA,907
BWI,DTW,3034
BWI,BNA,2072
BWI,MCI,910
BWI,ORD,3175
BWI,MSY,1483
BWI,DFW,1601
BWI,LAX,2060
BWI,JAX,1220
BWI,SJC,361
BWI,PDX,145
BWI,GRR,357
BWI,MIA,1015
BWI,MSP,1969
BWI,CVG,1879
BWI,AUS,713
BWI,IND,985
BWI,TPA,2966
BWI,CHS,1202
BWI,PHL,241
BWI,ROC,1093
BWI,SJU,681
BWI,ORF,1650
BWI,ATL,6880
BWI,PBI,1089
BWI,BDL,2366
BWI,ABQ,555
BWI,MYR,319
BWI,SLC,976
BWI,CMH,1292
BWI,SAV,117
BWI,OKC,378
BWI,ALB,1914
BWI,STL,1397
BWI,BUF,1902
BWI,AVL,82
BWI,PWM,1237
BWI,CLT,3654
BWI,TYS,24
BWI,PVD,2635
BWI,MEM,476
BWI,ISP,1620
BWI,MKE,941
BWI,BHM,404
BWI,TUL,26
BWI,ECP,169
BWI,VPS,58
BWI,SDF,1165
BWI,MHT,2069
BWI,MDW,2448
BWI,OAK,581
BWI,JFK,1609
BWI,HOU,1258
BWI,DAL,1433
BZN,EWR,164
BZN,SFO,405
BZN,IAH,88
BZN,LAS,112
BZN,DEN,1324
BZN,SEA,121
BZN,ORD,702
BZN,DFW,459
BZN,LAX,362
BZN,PDX,57
BZN,MSP,856
BZN,LGA,11
BZN,ATL,106
BZN,SLC,950
BZN,AZA,118
BZN,LGB,6
CAE,IAD,19
CAE,IAH,365
CAE,ORD,156
CAE,DFW,687
CAE,LGA,309
CAE,DCA,663
CAE,PHL,259
CAE,ATL,2665
CAE,CLT,1694
CAK,EWR,675
CAK,IAH,206
CAK,MCO,327
CAK,FLL,44
CAK,RSW,85
CAK,DTW,855
CAK,ORD,1063
CAK,LGA,312
CAK,TPA,61
CAK,DCA,364
CAK,PHL,706
CAK,ATL,1026
CAK,CLT,1786
CDC,SLC,622
CDV,ANC,361
CDV,YAK,361
CGI,ORD,313
CGI,UIN,312
CHA,EWR,512
CHA,DTW,531
CHA,ORD,837
CHA,DFW,797
CHA,LGA,158
CHA,DCA,320
CHA,ATL,3252
CHA,CLT,1878
CHA,SFB,113
CHA,PIE,113
CHO,ORD,729
CHO,LGA,986
CHO,ATL,1665
CHO,CLT,2194
CHS,EWR,1188
CHS,IAD,1218
CHS,BOS,865
CHS,IAH,812
CHS,CLE,19
CHS,DEN,282
CHS,FLL,368
CHS,PIT,69
CHS,SEA,248
CHS,DTW,39
CHS,BNA,445
CHS,ORD,1356
CHS,DFW,852
CHS,MIA,1042
CHS,MSP,27
CHS,CVG,91
CHS,AUS,63
CHS,LGA,1058
CHS,IND,68
CHS,BWI,1204
CHS,DCA,2047
CHS,PHL,835
CHS,ATL,3557
CHS,STL,91
CHS,CLT,3181
CHS,TTN,119
CHS,MDW,652
CHS,JFK,1666
CHS,HOU,369
CHS,DAL,110
CID,LAS,122
CID,DEN,878
CID,MCO,41
CID,DTW,1116
CID,ORD,2677
CID,DFW,1045
CID,LAX,20
CID,MSP,1148
CID,ATL,896
CID,CLT,729
CID,MLI,1
CID,SFB,127
CID,PIE,126
CID,PGD,109
CID,AZA,197
CIU,DTW,310
CIU,MSP,363
CKB,IAD,314
CKB,ORD,366
CKB,MYR,32
CKB,SFB,95
CLE,EWR,1979
CLE,RDU,230
CLE,IAD,919
CLE,BOS,2109
CLE,SAT,27
CLE,SFO,543
CLE,IAH,1731
CLE,LAS,1109
CLE,PHX,651
CLE,DEN,1493
CLE,SAN,40
CLE,MCO,1301
CLE,FLL,921
CLE,RSW,649
CLE,SEA,72
CLE,DTW,1216
CLE,BNA,905
CLE,ORD,5012
CLE,MSY,199
CLE,MSN,2
CLE,DFW,1599
CLE,LAX,931
CLE,JAX,65
CLE,PDX,54
CLE,MIA,991
CLE,MSP,1401
CLE,AUS,129
CLE,LGA,4846
CLE,TPA,553
CLE,BWI,1125
CLE,DCA,2051
CLE,CHS,19
CLE,PHL,928
CLE,ATL,3581
CLE,PBI,20
CLE,BDL,274
CLE,SRQ,7
CLE,MYR,236
CLE,SLC,151
CLE,SAV,121
CLE,STL,686
CLE,CLT,2408
CLE,MKE,914
CLE,VPS,28
CLE,MDW,1763
CLE,SFB,100
CLE,PIE,117
CLE,PGD,128
CLE,JFK,2051
CLL,IAH,908
CLL,DFW,1404
CLT,EWR,4453
CLT,RDU,3173
CLT,IAD,4084
CLT,BOS,3916
CLT,SAT,1467
CLT,SFO,1852
CLT,IAH,3759
CLT,LAS,1649
CLT,PHX,2899
CLT,CLE,2409
CLT,DEN,2880
CLT,SMF,367
CLT,SAN,1026
CLT,MCO,3511
CLT,FLL,2412
CLT,PIT,3050
CLT,RSW,1767
CLT,SEA,1084
CLT,DTW,3762
CLT,BNA,3200
CLT,MCI,1379
CLT,ORD,4590
CLT,MSY,2427
CLT,MSN,723
CLT,DFW,3722
CLT,LAX,2176
CLT,JAX,2805
CLT,SJC,179
CLT,PDX,442
CLT,GRR,768
CLT,MIA,2677
CLT,MSP,2603
CLT,CVG,3155
CLT,AUS,1639
CLT,LGA,6090
CLT,IND,2821
CLT,TPA,3162
CLT,BWI,3653
CLT,DCA,3223
CLT,CHS,3181
CLT,PHL,3430
CLT,ROC,1310
CLT,SJU,724
CLT,ORF,2841
CLT,ATL,6311
CLT,PBI,1792
CLT,BDL,2119
CLT,SRQ,1429
CLT,DSM,1013
CLT,MYR,2915
CLT,SLC,748
CLT,CMH,2702
CLT,MDT,1621
CLT,SAV,3102
CLT,OKC,791
CLT,ALB,1018
CLT,STL,2034
CLT,OMA,991
CLT,BUF,1091
CLT,AVL,2245
CLT,RIC,3022
CLT,TUS,279
CLT,PWM,819
CLT,BTV,726
CLT,CID,729
CLT,TYS,2380
CLT,PVD,1856
CLT,TTN,180
CLT,MEM,2194
CLT,MKE,1737
CLT,BHM,2204
CLT,TUL,717
CLT,LIT,1181
CLT,GSO,2861
CLT,PNS,1606
CLT,BTR,1042
CLT,SHV,728
CLT,MOB,1277
CLT,CHA,1879
CLT,FWA,729
CLT,AVP,1174
CLT,CAE,1695
CLT,JAN,1242
CLT,CRW,1649
CLT,SBN,413
CLT,ECP,415
CLT,ABE,955
CLT,XNA,1202
CLT,VPS,1386
CLT,SDF,2700
CLT,GSP,2728
CLT,DAY,2091
CLT,LEX,1702
CLT,PIA,722
CLT,GPT,719
CLT,CAK,1785
CLT,BGR,150
CLT,MHT,1105
CLT,HSV,1451
CLT,MTJ,15
CLT,SGF,909
CLT,SYR,1270
CLT,PHF,1416
CLT,MDW,821
CLT,EYW,716
CLT,OAJ,1811
CLT,HPN,1271
CLT,AGS,1818
CLT,HTS,436
CLT,ROA,236
CLT,RAP,48
CLT,TOL,727
CLT,EVV,724
CLT,TRI,738
CLT,JFK,4018
CLT,ILM,3101
CLT,CMI,13
CLT,TLH,1505
CLT,GNV,1469
CLT,CHO,2194
CLT,HOU,414
CLT,MGM,695
CLT,FAY,2203
CLT,STT,50
CLT,MLB,906
CLT,LYH,1066
CLT,HVN,2
CLT,PGV,896
CLT,FLO,170
CLT,EWN,1473
CLT,DAB,1428
CLT,ITH,2
CLT,DAL,382
CLT,STX,35
CLT,ACK,11
CLT,HHH,536
CMH,EWR,1863
CMH,RDU,288
CMH,IAD,969
CMH,BOS,1401
CMH,SAT,15
CMH,IAH,1355
CMH,LAS,1012
CMH,PHX,1072
CMH,DEN,1360
CMH,MCO,1785
CMH,FLL,707
CMH,RSW,755
CMH,DTW,1729
CMH,BNA,700
CMH,ORD,4806
CMH,MSY,191
CMH,DFW,1493
CMH,LAX,688
CMH,MIA,1036
CMH,MSP,1145
CMH,AUS,110
CMH,LGA,3773
CMH,TPA,961
CMH,BWI,1292
CMH,DCA,2329
CMH,PHL,1621
CMH,ATL,3776
CMH,PBI,14
CMH,MYR,123
CMH,STL,675
CMH,CLT,2703
CMH,MDW,1929
CMH,OAK,301
CMH,JFK,1335
CMH,HOU,91
CMH,DAL,402
CMI,ORD,1680
CMI,DFW,676
CMI,CLT,12
CMX,ORD,725
CNY,DEN,420
COD,DEN,464
COD,SLC,358
COS,IAD,72
COS,SAT,100
COS,IAH,1077
COS,LAS,399
COS,PHX,362
COS,DEN,2447
COS,SAN,113
COS,MCO,245
COS,RSW,41
COS,SEA,54
COS,ORD,1911
COS,DFW,1514
COS,LAX,810
COS,MSP,76
COS,TPA,56
COS,ATL,402
COS,SLC,659
COU,DEN,353
COU,ORD,1016
COU,DFW,856
CPR,LAS,1
CPR,DEN,277
CPR,SLC,706
CPR,COD,1
CRP,IAH,1994
CRP,DFW,2238
CRP,BRO,1
CRP,HOU,1329
CRW,IAH,352
CRW,ORD,46
CRW,DCA,644
CRW,PHL,304
CRW,ATL,1602
CRW,MYR,42
CRW,CLT,1642
CSG,ATL,1277
CVG,EWR,2777
CVG,RDU,745
CVG,IAD,1208
CVG,BOS,1219
CVG,SAT,128
CVG,SFO,656
CVG,IAH,1638
CVG,LAS,937
CVG,PHX,244
CVG,CLE,1
CVG,DEN,1584
CVG,SAN,115
CVG,MCO,1171
CVG,FLL,704
CVG,RSW,636
CVG,SEA,225
CVG,DTW,1249
CVG,BNA,197
CVG,MCI,494
CVG,ORD,5501
CVG,MSY,127
CVG,DFW,2238
CVG,LAX,897
CVG,JAX,247
CVG,SJC,94
CVG,MIA,832
CVG,MSP,1759
CVG,AUS,396
CVG,LGA,2819
CVG,TPA,538
CVG,BWI,1879
CVG,DCA,1774
CVG,CHS,91
CVG,PHL,2777
CVG,SJU,3
CVG,ATL,2805
CVG,BDL,230
CVG,SRQ,79
CVG,MYR,90
CVG,SLC,537
CVG,SAV,184
CVG,STL,238
CVG,CLT,3154
CVG,PVD,65
CVG,MKE,267
CVG,FWA,1
CVG,XNA,148
CVG,VPS,212
CVG,MDW,1698
CVG,SFB,379
CVG,PIE,388
CVG,PGD,382
CVG,AZA,109
CVG,JFK,728
CWA,DTW,650
CWA,ORD,1262
CWA,MSP,941
CYS,DFW,58
DAB,ATL,1755
DAB,CLT,1428
DAB,JFK,365
DAL,RDU,385
DAL,BOS,365
DAL,SAT,3350
DAL,SFO,1723
DAL,LAS,1803
DAL,PHX,2102
DAL,DEN,2480
DAL,SMF,374
DAL,SAN,1625
DAL,MCO,1369
DAL,FLL,838
DAL,PIT,369
DAL,SEA,1093
DAL,DTW,365
DAL,BNA,1468
DAL,RNO,48
DAL,MCI,2322
DAL,MSY,2439
DAL,LAX,2456
DAL,ONT,365
DAL,JAX,70
DAL,SJC,963
DAL,SNA,286
DAL,PDX,797
DAL,MSP,9
DAL,AUS,3411
DAL,LGA,2542
DAL,IND,455
DAL,TPA,788
DAL,BWI,1433
DAL,DCA,2315
DAL,CHS,110
DAL,PHL,366
DAL,ATL,3470
DAL,ABQ,1689
DAL,SLC,378
DAL,CMH,402
DAL,BUR,360
DAL,OKC,1116
DAL,STL,2083
DAL,OMA,399
DAL,BOI,9
DAL,CLT,382
DAL,ELP,1392
DAL,MEM,526
DAL,MKE,66
DAL,BHM,714
DAL,TUL,1309
DAL,LIT,1031
DAL,PNS,48
DAL,LBB,1686
DAL,MAF,1616
DAL,ECP,286
DAL,GSP,1
DAL,AMA,1352
DAL,HRL,17
DAL,MDW,2471
DAL,OAK,672
DAL,HOU,6636
DAY,EWR,675
DAY,IAD,3
DAY,IAH,207
DAY,DEN,106
DAY,DTW,1079
DAY,ORD,1946
DAY,DFW,1221
DAY,MSP,1017
DAY,LGA,1032
DAY,DCA,1433
DAY,PHL,1543
DAY,ATL,1380
DAY,MYR,26
DAY,CLT,2093
DAY,SFB,85
DAY,PIE,115
DAY,PGD,115
DBQ,ORD,1009
DCA,EWR,2703
DCA,RDU,1640
DCA,BOS,8198
DCA,SFO,727
DCA,IAH,2735
DCA,LAS,354
DCA,PHX,1057
DCA,CLE,2052
DCA,DEN,1452
DCA,MCO,3879
DCA,FLL,2526
DCA,PIT,1002
DCA,RSW,962
DCA,SEA,726
DCA,DTW,3223
DCA,BNA,2589
DCA,MCI,1593
DCA,ORD,8086
DCA,MSY,2143
DCA,MSN,291
DCA,DFW,3097
DCA,LAX,1459
DCA,JAX,1739
DCA,PDX,365
DCA,GRR,251
DCA,MIA,3276
DCA,MSP,2906
DCA,CVG,1708
DCA,AUS,365
DCA,LGA,7223
DCA,IND,1944
DCA,TPA,2411
DCA,CHS,2047
DCA,PHL,1218
DCA,ROC,545
DCA,SJU,365
DCA,ORF,1113
DCA,ATL,7121
DCA,PBI,1098
DCA,BDL,1940
DCA,SRQ,377
DCA,DSM,360
DCA,MYR,288
DCA,SLC,364
DCA,CMH,2329
DCA,SAV,617
DCA,OKC,58
DCA,ALB,1186
DCA,STL,1879
DCA,OMA,654
DCA,BUF,1014
DCA,PWM,1391
DCA,BTV,1134
DCA,CLT,3252
DCA,TYS,847
DCA,PVD,2107
DCA,MEM,847
DCA,MKE,677
DCA,BHM,578
DCA,LIT,270
DCA,GSO,924
DCA,PNS,632
DCA,BTR,1
DCA,CHA,320
DCA,CAE,665
DCA,JAN,363
DCA,CRW,644
DCA,XNA,320
DCA,VPS,261
DCA,SDF,1132
DCA,GSP,750
DCA,DAY,1435
DCA,LEX,288
DCA,CAK,364
DCA,BGR,420
DCA,MHT,1119
DCA,HSV,1115
DCA,SYR,1177
DCA,MDW,2192
DCA,EYW,251
DCA,HPN,715
DCA,AGS,15
DCA,JFK,2752
DCA,ILM,161
DCA,TLH,316
DCA,HOU,1072
DCA,MGM,169
DCA,DAL,2316
DCA,MVY,97
DCA,ACK,173
DEN,EWR,3423
DEN,RDU,1658
DEN,EUG,822
DEN,IAD,3569
DEN,BOS,3148
DEN,SAT,1854
DEN,SFO,6034
DEN,IAH,4357
DEN,LAS,6838
DEN,PHX,7599
DEN,CLE,1586
DEN,SMF,3013
DEN,SAN,4294
DEN,MCO,3156
DEN,FLL,1596
DEN,PIT,1226
DEN,RSW,527
DEN,SEA,6656
DEN,DTW,3126
DEN,BNA,2918
DEN,RNO,1753
DEN,MCI,4169
DEN,ORD,6415
DEN,MSY,1661
DEN,MSN,850
DEN,DFW,5749
DEN,LAX,8095
DEN,ONT,1727
DEN,JAX,815
DEN,SJC,2382
DEN,SNA,3593
DEN,PDX,3469
DEN,GRR,1050
DEN,MIA,1401
DEN,FSD,911
DEN,MSP,5813
DEN,CVG,1588
DEN,AUS,3625
DEN,LGA,3975
DEN,IND,2122
DEN,TPA,2160
DEN,BWI,2662
DEN,DCA,1451
DEN,CHS,282
DEN,PHL,2667
DEN,SBA,1147
DEN,ORF,293
DEN,ATL,5628
DEN,BDL,756
DEN,ABQ,2766
DEN,DSM,1045
DEN,MYR,52
DEN,KOA,362
DEN,SLC,7310
DEN,OGG,365
DEN,FAT,1432
DEN,LIH,361
DEN,CMH,1358
DEN,HNL,372
DEN,MDT,34
DEN,SAV,71
DEN,BUR,1571
DEN,OKC,2739
DEN,ALB,363
DEN,STL,2578
DEN,OMA,2425
DEN,BUF,149
DEN,PSP,1420
DEN,AVL,33
DEN,ANC,458
DEN,MFR,886
DEN,RIC,550
DEN,TUS,2271
DEN,GEG,1724
DEN,PWM,60
DEN,BIL,1269
DEN,BZN,1325
DEN,ICT,910
DEN,BOI,2406
DEN,CLT,2882
DEN,CID,879
DEN,TYS,194
DEN,COS,2556
DEN,PVD,178
DEN,ELP,952
DEN,MEM,480
DEN,MKE,2245
DEN,BHM,191
DEN,TUL,1930
DEN,LIT,691
DEN,GSO,52
DEN,PNS,131
DEN,BIS,347
DEN,SHV,364
DEN,SAF,8
DEN,LBB,207
DEN,MAF,820
DEN,JAC,1071
DEN,JAN,23
DEN,ECP,9
DEN,XNA,386
DEN,FAR,658
DEN,SDF,616
DEN,GSP,34
DEN,AMA,17
DEN,LFT,20
DEN,DAY,77
DEN,HSV,53
DEN,MTJ,302
DEN,SGF,612
DEN,SYR,46
DEN,HRL,14
DEN,MLI,240
DEN,MDW,3118
DEN,BMI,21
DEN,IDA,516
DEN,MSO,806
DEN,BLI,28
DEN,OAK,1671
DEN,RAP,708
DEN,MOT,610
DEN,GTF,182
DEN,PSC,592
DEN,FCA,490
DEN,MRY,176
DEN,GJT,809
DEN,JFK,1563
DEN,COU,352
DEN,HOU,2073
DEN,TVC,11
DEN,DRO,1389
DEN,ISN,663
DEN,ASE,2368
DEN,HLN,545
DEN,RDM,437
DEN,LNK,409
DEN,HDN,113
DEN,SBP,640
DEN,OTH,34
DEN,BFL,706
DEN,COD,465
DEN,CPR,277
DEN,SGU,706
DEN,LGB,114
DEN,EGE,597
DEN,DAL,2483
DEN,SUN,173
DEN,PUB,623
DEN,LBL,283
DEN,RKS,680
DEN,JMS,627
DEN,LAR,624
DEN,BFF,573
DEN,GCC,833
DEN,LBF,570
DEN,HYS,623
DEN,MMH,13
DEN,VEL,320
DEN,CNY,420
DEN,PRC,125
DEN,BKG,71
DEN,EAR,200
DFW,EWR,3359
DFW,RDU,1975
DFW,IAD,2423
DFW,BOS,3161
DFW,SAT,3802
DFW,SFO,4490
DFW,IAH,5990
DFW,LAS,4624
DFW,PHX,4595
DFW,CLE,1601
DFW,DEN,5584
DFW,SMF,1644
DFW,SAN,3267
DFW,MCO,4096
DFW,FLL,2840
DFW,PIT,1638
DFW,RSW,1061
DFW,SEA,4121
DFW,DTW,3965
DFW,BNA,2756
DFW,RNO,802
DFW,MCI,2384
DFW,ORD,7689
DFW,MSY,2763
DFW,MSN,1027
DFW,LAX,7162
DFW,ONT,1753
DFW,JAX,1626
DFW,SJC,1423
DFW,SNA,3025
DFW,PDX,1884
DFW,GRR,873
DFW,MIA,3679
DFW,FSD,719
DFW,MSP,4325
DFW,CVG,2238
DFW,MFE,2338
DFW,AUS,3910
DFW,LGA,6229
DFW,IND,1706
DFW,TPA,2570
DFW,BWI,1600
DFW,DCA,3098
DFW,CHS,852
DFW,PHL,3629
DFW,SBA,364
DFW,SJU,597
DFW,ORF,785
DFW,ATL,7002
DFW,PBI,807
DFW,BDL,668
DFW,ABQ,2753
DFW,SRQ,13
DFW,DSM,1117
DFW,MYR,84
DFW,KOA,136
DFW,SLC,3710
DFW,OGG,523
DFW,FAT,777
DFW,LIH,35
DFW,CMH,1492
DFW,HNL,672
DFW,SAV,801
DFW,OKC,3123
DFW,STL,2490
DFW,OMA,1384
DFW,BUF,13
DFW,PSP,758
DFW,AVL,11
DFW,ANC,119
DFW,RIC,885
DFW,TUS,2237
DFW,GEG,424
DFW,BIL,365
DFW,BZN,459
DFW,ICT,2125
DFW,BOI,448
DFW,CLT,3726
DFW,CID,1045
DFW,TYS,1374
DFW,COS,1514
DFW,ELP,3092
DFW,MEM,2300
DFW,MKE,1296
DFW,BHM,1881
DFW,TUL,2910
DFW,LIT,2787
DFW,GSO,757
DFW,PNS,1566
DFW,BIS,379
DFW,BTR,2112
DFW,SHV,1969
DFW,LAW,1342
DFW,CLL,1404
DFW,MOB,1011
DFW,SAF,1077
DFW,LBB,2121
DFW,GRK,2131
DFW,MAF,2108
DFW,CHA,798
DFW,MLU,928
DFW,FSM,1369
DFW,FWA,683
DFW,MHK,1039
DFW,JAC,527
DFW,CAE,687
DFW,JAN,2039
DFW,SBN,419
DFW,CRP,2237
DFW,AEX,1060
DFW,ECP,426
DFW,XNA,3093
DFW,VPS,1530
DFW,FAR,689
DFW,SDF,1893
DFW,BRO,1193
DFW,GSP,729
DFW,AMA,2289
DFW,LFT,1404
DFW,DAY,1222
DFW,LEX,828
DFW,PIA,719
DFW,GPT,894
DFW,HSV,1513
DFW,MTJ,530
DFW,LCH,935
DFW,LRD,1343
DFW,SGF,2493
DFW,MLI,725
DFW,EYW,19
DFW,AGS,9
DFW,BMI,664
DFW,MSO,207
DFW,OAK,491
DFW,RAP,718
DFW,GRI,780
DFW,EVV,687
DFW,SPI,676
DFW,GJT,1015
DFW,JFK,1422
DFW,GGG,803
DFW,SUX,391
DFW,TYR,1442
DFW,SWO,797
DFW,ILM,40
DFW,SPS,1059
DFW,ROW,1008
DFW,ABI,2022
DFW,CMI,678
DFW,TLH,709
DFW,COU,856
DFW,SJT,1432
DFW,ACT,1594
DFW,TXK,1226
DFW,HOU,2473
DFW,JLN,805
DFW,TVC,75
DFW,BPT,851
DFW,MGM,955
DFW,GCK,731
DFW,DRO,1036
DFW,ASE,649
DFW,HDN,138
DFW,FLG,11
DFW,PIB,364
DFW,MEI,1
DFW,EGE,541
DFW,GUC,141
DFW,DRT,115
DFW,CYS,58
DHN,ATL,1374
DLG,ANC,84
DLH,ORD,1179
DLH,MSP,1619
DRO,PHX,687
DRO,DEN,1389
DRO,DFW,1036
DRO,LAX,13
DRT,DFW,114
DSM,EWR,273
DSM,SFO,70
DSM,IAH,640
DSM,LAS,593
DSM,PHX,857
DSM,DEN,1205
DSM,MCO,124
DSM,DTW,989
DSM,ORD,3203
DSM,DFW,1117
DSM,LAX,20
DSM,MSP,1667
DSM,LGA,342
DSM,DCA,361
DSM,PHL,479
DSM,ATL,1043
DSM,SLC,332
DSM,STL,679
DSM,CLT,1013
DSM,CID,1
DSM,LIT,1
DSM,PIA,1
DSM,SFB,157
DSM,PIE,134
DSM,PGD,129
DSM,AZA,146
DTW,EWR,3873
DTW,RDU,1315
DTW,IAD,1863
DTW,BOS,3734
DTW,SAT,853
DTW,SFO,1779
DTW,IAH,3405
DTW,LAS,3255
DTW,PHX,2574
DTW,CLE,1279
DTW,DEN,3127
DTW,SAN,999
DTW,MCO,3633
DTW,FLL,2696
DTW,PIT,1588
DTW,RSW,1957
DTW,SEA,2383
DTW,BNA,2542
DTW,MCI,1638
DTW,ORD,6713
DTW,MSY,1418
DTW,MSN,1332
DTW,DFW,3967
DTW,LAX,2609
DTW,JAX,381
DTW,SJC,38
DTW,SNA,279
DTW,PDX,659
DTW,GRR,1704
DTW,MIA,1711
DTW,MSP,3095
DTW,CVG,1184
DTW,AUS,1073
DTW,LGA,5163
DTW,IND,1900
DTW,TPA,2214
DTW,BWI,3045
DTW,DCA,3230
DTW,CHS,39
DTW,PHL,3029
DTW,ROC,1041
DTW,ORF,754
DTW,ATL,5682
DTW,PBI,369
DTW,BDL,1315
DTW,SRQ,32
DTW,DSM,989
DTW,MYR,493
DTW,SLC,1476
DTW,CMH,1709
DTW,MDT,1072
DTW,SAV,274
DTW,OKC,512
DTW,ALB,876
DTW,STL,1141
DTW,OMA,434
DTW,BUF,1066
DTW,RIC,789
DTW,PWM,681
DTW,BTV,984
DTW,CLT,3761
DTW,CID,1116
DTW,TYS,1455
DTW,PVD,920
DTW,TTN,126
DTW,MEM,656
DTW,ISP,39
DTW,MKE,2006
DTW,BHM,249
DTW,TUL,225
DTW,LIT,230
DTW,GSO,838
DTW,CHA,532
DTW,FWA,931
DTW,AVP,869
DTW,SBN,1529
DTW,ABE,924
DTW,SDF,1078
DTW,GSP,837
DTW,DAY,1079
DTW,CWA,650
DTW,LEX,1283
DTW,PIA,599
DTW,CAK,854
DTW,MHT,586
DTW,HSV,312
DTW,SYR,1174
DTW,LAN,1446
DTW,MLI,660
DTW,ATW,868
DTW,MDW,2261
DTW,HPN,998
DTW,GRB,803
DTW,SWF,677
DTW,OAK,192
DTW,EVV,971
DTW,ELM,29
DTW,JFK,1456
DTW,AZO,1259
DTW,MQT,536
DTW,TVC,1386
DTW,APN,363
DTW,PLN,768
DTW,CIU,310
DTW,ESC,624
DTW,ITH,983
DTW,BGM,920
DTW,IMT,301
DTW,DAL,365
DTW,SCE,994
DTW,ERI,1007
DTW,MBS,1518
DVL,DEN,264
DVL,JMS,362
EAR,DEN,200
EAU,ORD,720
ECP,IAH,805
ECP,DEN,9
ECP,BNA,805
ECP,DFW,426
ECP,AUS,31
ECP,BWI,169
ECP,ATL,2000
ECP,STL,174
ECP,CLT,413
ECP,MDW,13
ECP,HOU,406
ECP,DAL,286
EGE,EWR,109
EGE,IAD,26
EGE,SFO,32
EGE,IAH,94
EGE,PHX,90
EGE,DEN,597
EGE,ORD,224
EGE,DFW,540
EGE,LAX,107
EGE,MIA,107
EGE,LGA,2
EGE,ATL,107
EGE,SLC,14
EGE,JFK,105
EKO,SLC,647
ELM,DTW,28
ELM,ATL,12
ELM,SFB,181
ELM,PIE,112
ELP,SAT,850
ELP,IAH,1783
ELP,LAS,854
ELP,PHX,3066
ELP,DEN,952
ELP,SAN,79
ELP,ORD,1222
ELP,DFW,3092
ELP,LAX,776
ELP,AUS,902
ELP,ATL,861
ELP,SLC,74
ELP,OKC,1
ELP,SFB,22
ELP,HOU,1055
ELP,DAL,1393
ERI,DTW,1007
ERI,ORD,7
ERI,ITH,1
ESC,DTW,624
ESC,MQT,1
EUG,SFO,1497
EUG,LAS,119
EUG,PHX,410
EUG,DEN,822
EUG,SAN,26
EUG,SEA,35
EUG,LAX,847
EUG,SLC,99
EUG,AZA,121
EUG,OAK,127
EVV,DTW,971
EVV,ORD,1036
EVV,DFW,687
EVV,ATL,1054
EVV,CLT,724
EVV,VPS,24
EVV,SFB,122
EWN,ATL,712
EWN,CLT,1475
EWR,RDU,3299
EWR,IAD,758
EWR,BOS,5392
EWR,SAT,446
EWR,SFO,5884
EWR,IAH,3679
EWR,LAS,2578
EWR,PHX,2504
EWR,CLE,1942
EWR,DEN,3130
EWR,SMF,218
EWR,SAN,1677
EWR,MCO,7131
EWR,FLL,5842
EWR,PIT,2573
EWR,RSW,2095
EWR,SEA,2215
EWR,DTW,3898
EWR,BNA,1622
EWR,MCI,1049
EWR,ORD,5350
EWR,MSY,1633
EWR,MSN,704
EWR,DFW,3347
EWR,LAX,5223
EWR,JAX,1154
EWR,SJC,611
EWR,SNA,902
EWR,PDX,1075
EWR,GRR,672
EWR,MIA,2843
EWR,MSP,3293
EWR,CVG,2847
EWR,AUS,1855
EWR,IND,2289
EWR,TPA,2882
EWR,BWI,849
EWR,DCA,2708
EWR,CHS,1190
EWR,ROC,905
EWR,SJU,1204
EWR,ORF,794
EWR,ATL,6484
EWR,PBI,3449
EWR,BDL,333
EWR,SRQ,477
EWR,DSM,274
EWR,MYR,673
EWR,SLC,775
EWR,CMH,1850
EWR,HNL,365
EWR,SAV,1007
EWR,OKC,260
EWR,ALB,102
EWR,STL,1748
EWR,OMA,722
EWR,BUF,1076
EWR,PSP,13
EWR,AVL,447
EWR,ANC,14
EWR,BQN,310
EWR,RIC,1391
EWR,PWM,1018
EWR,BTV,901
EWR,BZN,164
EWR,CLT,4451
EWR,TYS,652
EWR,PVD,790
EWR,MEM,604
EWR,MKE,885
EWR,GSO,551
EWR,CHA,513
EWR,FWA,180
EWR,JAC,111
EWR,AVP,372
EWR,SBN,388
EWR,XNA,331
EWR,VPS,71
EWR,SDF,977
EWR,GSP,624
EWR,DAY,675
EWR,LEX,276
EWR,CAK,676
EWR,BGR,703
EWR,MHT,374
EWR,MTJ,34
EWR,SYR,666
EWR,MDW,1963
EWR,EYW,391
EWR,OAK,228
EWR,RAP,12
EWR,TVC,86
EWR,STT,42
EWR,HDN,25
EWR,EGE,109
EYW,EWR,391
EYW,RSW,1
EYW,ORD,231
EYW,DFW,19
EYW,MIA,1482
EYW,DCA,252
EYW,ATL,1666
EYW,CLT,714
FAI,SEA,1812
FAI,ORD,75
FAI,MSP,102
FAI,ANC,2259
FAI,SCC,208
FAR,LAS,164
FAR,DEN,657
FAR,ORD,1478
FAR,DFW,690
FAR,LAX,20
FAR,MSP,2433
FAR,ATL,23
FAR,SFB,69
FAR,AZA,215
FAR,GFK,1
FAR,JMS,2
FAT,SFO,1419
FAT,LAS,508
FAT,PHX,1736
FAT,DEN,1430
FAT,SAN,907
FAT,SEA,595
FAT,ORD,89
FAT,DFW,777
FAT,LAX,2343
FAT,PDX,290
FAT,SLC,1030
FAY,ATL,1695
FAY,CLT,2203
FCA,SFO,101
FCA,LAS,107
FCA,DEN,491
FCA,ORD,157
FCA,LAX,125
FCA,MSP,410
FCA,ATL,12
FCA,SLC,950
FCA,OAK,24
FLG,PHX,1161
FLG,DFW,11
FLG,LAX,18
FLL,EWR,5838
FLL,RDU,1387
FLL,IAD,1056
FLL,BOS,3067
FLL,SAT,177
FLL,SFO,1329
FLL,IAH,2164
FLL,LAS,1100
FLL,PHX,382
FLL,CLE,921
FLL,DEN,1599
FLL,SAN,310
FLL,MCO,2426
FLL,PIT,1172
FLL,SEA,568
FLL,DTW,2696
FLL,BNA,1607
FLL,MCI,495
FLL,ORD,3180
FLL,MSY,1782
FLL,DFW,2839
FLL,LAX,1719
FLL,JAX,1885
FLL,GRR,38
FLL,MSP,589
FLL,CVG,704
FLL,AUS,948
FLL,LGA,5146
FLL,IND,754
FLL,TPA,2287
FLL,BWI,4920
FLL,DCA,2525
FLL,CHS,369
FLL,PHL,2916
FLL,SJU,3244
FLL,ORF,106
FLL,ATL,8611
FLL,BDL,1635
FLL,MYR,440
FLL,SLC,737
FLL,CMH,708
FLL,OKC,3
FLL,ALB,617
FLL,STL,761
FLL,BUF,843
FLL,AVL,512
FLL,BQN,641
FLL,RIC,1022
FLL,CLT,2412
FLL,TYS,250
FLL,PVD,895
FLL,TTN,28
FLL,MEM,117
FLL,ISP,524
FLL,MKE,249
FLL,BHM,3
FLL,GSO,37
FLL,ABE,72
FLL,SDF,139
FLL,GSP,133
FLL,LEX,152
FLL,CAK,43
FLL,MHT,4
FLL,SYR,262
FLL,FNT,24
FLL,MDW,1355
FLL,HPN,729
FLL,BLV,66
FLL,LCK,125
FLL,USA,306
FLL,PBG,367
FLL,IAG,202
FLL,SWF,365
FLL,JFK,3884
FLL,HOU,940
FLL,ACY,858
FLL,LBE,327
FLL,STT,305
FLL,HDN,3
FLL,LGB,364
FLL,DAL,833
FLL,ORH,365
FLO,CLT,170
FNT,MCO,18
FNT,FLL,24
FNT,RSW,13
FNT,ORD,1301
FNT,MSP,733
FNT,TPA,13
FNT,ATL,1019
FNT,MYR,22
FNT,MDW,446
FNT,SFB,213
FNT,PIE,212
FNT,PGD,146
FSD,LAS,212
FSD,PHX,327
FSD,DEN,854
FSD,ORD,1433
FSD,DFW,719
FSD,LAX,20
FSD,MSP,2074
FSD,ATL,310
FSD,SFB,89
FSD,PIE,74
FSD,AZA,247
FSM,DFW,1369
FSM,ATL,682
FWA,EWR,181
FWA,DTW,931
FWA,ORD,2244
FWA,DFW,683
FWA,MSP,343
FWA,ATL,1406
FWA,MYR,20
FWA,CLT,729
FWA,SFB,124
FWA,PIE,167
FWA,PGD,179
FWA,AZA,74
GCC,DEN,833
GCK,DFW,731
GEG,SFO,759
GEG,LAS,770
GEG,PHX,1109
GEG,DEN,1725
GEG,SMF,377
GEG,SAN,95
GEG,SEA,2773
GEG,ORD,379
GEG,DFW,424
GEG,LAX,10
GEG,SJC,268
GEG,PDX,10
GEG,MSP,854
GEG,SLC,1344
GEG,BOI,638
GEG,MDW,61
GEG,OAK,752
GFK,LAS,110
GFK,MSP,1892
GFK,SFB,20
GFK,AZA,84
GGG,DFW,803
GJT,LAS,107
GJT,PHX,725
GJT,DEN,808
GJT,ORD,3
GJT,DFW,1015
GJT,LAX,26
GJT,ATL,1
GJT,SLC,1062
GJT,ASE,3
GNV,MIA,633
GNV,ATL,2390
GNV,CLT,1469
GPT,IAH,1081
GPT,DFW,894
GPT,ATL,1432
GPT,CLT,719
GPT,SFB,104
GRB,DTW,803
GRB,ORD,2220
GRB,MSP,1302
GRB,ATL,519
GRB,MQT,1
GRB,CMX,1
GRI,LAS,113
GRI,DFW,780
GRI,AZA,108
GRK,IAH,846
GRK,DFW,2132
GRK,ATL,21
GRR,EWR,603
GRR,IAD,11
GRR,IAH,513
GRR,LAS,146
GRR,PHX,27
GRR,DEN,887
GRR,MCO,363
GRR,FLL,38
GRR,RSW,163
GRR,DTW,1705
GRR,ORD,4159
GRR,DFW,873
GRR,MIA,12
GRR,MSP,1608
GRR,LGA,714
GRR,TPA,97
GRR,BWI,358
GRR,DCA,250
GRR,PHL,418
GRR,ATL,1681
GRR,CLT,768
GRR,MDW,1042
GRR,SFB,324
GRR,PIE,276
GRR,PGD,167
GRR,AZA,137
GSO,EWR,546
GSO,IAD,18
GSO,DEN,52
GSO,MCO,54
GSO,FLL,37
GSO,DTW,839
GSO,ORD,839
GSO,DFW,756
GSO,MIA,368
GSO,LGA,2139
GSO,TPA,37
GSO,DCA,922
GSO,PHL,570
GSO,ATL,2722
GSO,CLT,2860
GSO,SFB,106
GSO,PIE,109
GSP,EWR,546
GSP,IAD,348
GSP,IAH,576
GSP,LAS,33
GSP,DEN,34
GSP,MCO,33
GSP,FLL,133
GSP,DTW,838
GSP,ORD,1459
GSP,DFW,729
GSP,MIA,25
GSP,LGA,570
GSP,TPA,14
GSP,DCA,755
GSP,PHL,763
GSP,ATL,3774
GSP,CLT,2724
GSP,FWA,1
GSP,SFB,138
GSP,PIE,128
GSP,PGD,1
GSP,DAL,2
GST,JNU,84
GTF,LAS,110
GTF,DEN,182
GTF,SEA,37
GTF,ORD,75
GTF,MSP,374
GTF,SLC,964
GTF,BZN,1
GTF,AZA,113
GTR,ATL,1021
GUC,IAH,89
GUC,DFW,141
GUM,HNL,366
GUM,SPN,257
HDN,EWR,25
HDN,IAD,15
HDN,BOS,5
HDN,SFO,14
HDN,IAH,147
HDN,DEN,113
HDN,SAN,44
HDN,FLL,3
HDN,ORD,134
HDN,DFW,138
HDN,LAX,97
HDN,MSP,92
HDN,ATL,98
HDN,LGB,5
HGR,SFB,112
HGR,PIE,26
HHH,CLT,535
HIB,MSP,625
HLN,DEN,546
HLN,MSP,340
HLN,SLC,925
HNL,EWR,365
HNL,IAD,179
HNL,SFO,2562
HNL,IAH,365
HNL,LAS,941
HNL,PHX,976
HNL,DEN,372
HNL,SMF,365
HNL,SAN,730
HNL,SEA,1851
HNL,ORD,378
HNL,DFW,672
HNL,LAX,5970
HNL,SJC,614
HNL,PDX,777
HNL,MSP,230
HNL,ATL,365
HNL,KOA,7046
HNL,SLC,359
HNL,OGG,9871
HNL,LIH,6810
HNL,ANC,365
HNL,ITO,5419
HNL,GUM,366
HNL,OAK,573
HNL,JFK,383
HNL,PPG,122
HNL,LGB,215
HOB,IAH,677
HOU,RDU,382
HOU,BOS,791
HOU,SAT,1837
HOU,LAS,1651
HOU,PHX,1673
HOU,DEN,2074
HOU,SMF,6
HOU,SAN,765
HOU,MCO,1589
HOU,FLL,936
HOU,PIT,382
HOU,SEA,61
HOU,BNA,1406
HOU,MCI,984
HOU,MSY,3185
HOU,DFW,2473
HOU,LAX,1671
HOU,JAX,403
HOU,SJC,268
HOU,SNA,433
HOU,PDX,121
HOU,MIA,12
HOU,AUS,1834
HOU,LGA,1002
HOU,IND,547
HOU,TPA,1043
HOU,BWI,1241
HOU,DCA,1072
HOU,CHS,369
HOU,PHL,6
HOU,SJU,148
HOU,ATL,4138
HOU,ABQ,1039
HOU,SLC,98
HOU,CMH,91
HOU,BUR,54
HOU,OKC,1312
HOU,STL,1382
HOU,OMA,378
HOU,TUS,4
HOU,CLT,414
HOU,ELP,1041
HOU,MEM,659
HOU,MKE,299
HOU,BHM,695
HOU,TUL,992
HOU,PNS,365
HOU,LBB,13
HOU,MAF,1022
HOU,CRP,1329
HOU,ECP,406
HOU,SDF,90
HOU,HRL,1630
HOU,MDW,2228
HOU,OAK,793
HOU,JFK,365
HOU,DAL,6639
HPN,MCO,1173
HPN,FLL,727
HPN,RSW,363
HPN,DTW,997
HPN,ORD,826
HPN,TPA,363
HPN,DCA,728
HPN,ATL,2127
HPN,PBI,1313
HPN,CLT,1258
HRL,IAH,1329
HRL,DEN,14
HRL,ORD,12
HRL,MSP,93
HRL,AUS,348
HRL,HOU,1630
HRL,DAL,17
HSV,IAD,6
HSV,IAH,1054
HSV,DEN,54
HSV,MCO,28
HSV,DTW,311
HSV,ORD,547
HSV,DFW,1513
HSV,DCA,1114
HSV,ATL,2540
HSV,CLT,1451
HSV,SHV,1
HTS,MYR,60
HTS,CLT,436
HTS,SFB,187
HTS,PIE,172
HTS,PGD,24
HVN,PHL,1029
HVN,CLT,2
HYA,JFK,89
HYS,DEN,623
HYS,SLN,455
IAD,EWR,1087
IAD,RDU,1451
IAD,BOS,2444
IAD,SAT,845
IAD,SFO,3629
IAD,IAH,1515
IAD,LAS,1073
IAD,PHX,367
IAD,CLE,901
IAD,DEN,3520
IAD,SMF,303
IAD,SAN,1019
IAD,MCO,2055
IAD,FLL,1057
IAD,PIT,1435
IAD,SEA,1545
IAD,DTW,1847
IAD,BNA,718
IAD,MCI,769
IAD,ORD,1849
IAD,MSY,831
IAD,MSN,2
IAD,DFW,2422
IAD,LAX,3828
IAD,JAX,506
IAD,PDX,305
IAD,MIA,836
IAD,MSP,1455
IAD,CVG,1210
IAD,AUS,1214
IAD,LGA,1386
IAD,IND,859
IAD,TPA,1091
IAD,CHS,1220
IAD,PHL,1022
IAD,ROC,281
IAD,SJU,234
IAD,ORF,1123
IAD,ATL,4362
IAD,BDL,1368
IAD,SLC,297
IAD,CMH,1045
IAD,HNL,179
IAD,MDT,137
IAD,SAV,503
IAD,OKC,367
IAD,ALB,69
IAD,STL,88
IAD,BUF,876
IAD,RIC,201
IAD,PWM,360
IAD,BTV,684
IAD,CLT,3784
IAD,TYS,172
IAD,COS,72
IAD,PVD,621
IAD,TTN,1
IAD,TUL,63
IAD,GSO,18
IAD,CHA,6
IAD,CAE,19
IAD,SDF,15
IAD,GSP,388
IAD,DAY,3
IAD,HSV,18
IAD,SYR,423
IAD,CKB,314
IAD,PBG,222
IAD,JFK,2082
IAD,ILM,4
IAD,STT,105
IAD,HDN,15
IAD,EGE,26
IAD,SHD,418
IAD,LWB,121
IAG,FLL,203
IAG,MYR,152
IAG,SFB,128
IAG,PIE,138
IAG,PGD,190
IAH,EWR,3685
IAH,RDU,1556
IAH,IAD,1504
IAH,BOS,1571
IAH,SAT,2811
IAH,SFO,3297
IAH,LAS,2997
IAH,PHX,3026
IAH,CLE,1737
IAH,DEN,4346
IAH,SMF,679
IAH,SAN,2152
IAH,MCO,3098
IAH,FLL,2160
IAH,PIT,1680
IAH,RSW,625
IAH,SEA,2509
IAH,DTW,3340
IAH,BNA,1878
IAH,RNO,131
IAH,MCI,1760
IAH,ORD,5282
IAH,MSY,3237
IAH,MSN,2
IAH,DFW,5993
IAH,LAX,4776
IAH,JAX,1272
IAH,SJC,365
IAH,SNA,1676
IAH,PDX,821
IAH,GRR,512
IAH,MIA,3164
IAH,MSP,3313
IAH,CVG,1725
IAH,MFE,1890
IAH,AUS,3107
IAH,LGA,4314
IAH,IND,1521
IAH,TPA,2032
IAH,BWI,1103
IAH,DCA,2731
IAH,CHS,811
IAH,PHL,2493
IAH,SJU,528
IAH,ORF,471
IAH,ATL,5292
IAH,PBI,173
IAH,BDL,106
IAH,ABQ,1312
IAH,DSM,640
IAH,SLC,2563
IAH,CMH,1359
IAH,HNL,365
IAH,SAV,565
IAH,OKC,2770
IAH,STL,1764
IAH,OMA,1303
IAH,PSP,361
IAH,ANC,75
IAH,RIC,466
IAH,TUS,1027
IAH,BZN,88
IAH,ICT,1379
IAH,BOI,365
IAH,CLT,3760
IAH,TYS,1057
IAH,COS,1077
IAH,ELP,1783
IAH,MEM,1588
IAH,MKE,672
IAH,BHM,1761
IAH,TUL,2300
IAH,LIT,1813
IAH,PNS,1654
IAH,BTR,2145
IAH,SHV,1356
IAH,CLL,909
IAH,MOB,1644
IAH,LBB,1159
IAH,GRK,846
IAH,MAF,2347
IAH,MLU,845
IAH,JAC,49
IAH,CAE,365
IAH,JAN,1689
IAH,CRW,352
IAH,CRP,1995
IAH,AEX,1019
IAH,ECP,805
IAH,XNA,1276
IAH,VPS,989
IAH,SDF,1192
IAH,BRO,1403
IAH,GSP,575
IAH,AMA,1072
IAH,LFT,1839
IAH,DAY,207
IAH,LEX,372
IAH,GPT,1081
IAH,CAK,207
IAH,HSV,1055
IAH,HOB,677
IAH,MTJ,189
IAH,LCH,1006
IAH,LRD,992
IAH,SGF,688
IAH,HRL,1330
IAH,AGS,1
IAH,OAK,192
IAH,RAP,11
IAH,JFK,1
IAH,STT,8
IAH,ASE,469
IAH,HDN,147
IAH,EGE,94
IAH,GUC,89
ICT,IAH,1378
ICT,LAS,481
ICT,PHX,365
ICT,DEN,968
ICT,SEA,278
ICT,ORD,2103
ICT,DFW,2123
ICT,LAX,20
ICT,MSP,966
ICT,ATL,1038
ICT,STL,676
ICT,MHK,1
ICT,DAY,1
ICT,SFB,26
ICT,AZA,113
ICT,HYS,1
IDA,LAS,106
IDA,DEN,517
IDA,LAX,24
IDA,MSP,12
IDA,SLC,1337
IDA,AZA,145
IDA,OAK,26
IFP,PHX,45
ILM,IAD,4
ILM,ORD,88
ILM,DFW,40
ILM,LGA,911
ILM,DCA,161
ILM,PHL,484
ILM,ATL,1796
ILM,CLT,3101
IMT,DTW,301
IMT,MSP,351
IND,EWR,2364
IND,RDU,406
IND,IAD,804
IND,BOS,1361
IND,SFO,868
IND,IAH,1520
IND,LAS,1230
IND,PHX,1300
IND,DEN,2193
IND,SAN,102
IND,MCO,1891
IND,FLL,754
IND,RSW,845
IND,SEA,545
IND,DTW,1897
IND,MCI,631
IND,ORD,4543
IND,MSY,72
IND,DFW,1706
IND,LAX,1268
IND,JAX,124
IND,MIA,1062
IND,MSP,1542
IND,AUS,205
IND,LGA,2591
IND,TPA,942
IND,BWI,987
IND,DCA,1943
IND,CHS,68
IND,PHL,1930
IND,ATL,4127
IND,SRQ,66
IND,MYR,44
IND,SLC,320
IND,SAV,63
IND,CLT,2819
IND,VPS,48
IND,MDW,621
IND,SFB,252
IND,PIE,339
IND,PGD,285
IND,AZA,28
IND,OAK,166
IND,JFK,1057
IND,HOU,548
IND,DAL,455
INL,MSP,650
ISN,DEN,663
ISN,MSP,715
ISP,MCO,1559
ISP,FLL,524
ISP,RSW,117
ISP,DTW,39
ISP,ORD,169
ISP,MSY,37
ISP,MIA,93
ISP,MSP,50
ISP,TPA,705
ISP,BWI,1625
ISP,SJU,126
ISP,ATL,72
ISP,PBI,948
ISP,MYR,87
ITH,DTW,983
ITH,CLT,2
ITO,LAX,327
ITO,OGG,730
ITO,HNL,5173
JAC,EWR,111
JAC,SFO,214
JAC,IAH,49
JAC,PHX,75
JAC,DEN,1071
JAC,SEA,36
JAC,ORD,519
JAC,DFW,527
JAC,LAX,357
JAC,MSP,110
JAC,ATL,118
JAC,SLC,1004
JAC,JFK,15
JAN,IAH,1690
JAN,DEN,23
JAN,MCO,25
JAN,ORD,110
JAN,DFW,2040
JAN,DCA,363
JAN,ATL,2253
JAN,CLT,1242
JAX,EWR,977
JAX,IAD,683
JAX,BOS,1553
JAX,SAT,35
JAX,IAH,1273
JAX,LAS,105
JAX,CLE,65
JAX,DEN,815
JAX,MCO,1
JAX,FLL,1884
JAX,PIT,124
JAX,DTW,380
JAX,BNA,979
JAX,MCI,15
JAX,ORD,1710
JAX,DFW,1624
JAX,MIA,1719
JAX,MSP,269
JAX,CVG,247
JAX,AUS,77
JAX,LGA,1081
JAX,IND,124
JAX,TPA,1
JAX,BWI,1220
JAX,DCA,1739
JAX,PHL,1201
JAX,ORF,18
JAX,ATL,5285
JAX,STL,49
JAX,BUF,27
JAX,CLT,2805
JAX,TTN,114
JAX,MKE,15
JAX,SDF,20
JAX,MDW,386
JAX,BLV,65
JAX,LCK,38
JAX,JFK,2144
JAX,HOU,403
JAX,DAL,70
JFK,RDU,3437
JFK,IAD,2082
JFK,BOS,6165
JFK,SAT,367
JFK,SFO,7828
JFK,LAS,4068
JFK,PHX,2737
JFK,CLE,2052
JFK,DEN,1564
JFK,SMF,345
JFK,SAN,2371
JFK,MCO,5057
JFK,FLL,3881
JFK,PIT,1406
JFK,RSW,1168
JFK,SEA,3232
JFK,DTW,1455
JFK,BNA,1484
JFK,RNO,282
JFK,ORD,2868
JFK,MSY,1873
JFK,DFW,1421
JFK,LAX,12790
JFK,ONT,118
JFK,JAX,2145
JFK,SJC,700
JFK,SNA,65
JFK,PDX,1284
JFK,MIA,3593
JFK,MSP,1418
JFK,CVG,728
JFK,AUS,2182
JFK,IND,1055
JFK,TPA,2679
JFK,BWI,1608
JFK,DCA,2901
JFK,CHS,1668
JFK,PHL,897
JFK,ROC,2208
JFK,SJU,2691
JFK,ORF,1369
JFK,ATL,3249
JFK,PBI,1954
JFK,ABQ,314
JFK,SRQ,390
JFK,SLC,1993
JFK,CMH,1335
JFK,HNL,383
JFK,SAV,1447
JFK,BUR,448
JFK,BUF,3760
JFK,PSP,216
JFK,BQN,452
JFK,RIC,988
JFK,PWM,2044
JFK,BTV,1748
JFK,CLT,4021
JFK,JAC,15
JFK,BGR,464
JFK,SYR,1838
JFK,OAK,300
JFK,HOU,365
JFK,STT,174
JFK,DAB,365
JFK,LGB,711
JFK,EGE,104
JFK,ORH,244
JFK,PSE,344
JFK,MVY,200
JFK,ACK,487
JFK,HYA,89
JLN,DFW,805
JMS,DEN,362
JMS,DVL,627
JNU,SEA,1403
JNU,ANC,1121
JNU,KTN,313
JNU,YAK,361
JNU,SIT,762
JNU,PSG,363
JNU,GST,84
KOA,SFO,1315
KOA,PHX,339
KOA,DEN,362
KOA,SMF,5
KOA,SAN,226
KOA,SEA,969
KOA,DFW,136
KOA,LAX,1892
KOA,SJC,236
KOA,PDX,240
KOA,OGG,1095
KOA,LIH,492
KOA,HNL,7292
KOA,ANC,61
KOA,BLI,26
KOA,OAK,332
KTN,SEA,1390
KTN,JNU,313
KTN,SIT,365
KTN,WRG,362
LAN,DTW,1446
LAN,ORD,1223
LAN,MSP,844
LAR,DEN,625
LAS,EWR,2579
LAS,RDU,742
LAS,EUG,118
LAS,IAD,1073
LAS,BOS,1594
LAS,SAT,1686
LAS,SFO,7883
LAS,IAH,2997
LAS,PHX,5454
LAS,CLE,1108
LAS,DEN,6861
LAS,SMF,2786
LAS,SAN,4906
LAS,MCO,1362
LAS,FLL,1100
LAS,PIT,984
LAS,RSW,13
LAS,SEA,6567
LAS,DTW,3256
LAS,BNA,1336
LAS,RNO,3490
LAS,MCI,1752
LAS,ORD,4640
LAS,MSY,1098
LAS,MSN,153
LAS,DFW,4623
LAS,LAX,11927
LAS,ONT,1424
LAS,JAX,104
LAS,SJC,3405
LAS,SNA,3564
LAS,PDX,3119
LAS,GRR,145
LAS,MIA,1211
LAS,FSD,212
LAS,MSP,2776
LAS,CVG,937
LAS,MFE,289
LAS,AUS,1676
LAS,IND,1230
LAS,TPA,1214
LAS,BWI,2099
LAS,DCA,354
LAS,PHL,1922
LAS,ORF,45
LAS,ATL,4668
LAS,BDL,235
LAS,ABQ,1475
LAS,DSM,593
LAS,SLC,3712
LAS,FAT,508
LAS,CMH,1010
LAS,HNL,933
LAS,BUR,3338
LAS,OKC,822
LAS,ALB,27
LAS,STL,1670
LAS,OMA,1150
LAS,BUF,559
LAS,ANC,6
LAS,MFR,115
LAS,TUS,1194
LAS,GEG,770
LAS,BIL,113
LAS,BZN,112
LAS,ICT,481
LAS,BOI,826
LAS,CLT,1649
LAS,CID,122
LAS,TYS,110
LAS,COS,397
LAS,ELP,855
LAS,MEM,346
LAS,MKE,1175
LAS,BHM,365
LAS,TUL,478
LAS,LIT,365
LAS,BIS,159
LAS,SHV,120
LAS,LBB,393
LAS,MAF,411
LAS,SBN,106
LAS,XNA,106
LAS,FAR,164
LAS,SDF,479
LAS,GSP,33
LAS,AMA,365
LAS,PIA,132
LAS,LRD,108
LAS,SGF,120
LAS,MLI,106
LAS,ATW,106
LAS,MDW,2970
LAS,BLV,106
LAS,RFD,106
LAS,AZA,152
LAS,IDA,106
LAS,MSO,109
LAS,BLI,773
LAS,SCK,564
LAS,OAK,4382
LAS,RAP,112
LAS,MOT,143
LAS,GRI,113
LAS,GTF,110
LAS,PSC,129
LAS,FCA,107
LAS,GFK,110
LAS,SMX,170
LAS,OGD,1
LAS,MRY,106
LAS,GJT,107
LAS,JFK,4066
LAS,HOU,1646
LAS,CPR,1
LAS,LGB,2220
LAS,DAL,1803
LAW,DFW,1342
LAX,EWR,5224
LAX,RDU,1041
LAX,EUG,847
LAX,IAD,3836
LAX,BOS,5687
LAX,SAT,1482
LAX,SFO,15143
LAX,IAH,4775
LAX,LAS,11948
LAX,PHX,6736
LAX,CLE,930
LAX,DEN,8060
LAX,SMF,4422
LAX,SAN,3855
LAX,MCO,3522
LAX,FLL,1718
LAX,PIT,683
LAX,SEA,8900
LAX,DTW,2603
LAX,BNA,2340
LAX,RNO,2335
LAX,MCI,2005
LAX,ORD,8375
LAX,MSY,2585
LAX,MSN,1
LAX,DFW,7170
LAX,SJC,5068
LAX,PDX,4632
LAX,MIA,2954
LAX,FSD,20
LAX,MSP,2916
LAX,CVG,897
LAX,MFE,21
LAX,AUS,3910
LAX,IND,1267
LAX,TPA,788
LAX,BWI,2078
LAX,DCA,1459
LAX,PHL,2873
LAX,SBA,1416
LAX,ATL,6616
LAX,BDL,306
LAX,ABQ,1293
LAX,DSM,20
LAX,KOA,1892
LAX,SLC,5749
LAX,OGG,3361
LAX,FAT,2341
LAX,LIH,2006
LAX,CMH,689
LAX,HNL,5969
LAX,OKC,82
LAX,STL,1721
LAX,OMA,206
LAX,BUF,308
LAX,PSP,366
LAX,ANC,472
LAX,MFR,1051
LAX,ITO,327
LAX,TUS,2698
LAX,GEG,11
LAX,BIL,20
LAX,BZN,362
LAX,ICT,20
LAX,BOI,948
LAX,CLT,2176
LAX,CID,20
LAX,COS,811
LAX,ELP,777
LAX,MEM,392
LAX,MKE,347
LAX,TUL,109
LAX,LIT,20
LAX,JAC,357
LAX,XNA,20
LAX,FAR,20
LAX,SDF,2
LAX,MTJ,65
LAX,SGF,119
LAX,MDW,2056
LAX,IDA,24
LAX,MSO,120
LAX,BLI,149
LAX,OAK,5739
LAX,PVU,109
LAX,PSC,20
LAX,FCA,125
LAX,OGD,19
LAX,MRY,1518
LAX,GJT,20
LAX,JFK,12791
LAX,HOU,1653
LAX,DRO,13
LAX,ASE,1103
LAX,RDM,632
LAX,HDN,97
LAX,ACV,208
LAX,SBP,1382
LAX,SGU,368
LAX,FLG,18
LAX,EGE,107
LAX,DAL,2456
LAX,SUN,25
LAX,MMH,31
LAX,PRC,112
LBB,IAH,1158
LBB,LAS,393
LBB,PHX,444
LBB,DEN,207
LBB,DFW,2121
LBB,AUS,350
LBB,SAF,1
LBB,HOU,13
LBB,DAL,1686
LBE,MCO,365
LBE,FLL,327
LBE,RSW,85
LBE,TPA,62
LBE,MYR,251
LBF,DEN,569
LBL,DEN,283
LBL,PUB,278
LCH,IAH,1005
LCH,DFW,935
LCK,FLL,125
LCK,MSY,26
LCK,JAX,38
LCK,AUS,54
LCK,MYR,148
LCK,SAV,107
LCK,VPS,57
LCK,SFB,175
LCK,PIE,194
LCK,PGD,160
LEX,EWR,277
LEX,IAH,366
LEX,FLL,152
LEX,DTW,1283
LEX,ORD,1418
LEX,DFW,828
LEX,MSP,244
LEX,LGA,302
LEX,DCA,288
LEX,ATL,2514
LEX,MYR,36
LEX,SAV,38
LEX,CLT,1702
LEX,VPS,22
LEX,SFB,278
LEX,PIE,151
LEX,PGD,198
LFT,IAH,1839
LFT,DEN,20
LFT,MCO,21
LFT,DFW,1404
LFT,ATL,1276
LGA,RDU,4789
LGA,IAD,1387
LGA,BOS,10349
LGA,SAT,4
LGA,IAH,4314
LGA,PHX,8
LGA,CLE,4844
LGA,DEN,3980
LGA,MCO,3825
LGA,FLL,5146
LGA,PIT,4146
LGA,RSW,1115
LGA,DTW,5165
LGA,BNA,4512
LGA,MCI,1896
LGA,ORD,15279
LGA,MSY,1096
LGA,MSN,696
LGA,DFW,6231
LGA,JAX,1081
LGA,GRR,714
LGA,MIA,6195
LGA,MSP,3213
LGA,CVG,2819
LGA,IND,2594
LGA,TPA,2093
LGA,DCA,7225
LGA,CHS,1057
LGA,PHL,1030
LGA,ROC,1492
LGA,ORF,2718
LGA,ATL,9608
LGA,PBI,2674
LGA,SRQ,346
LGA,DSM,343
LGA,MYR,797
LGA,CMH,3773
LGA,SAV,974
LGA,STL,4185
LGA,OMA,492
LGA,BUF,1539
LGA,AVL,16
LGA,RIC,2937
LGA,PWM,1813
LGA,BTV,973
LGA,BZN,11
LGA,CLT,6089
LGA,TYS,541
LGA,MEM,1347
LGA,MKE,2240
LGA,BHM,528
LGA,GSO,2142
LGA,CHA,159
LGA,CAE,309
LGA,SBN,2
LGA,XNA,886
LGA,SDF,1787
LGA,GSP,570
LGA,DAY,1033
LGA,LEX,301
LGA,CAK,313
LGA,BGR,1205
LGA,MHT,591
LGA,MTJ,15
LGA,SYR,1245
LGA,MDW,2162
LGA,AGS,15
LGA,ROA,338
LGA,ILM,911
LGA,CHO,986
LGA,HOU,1002
LGA,TVC,89
LGA,EGE,2
LGA,DAL,2543
LGA,MVY,119
LGA,ACK,129
LGB,BOS,447
LGB,SFO,1428
LGB,LAS,2219
LGB,PHX,1218
LGB,DEN,114
LGB,SMF,1696
LGB,FLL,365
LGB,SEA,600
LGB,RNO,377
LGB,SJC,1223
LGB,PDX,612
LGB,AUS,459
LGB,SLC,2540
LGB,HNL,214
LGB,BZN,6
LGB,OAK,2560
LGB,JFK,713
LGB,HDN,5
LIH,SFO,687
LIH,PHX,368
LIH,DEN,361
LIH,SAN,252
LIH,SEA,976
LIH,DFW,35
LIH,LAX,2006
LIH,SJC,288
LIH,PDX,167
LIH,KOA,492
LIH,OGG,1427
LIH,HNL,6811
LIH,OAK,337
LIT,IAH,1814
LIT,LAS,365
LIT,PHX,289
LIT,DEN,696
LIT,MCO,14
LIT,DTW,230
LIT,ORD,1521
LIT,DFW,2785
LIT,LAX,20
LIT,DCA,271
LIT,ATL,2232
LIT,STL,676
LIT,CLT,1181
LIT,SFB,107
LIT,DAL,1031
LNK,DEN,369
LNK,ORD,139
LNK,MSP,1010
LNK,ATL,262
LRD,IAH,991
LRD,LAS,108
LRD,DFW,1343
LSE,ORD,1146
LSE,MSP,993
LWB,IAD,135
LWB,ORD,271
LWB,SHD,170
LWS,SLC,717
LYH,CLT,1066
MAF,IAH,2347
MAF,LAS,411
MAF,PHX,445
MAF,DEN,819
MAF,DFW,2108
MAF,HOU,1024
MAF,DAL,1614
MBS,DTW,1516
MBS,ORD,1033
MBS,MSP,296
MCI,EWR,1049
MCI,RDU,387
MCI,IAD,769
MCI,BOS,987
MCI,SAT,362
MCI,SFO,1001
MCI,IAH,1756
MCI,LAS,1752
MCI,PHX,2042
MCI,DEN,4109
MCI,SAN,1037
MCI,MCO,1369
MCI,FLL,495
MCI,RSW,157
MCI,SEA,1040
MCI,DTW,1638
MCI,BNA,1235
MCI,ORD,3675
MCI,MSY,401
MCI,DFW,2384
MCI,LAX,2005
MCI,JAX,15
MCI,PDX,395
MCI,MIA,377
MCI,MSP,2449
MCI,CVG,494
MCI,AUS,357
MCI,LGA,1895
MCI,IND,632
MCI,TPA,519
MCI,BWI,911
MCI,DCA,1595
MCI,PHL,1113
MCI,ATL,4134
MCI,ABQ,373
MCI,MYR,20
MCI,SLC,994
MCI,STL,1298
MCI,CLT,1378
MCI,MKE,607
MCI,PNS,48
MCI,VPS,84
MCI,MDW,2818
MCI,SFB,82
MCI,PIE,88
MCI,PGD,105
MCI,AZA,43
MCI,OAK,411
MCI,HOU,986
MCI,DAL,2324
MCO,EWR,7123
MCO,RDU,2094
MCO,IAD,2056
MCO,BOS,4034
MCO,SAT,666
MCO,SFO,1496
MCO,IAH,3099
MCO,LAS,1363
MCO,PHX,1560
MCO,CLE,1301
MCO,DEN,3156
MCO,SMF,240
MCO,SAN,758
MCO,FLL,2415
MCO,PIT,1939
MCO,SEA,1045
MCO,DTW,3634
MCO,BNA,1914
MCO,MCI,1369
MCO,ORD,4772
MCO,MSY,1931
MCO,MSN,75
MCO,DFW,4098
MCO,LAX,3523
MCO,ONT,138
MCO,SJC,237
MCO,PDX,365
MCO,GRR,361
MCO,MIA,2886
MCO,MSP,1928
MCO,CVG,1167
MCO,AUS,1227
MCO,LGA,3828
MCO,IND,1887
MCO,BWI,4442
MCO,DCA,3881
MCO,PHL,5205
MCO,ROC,395
MCO,SJU,4529
MCO,ORF,536
MCO,ATL,9332
MCO,BDL,2420
MCO,ABQ,123
MCO,DSM,124
MCO,MYR,15
MCO,SLC,1309
MCO,CMH,1777
MCO,MDT,61
MCO,OKC,178
MCO,ALB,1062
MCO,STL,1941
MCO,OMA,231
MCO,BUF,1737
MCO,AVL,54
MCO,BQN,562
MCO,RIC,962
MCO,PWM,86
MCO,CLT,3510
MCO,CID,41
MCO,TYS,55
MCO,COS,245
MCO,PVD,2251
MCO,TTN,462
MCO,MEM,620
MCO,ISP,1560
MCO,MKE,1402
MCO,BHM,810
MCO,TUL,85
MCO,LIT,14
MCO,GSO,54
MCO,JAN,25
MCO,SDF,469
MCO,GSP,33
MCO,LFT,21
MCO,CAK,327
MCO,MHT,757
MCO,HSV,28
MCO,SYR,419
MCO,FNT,18
MCO,MDW,2710
MCO,HPN,1177
MCO,BMI,39
MCO,SWF,365
MCO,OAK,180
MCO,PSM,11
MCO,JFK,5051
MCO,HOU,1616
MCO,ACY,730
MCO,LBE,363
MCO,STT,23
MCO,DAL,1365
MCO,ORH,365
MCO,PSE,448
MDT,RDU,14
MDT,IAD,136
MDT,DEN,34
MDT,MCO,61
MDT,DTW,1072
MDT,ORD,1803
MDT,ATL,1021
MDT,MYR,65
MDT,CLT,1622
MDT,HPN,1
MDT,SFB,229
MDT,PIE,140
MDT,PGD,106
MDW,EWR,1963
MDW,RDU,1191
MDW,BOS,1588
MDW,SAT,786
MDW,SFO,810
MDW,LAS,2997
MDW,PHX,2576
MDW,CLE,1765
MDW,DEN,3116
MDW,SMF,438
MDW,SAN,1297
MDW,MCO,2695
MDW,FLL,1355
MDW,PIT,1651
MDW,RSW,1205
MDW,SEA,1000
MDW,DTW,2271
MDW,BNA,2311
MDW,RNO,218
MDW,MCI,2809
MDW,MSY,1136
MDW,LAX,2039
MDW,ONT,365
MDW,JAX,386
MDW,SJC,501
MDW,SNA,96
MDW,PDX,756
MDW,GRR,1042
MDW,MSP,4387
MDW,CVG,1698
MDW,AUS,1022
MDW,LGA,2158
MDW,IND,624
MDW,TPA,1642
MDW,BWI,2447
MDW,DCA,2192
MDW,CHS,654
MDW,PHL,1991
MDW,SJU,232
MDW,ORF,669
MDW,ATL,4151
MDW,PBI,5
MDW,BDL,943
MDW,ABQ,697
MDW,SLC,758
MDW,CMH,1941
MDW,BUR,54
MDW,OKC,317
MDW,ALB,724
MDW,STL,2503
MDW,OMA,1814
MDW,BUF,1012
MDW,TUS,370
MDW,GEG,61
MDW,PWM,22
MDW,BOI,69
MDW,CLT,820
MDW,PVD,949
MDW,MEM,692
MDW,BHM,676
MDW,PNS,58
MDW,ECP,13
MDW,SDF,1232
MDW,MHT,892
MDW,FNT,445
MDW,OAK,1106
MDW,HOU,2212
MDW,DAL,2480
MEI,ORD,363
MEI,DFW,365
MEI,PIB,365
MEM,EWR,605
MEM,SAT,27
MEM,IAH,1588
MEM,LAS,346
MEM,PHX,711
MEM,DEN,617
MEM,MCO,620
MEM,FLL,117
MEM,DTW,657
MEM,ORD,1886
MEM,DFW,2301
MEM,LAX,391
MEM,MIA,450
MEM,MSP,941
MEM,AUS,54
MEM,LGA,1346
MEM,TPA,385
MEM,BWI,476
MEM,DCA,847
MEM,PHL,858
MEM,ATL,3443
MEM,CLT,2195
MEM,VPS,32
MEM,MDW,692
MEM,SFB,120
MEM,PIE,99
MEM,AZA,23
MEM,OAK,26
MEM,HOU,658
MEM,DAL,527
MFE,IAH,1889
MFE,LAS,289
MFE,DFW,2337
MFE,LAX,21
MFE,BRO,1
MFE,SFB,73
MFR,SFO,1626
MFR,LAS,115
MFR,PHX,363
MFR,DEN,886
MFR,SEA,200
MFR,LAX,1050
MFR,SLC,444
MFR,AZA,26
MFR,ACV,1
MGM,DFW,955
MGM,DCA,169
MGM,ATL,2300
MGM,CLT,696
MHK,ORD,797
MHK,DFW,1037
MHT,EWR,373
MHT,MCO,767
MHT,FLL,4
MHT,DTW,586
MHT,ORD,358
MHT,LGA,591
MHT,TPA,476
MHT,BWI,2060
MHT,DCA,1118
MHT,PHL,1039
MHT,ATL,357
MHT,CLT,1106
MHT,MDW,891
MIA,EWR,2839
MIA,RDU,1139
MIA,IAD,836
MIA,BOS,2478
MIA,SAT,345
MIA,SFO,1802
MIA,IAH,3163
MIA,LAS,1211
MIA,PHX,1099
MIA,CLE,992
MIA,DEN,1406
MIA,SAN,463
MIA,MCO,2885
MIA,PIT,892
MIA,RSW,36
MIA,SEA,459
MIA,DTW,1712
MIA,BNA,1081
MIA,MCI,378
MIA,ORD,4355
MIA,MSY,1459
MIA,DFW,3685
MIA,LAX,2954
MIA,JAX,1719
MIA,GRR,13
MIA,MSP,1471
MIA,CVG,830
MIA,AUS,1011
MIA,LGA,6191
MIA,IND,1063
MIA,TPA,2177
MIA,BWI,1015
MIA,DCA,3271
MIA,CHS,1042
MIA,PHL,2424
MIA,SJU,2313
MIA,ORF,926
MIA,ATL,6564
MIA,BDL,359
MIA,SLC,85
MIA,CMH,1037
MIA,SAV,221
MIA,STL,1013
MIA,OMA,245
MIA,BUF,64
MIA,RIC,553
MIA,CLT,2675
MIA,TYS,25
MIA,PVD,110
MIA,TTN,42
MIA,MEM,450
MIA,ISP,92
MIA,MKE,97
MIA,BHM,719
MIA,TUL,33
MIA,GSO,371
MIA,PNS,1089
MIA,SDF,381
MIA,GSP,26
MIA,EYW,1482
MIA,JFK,3599
MIA,TLH,1285
MIA,GNV,634
MIA,HOU,13
MIA,STT,730
MIA,EGE,107
MIA,STX,644
MKE,EWR,893
MKE,RDU,95
MKE,BOS,1094
MKE,SFO,61
MKE,IAH,671
MKE,LAS,1181
MKE,PHX,1559
MKE,CLE,912
MKE,DEN,2246
MKE,SAN,122
MKE,MCO,1400
MKE,FLL,249
MKE,RSW,471
MKE,SEA,836
MKE,DTW,2008
MKE,BNA,699
MKE,MCI,608
MKE,ORD,1991
MKE,DFW,1297
MKE,LAX,347
MKE,JAX,15
MKE,PDX,73
MKE,MIA,97
MKE,MSP,1922
MKE,CVG,266
MKE,AUS,95
MKE,LGA,2240
MKE,TPA,571
MKE,BWI,944
MKE,DCA,677
MKE,PHL,344
MKE,ATL,3166
MKE,SLC,313
MKE,STL,661
MKE,CLT,1736
MKE,ATW,1
MKE,SFB,74
MKE,PIE,100
MKE,PGD,72
MKE,AZA,35
MKE,HOU,299
MKE,DAL,66
MKG,ORD,720
MLB,ATL,1547
MLB,CLT,906
MLI,LAS,107
MLI,DEN,236
MLI,DTW,659
MLI,ORD,1397
MLI,DFW,725
MLI,MSP,490
MLI,ATL,1049
MLI,SFB,97
MLI,PIE,98
MLI,PGD,92
MLI,AZA,98
MLU,IAH,845
MLU,DFW,928
MLU,ATL,1309
MMH,SFO,105
MMH,DEN,13
MMH,LAX,31
MOB,IAH,1644
MOB,ORD,247
MOB,DFW,1011
MOB,ATL,2387
MOB,CLT,1277
MOT,LAS,144
MOT,DEN,610
MOT,MSP,1660
MOT,AZA,145
MOT,JMS,1
MQT,DTW,536
MQT,ORD,456
MQT,MSP,360
MRY,SFO,726
MRY,LAS,106
MRY,PHX,1180
MRY,DEN,175
MRY,SAN,206
MRY,LAX,1518
MSN,EWR,703
MSN,RDU,2
MSN,IAD,2
MSN,BOS,2
MSN,SFO,208
MSN,IAH,2
MSN,LAS,153
MSN,PHX,13
MSN,CLE,2
MSN,DEN,850
MSN,MCO,75
MSN,SEA,1
MSN,DTW,1376
MSN,BNA,2
MSN,ORD,3305
MSN,DFW,1027
MSN,LAX,1
MSN,MSP,1713
MSN,LGA,696
MSN,DCA,291
MSN,PHL,556
MSN,ATL,1168
MSN,SLC,311
MSN,STL,1
MSN,CLT,723
MSO,SFO,130
MSO,LAS,109
MSO,DEN,806
MSO,SEA,91
MSO,ORD,149
MSO,DFW,207
MSO,LAX,120
MSO,MSP,546
MSO,ATL,13
MSO,SLC,1084
MSO,BZN,1
MSO,AZA,133
MSO,OAK,41
MSP,EWR,3313
MSP,RDU,1198
MSP,IAD,1448
MSP,BOS,2837
MSP,SAT,907
MSP,SFO,2766
MSP,IAH,3318
MSP,LAS,2776
MSP,PHX,4077
MSP,CLE,1347
MSP,DEN,5792
MSP,SMF,625
MSP,SAN,1355
MSP,MCO,1929
MSP,FLL,589
MSP,PIT,1248
MSP,RSW,1004
MSP,SEA,3033
MSP,DTW,3093
MSP,BNA,1784
MSP,RNO,22
MSP,MCI,2449
MSP,ORD,7502
MSP,MSY,572
MSP,MSN,1758
MSP,DFW,4327
MSP,LAX,2918
MSP,JAX,269
MSP,DLH,1619
MSP,SJC,659
MSP,SNA,972
MSP,PDX,1590
MSP,GRR,1608
MSP,MIA,1471
MSP,FSD,2072
MSP,CVG,1708
MSP,AUS,1024
MSP,LGA,3212
MSP,IND,1522
MSP,TPA,1099
MSP,BWI,1967
MSP,DCA,2907
MSP,CHS,27
MSP,PHL,2475
MSP,ROC,317
MSP,SJU,2
MSP,ORF,163
MSP,ATL,4947
MSP,PBI,39
MSP,BDL,1216
MSP,ABQ,205
MSP,DSM,1666
MSP,MYR,81
MSP,SLC,1957
MSP,CMH,1149
MSP,HNL,230
MSP,SAV,24
MSP,OKC,727
MSP,ALB,254
MSP,STL,2414
MSP,OMA,1759
MSP,BUF,360
MSP,PSP,130
MSP,ANC,534
MSP,RIC,539
MSP,TUS,183
MSP,GEG,854
MSP,BIL,833
MSP,BZN,856
MSP,ICT,966
MSP,BOI,737
MSP,CLT,2604
MSP,CID,1148
MSP,TYS,358
MSP,COS,76
MSP,PVD,1
MSP,TTN,95
MSP,MEM,941
MSP,ISP,50
MSP,MKE,1922
MSP,TUL,482
MSP,BIS,2077
MSP,FWA,343
MSP,JAC,110
MSP,SBN,660
MSP,XNA,545
MSP,FAR,2431
MSP,SDF,601
MSP,DAY,1016
MSP,CWA,941
MSP,LEX,244
MSP,PIA,300
MSP,SYR,246
MSP,HRL,93
MSP,LAN,843
MSP,FNT,732
MSP,MLI,490
MSP,RST,1300
MSP,ATW,1221
MSP,MDW,4384
MSP,BMI,292
MSP,GRB,1302
MSP,IDA,12
MSP,MSO,546
MSP,OAK,166
MSP,RAP,1491
MSP,MOT,1660
MSP,GTF,374
MSP,PSC,502
MSP,FCA,410
MSP,GFK,1892
MSP,JFK,1419
MSP,AZO,573
MSP,MQT,360
MSP,TVC,372
MSP,LSE,993
MSP,ISN,715
MSP,ASE,27
MSP,HLN,340
MSP,LNK,1010
MSP,HDN,92
MSP,ABR,745
MSP,BJI,740
MSP,BRD,637
MSP,CIU,363
MSP,HIB,625
MSP,RHI,726
MSP,IMT,350
MSP,INL,650
MSP,DAL,9
MSP,MBS,296
MSP,FAI,102
MSY,EWR,1635
MSY,RDU,258
MSY,IAD,831
MSY,BOS,1032
MSY,SAT,517
MSY,SFO,821
MSY,IAH,3237
MSY,LAS,1101
MSY,PHX,521
MSY,CLE,199
MSY,DEN,1743
MSY,SMF,81
MSY,SAN,365
MSY,MCO,1918
MSY,FLL,1789
MSY,PIT,107
MSY,SEA,377
MSY,DTW,1417
MSY,BNA,1212
MSY,MCI,401
MSY,ORD,2001
MSY,DFW,2763
MSY,LAX,2584
MSY,SJC,18
MSY,MIA,1459
MSY,MSP,572
MSY,CVG,127
MSY,AUS,853
MSY,LGA,1097
MSY,IND,72
MSY,TPA,1504
MSY,BWI,1471
MSY,DCA,2142
MSY,PHL,1076
MSY,ATL,5533
MSY,SLC,348
MSY,CMH,190
MSY,STL,718
MSY,CLT,2425
MSY,PVD,27
MSY,ISP,37
MSY,MDW,1132
MSY,SFB,40
MSY,LCK,26
MSY,USA,96
MSY,PIE,38
MSY,OAK,357
MSY,JFK,1873
MSY,HOU,3198
MSY,ACY,111
MSY,DAL,2433
MTJ,EWR,34
MTJ,SFO,52
MTJ,IAH,189
MTJ,PHX,195
MTJ,DEN,302
MTJ,ORD,40
MTJ,DFW,530
MTJ,LAX,65
MTJ,LGA,15
MTJ,ATL,43
MTJ,SLC,14
MTJ,CLT,15
MVY,BOS,76
MVY,LGA,119
MVY,DCA,97
MVY,JFK,200
MYR,EWR,673
MYR,BOS,422
MYR,CLE,236
MYR,DEN,52
MYR,MCO,15
MYR,FLL,441
MYR,PIT,292
MYR,DTW,493
MYR,BNA,42
MYR,MCI,20
MYR,ORD,289
MYR,DFW,83
MYR,MSP,81
MYR,CVG,90
MYR,LGA,797
MYR,IND,44
MYR,BWI,319
MYR,DCA,288
MYR,PHL,482
MYR,ATL,1337
MYR,BDL,270
MYR,CMH,123
MYR,MDT,65
MYR,CLT,2915
MYR,PVD,77
MYR,TTN,95
MYR,ISP,88
MYR,FWA,20
MYR,CRW,42
MYR,ABE,87
MYR,SDF,22
MYR,DAY,26
MYR,LEX,36
MYR,SYR,46
MYR,FNT,22
MYR,BLV,36
MYR,LCK,148
MYR,CKB,32
MYR,PBG,42
MYR,HTS,60
MYR,IAG,152
MYR,SWF,63
MYR,PSM,24
MYR,ACY,365
MYR,LBE,250
OAJ,ATL,1299
OAJ,CLT,1811
OAK,EWR,228
OAK,EUG,127
OAK,BOS,83
OAK,SAT,177
OAK,IAH,192
OAK,LAS,4391
OAK,PHX,3406
OAK,DEN,1673
OAK,SAN,3890
OAK,MCO,180
OAK,SEA,3553
OAK,DTW,192
OAK,BNA,365
OAK,RNO,857
OAK,MCI,411
OAK,ORD,170
OAK,MSY,357
OAK,DFW,491
OAK,LAX,5738
OAK,ONT,2425
OAK,SNA,2594
OAK,PDX,2185
OAK,MSP,166
OAK,AUS,362
OAK,IND,166
OAK,BWI,581
OAK,ATL,431
OAK,ABQ,873
OAK,KOA,332
OAK,SLC,2178
OAK,OGG,683
OAK,LIH,337
OAK,CMH,301
OAK,HNL,572
OAK,BUR,4201
OAK,STL,334
OAK,TUS,40
OAK,GEG,753
OAK,BOI,747
OAK,MEM,26
OAK,MDW,1109
OAK,AZA,159
OAK,IDA,26
OAK,MSO,41
OAK,BLI,206
OAK,PVU,1
OAK,FCA,24
OAK,JFK,300
OAK,HOU,789
OAK,LGB,2582
OAK,DAL,671
OGD,LAS,1
OGD,LAX,19
OGD,AZA,106
OGG,SFO,2352
OGG,PHX,507
OGG,DEN,365
OGG,SMF,365
OGG,SAN,595
OGG,SEA,1413
OGG,ORD,206
OGG,DFW,523
OGG,LAX,3362
OGG,SJC,700
OGG,PDX,991
OGG,KOA,1095
OGG,SLC,73
OGG,LIH,1427
OGG,HNL,9874
OGG,ANC,71
OGG,ITO,730
OGG,BLI,86
OGG,OAK,683
OGS,SFB,79
OGS,PIE,58
OKC,EWR,260
OKC,IAD,367
OKC,SAT,42
OKC,SFO,366
OKC,IAH,2772
OKC,LAS,820
OKC,PHX,1012
OKC,DEN,2757
OKC,SAN,72
OKC,MCO,179
OKC,FLL,3
OKC,SEA,23
OKC,DTW,512
OKC,BNA,22
OKC,ORD,2183
OKC,DFW,3123
OKC,LAX,82
OKC,MSP,727
OKC,BWI,378
OKC,DCA,58
OKC,PHL,405
OKC,ATL,1979
OKC,SLC,700
OKC,STL,679
OKC,CLT,791
OKC,VPS,106
OKC,MDW,317
OKC,SFB,92
OKC,HOU,1319
OKC,ASE,1
OKC,DAL,1121
OMA,EWR,721
OMA,SAT,35
OMA,SFO,437
OMA,IAH,1303
OMA,LAS,1148
OMA,PHX,1509
OMA,DEN,2515
OMA,SAN,364
OMA,MCO,231
OMA,RSW,41
OMA,SEA,364
OMA,DTW,441
OMA,ORD,3255
OMA,DFW,1385
OMA,LAX,206
OMA,PDX,116
OMA,MIA,245
OMA,MSP,1750
OMA,AUS,62
OMA,LGA,493
OMA,TPA,14
OMA,DCA,654
OMA,PHL,557
OMA,ATL,1732
OMA,SLC,594
OMA,STL,966
OMA,CLT,991
OMA,MDW,1805
OMA,SFB,91
OMA,PIE,87
OMA,PGD,42
OMA,AZA,93
OMA,HOU,374
OMA,DAL,399
OME,ANC,670
OME,OTZ,51
ONT,SAT,165
ONT,SFO,1920
ONT,LAS,1426
ONT,PHX,4069
ONT,DEN,1722
ONT,SMF,2375
ONT,MCO,140
ONT,SEA,910
ONT,DFW,1753
ONT,SJC,1550
ONT,PDX,853
ONT,AUS,180
ONT,SLC,946
ONT,MDW,365
ONT,OAK,2421
ONT,JFK,118
ONT,LGB,1
ONT,DAL,365
ORD,EWR,5050
ORD,RDU,2567
ORD,IAD,1860
ORD,BOS,7390
ORD,SAT,1807
ORD,SFO,7013
ORD,IAH,5293
ORD,LAS,4639
ORD,PHX,5334
ORD,CLE,4975
ORD,DEN,6427
ORD,SMF,1009
ORD,SAN,3208
ORD,MCO,4775
ORD,FLL,3184
ORD,PIT,3944
ORD,RSW,2347
ORD,SEA,5721
ORD,DTW,6713
ORD,BNA,5004
ORD,RNO,338
ORD,MCI,3622
ORD,MSY,2087
ORD,MSN,3305
ORD,DFW,7531
ORD,LAX,8384
ORD,JAX,1712
ORD,DLH,1179
ORD,SJC,1275
ORD,SNA,2467
ORD,PDX,2762
ORD,GRR,3940
ORD,MIA,4352
ORD,FSD,1376
ORD,MSP,7491
ORD,CVG,5494
ORD,AUS,2543
ORD,LGA,15281
ORD,IND,4631
ORD,TPA,2836
ORD,BWI,3176
ORD,DCA,8090
ORD,CHS,1357
ORD,PHL,4763
ORD,ROC,2250
ORD,SJU,738
ORD,ORF,1674
ORD,ATL,7619
ORD,PBI,884
ORD,BDL,2504
ORD,ABQ,1020
ORD,SRQ,465
ORD,DSM,3364
ORD,MYR,289
ORD,SLC,3661
ORD,OGG,206
ORD,FAT,89
ORD,CMH,4739
ORD,HNL,378
ORD,MDT,1803
ORD,SAV,654
ORD,OKC,2206
ORD,ALB,2011
ORD,STL,2721
ORD,OMA,3337
ORD,BUF,2955
ORD,PSP,553
ORD,AVL,1153
ORD,ANC,555
ORD,RIC,2397
ORD,TUS,1180
ORD,GEG,380
ORD,PWM,931
ORD,BIL,68
ORD,BTV,1213
ORD,BZN,702
ORD,ICT,2162
ORD,BOI,1005
ORD,CLT,4889
ORD,CID,2677
ORD,TYS,1828
ORD,COS,1800
ORD,PVD,1105
ORD,ELP,1223
ORD,TTN,221
ORD,MEM,2022
ORD,ISP,169
ORD,MKE,1996
ORD,BHM,1755
ORD,TUL,1620
ORD,LIT,1525
ORD,GSO,833
ORD,PNS,509
ORD,BIS,462
ORD,MOB,246
ORD,CHA,832
ORD,FWA,2244
ORD,MHK,795
ORD,JAC,520
ORD,AVP,556
ORD,CAE,155
ORD,JAN,112
ORD,CRW,45
ORD,SBN,1456
ORD,ABE,365
ORD,XNA,1806
ORD,FAR,1476
ORD,SDF,1980
ORD,BRO,12
ORD,GSP,1343
ORD,LFT,1
ORD,DAY,1975
ORD,CWA,1263
ORD,LEX,1418
ORD,PIA,1279
ORD,CAK,1062
ORD,BGR,45
ORD,MHT,357
ORD,HSV,536
ORD,MTJ,40
ORD,SGF,1730
ORD,SYR,2522
ORD,HRL,12
ORD,LAN,1223
ORD,FNT,1301
ORD,MLI,1393
ORD,RST,1441
ORD,ATW,995
ORD,EYW,231
ORD,HPN,826
ORD,AGS,7
ORD,BMI,925
ORD,GRB,2221
ORD,CKB,366
ORD,MSO,149
ORD,OAK,171
ORD,RAP,502
ORD,TOL,994
ORD,GTF,76
ORD,EVV,1036
ORD,FCA,157
ORD,SPI,1017
ORD,JFK,2869
ORD,SUX,798
ORD,ILM,88
ORD,DBQ,1009
ORD,CMI,1678
ORD,COU,1016
ORD,AZO,974
ORD,CHO,730
ORD,MQT,456
ORD,TVC,1868
ORD,ALO,677
ORD,LSE,1146
ORD,STT,9
ORD,ASE,956
ORD,LNK,99
ORD,HDN,134
ORD,MEI,364
ORD,EGE,223
ORD,SCE,361
ORD,ERI,7
ORD,SUN,10
ORD,MBS,1034
ORD,SHD,77
ORD,LWB,273
ORD,MKG,721
ORD,CMX,727
ORD,EAU,720
ORD,PAH,720
ORD,UIN,625
ORD,CGI,313
ORD,SLN,230
ORD,FAI,75
ORF,EWR,793
ORF,IAD,1121
ORF,BOS,331
ORF,IAH,471
ORF,LAS,45
ORF,PHX,13
ORF,DEN,293
ORF,MCO,536
ORF,FLL,106
ORF,DTW,753
ORF,ORD,1676
ORF,DFW,784
ORF,JAX,18
ORF,MIA,926
ORF,MSP,163
ORF,LGA,2718
ORF,TPA,13
ORF,BWI,1650
ORF,DCA,1111
ORF,PHL,1281
ORF,ATL,2901
ORF,CLT,2841
ORF,MDW,669
ORF,SFB,107
ORF,PIE,98
ORF,JFK,1367
ORH,MCO,361
ORH,FLL,360
ORH,JFK,243
OTH,SFO,337
OTH,DEN,34
OTZ,ANC,412
OTZ,OME,310
OWB,SFB,111
PAH,ORD,719
PBG,IAD,221
PBG,FLL,367
PBG,MYR,42
PBG,SFB,189
PBG,PIE,107
PBG,PGD,26
PBI,EWR,3449
PBI,RDU,20
PBI,BOS,2172
PBI,IAH,173
PBI,CLE,20
PBI,PIT,18
PBI,DTW,369
PBI,ORD,882
PBI,DFW,806
PBI,MSP,39
PBI,LGA,2674
PBI,BWI,1088
PBI,DCA,1099
PBI,PHL,1226
PBI,ATL,4267
PBI,BDL,370
PBI,CMH,14
PBI,STL,19
PBI,CLT,1791
PBI,PVD,5
PBI,TTN,206
PBI,ISP,948
PBI,MDW,5
PBI,HPN,1320
PBI,JFK,1948
PBI,ACY,155
PDX,EWR,1074
PDX,IAD,305
PDX,BOS,727
PDX,SFO,6136
PDX,IAH,822
PDX,LAS,3115
PDX,PHX,3168
PDX,CLE,54
PDX,DEN,3471
PDX,SMF,1842
PDX,SAN,2166
PDX,MCO,365
PDX,SEA,3512
PDX,DTW,658
PDX,RNO,244
PDX,MCI,395
PDX,ORD,2763
PDX,DFW,1883
PDX,LAX,4631
PDX,ONT,853
PDX,SJC,3155
PDX,SNA,1361
PDX,MSP,1612
PDX,AUS,514
PDX,BWI,145
PDX,DCA,365
PDX,PHL,158
PDX,SBA,139
PDX,ATL,1323
PDX,ABQ,101
PDX,KOA,239
PDX,SLC,2814
PDX,OGG,990
PDX,FAT,382
PDX,LIH,167
PDX,HNL,777
PDX,BUR,1004
PDX,STL,435
PDX,OMA,116
PDX,PSP,390
PDX,ANC,1108
PDX,TUS,125
PDX,GEG,20
PDX,BIL,135
PDX,BZN,57
PDX,BOI,780
PDX,CLT,444
PDX,MKE,73
PDX,MDW,756
PDX,BLI,139
PDX,OAK,2187
PDX,JFK,1284
PDX,HOU,121
PDX,STS,66
PDX,LGB,612
PDX,DAL,801
PGD,RDU,109
PGD,CLE,128
PGD,PIT,201
PGD,BNA,69
PGD,MCI,105
PGD,GRR,167
PGD,CVG,382
PGD,IND,285
PGD,ROC,94
PGD,DSM,129
PGD,MDT,106
PGD,ALB,7
PGD,OMA,42
PGD,AVL,176
PGD,CID,109
PGD,TYS,182
PGD,PVD,98
PGD,TTN,34
PGD,MKE,72
PGD,FWA,179
PGD,SBN,166
PGD,ABE,146
PGD,SDF,137
PGD,GSP,1
PGD,DAY,114
PGD,LEX,197
PGD,PIA,157
PGD,SGF,31
PGD,SYR,14
PGD,FNT,146
PGD,MLI,91
PGD,ATW,14
PGD,BLV,147
PGD,LCK,160
PGD,USA,113
PGD,PBG,26
PGD,HTS,24
PGD,IAG,190
PGD,RFD,166
PGD,SWF,102
PGD,TOL,125
PGD,SPI,118
PGD,PSM,121
PGD,STC,43
PGV,CLT,896
PHF,PHL,105
PHF,ATL,1114
PHF,CLT,1450
PHL,RDU,2890
PHL,IAD,1021
PHL,BOS,5935
PHL,SAT,414
PHL,SFO,2485
PHL,IAH,2497
PHL,LAS,1925
PHL,PHX,2601
PHL,CLE,927
PHL,DEN,2668
PHL,SAN,737
PHL,MCO,5207
PHL,FLL,2914
PHL,PIT,2046
PHL,RSW,1263
PHL,SEA,1011
PHL,DTW,3030
PHL,BNA,2399
PHL,MCI,1113
PHL,ORD,4762
PHL,MSY,1076
PHL,MSN,557
PHL,DFW,3627
PHL,LAX,2874
PHL,JAX,1201
PHL,PDX,158
PHL,GRR,418
PHL,MIA,2426
PHL,MSP,2471
PHL,CVG,2777
PHL,AUS,838
PHL,LGA,1030
PHL,IND,1928
PHL,TPA,2568
PHL,BWI,240
PHL,DCA,1239
PHL,CHS,835
PHL,ROC,335
PHL,SJU,1110
PHL,ORF,1282
PHL,ATL,6608
PHL,PBI,1225
PHL,BDL,1352
PHL,SRQ,7
PHL,DSM,481
PHL,MYR,482
PHL,SLC,504
PHL,CMH,1624
PHL,SAV,704
PHL,OKC,406
PHL,ALB,643
PHL,STL,2410
PHL,OMA,558
PHL,BUF,634
PHL,RIC,239
PHL,PWM,926
PHL,BTV,967
PHL,CLT,3413
PHL,TYS,828
PHL,PVD,1870
PHL,MEM,860
PHL,MKE,343
PHL,BHM,689
PHL,GSO,570
PHL,PNS,207
PHL,AVP,32
PHL,CAE,259
PHL,CRW,296
PHL,ABE,42
PHL,SDF,703
PHL,GSP,764
PHL,DAY,1541
PHL,CAK,706
PHL,BGR,736
PHL,MHT,1039
PHL,SYR,492
PHL,PHF,137
PHL,MDW,1990
PHL,AGS,7
PHL,JFK,893
PHL,ILM,484
PHL,HOU,6
PHL,STT,13
PHL,HVN,1029
PHL,DAL,366
PHL,ART,26
PHX,EWR,2503
PHX,RDU,343
PHX,EUG,410
PHX,IAD,367
PHX,BOS,1830
PHX,SAT,2569
PHX,SFO,5169
PHX,IAH,3019
PHX,LAS,5452
PHX,CLE,652
PHX,DEN,7615
PHX,SMF,3620
PHX,SAN,5358
PHX,MCO,1560
PHX,FLL,382
PHX,PIT,1045
PHX,RSW,20
PHX,SEA,5218
PHX,DTW,2571
PHX,BNA,1030
PHX,RNO,2210
PHX,MCI,2031
PHX,ORD,5337
PHX,MSY,523
PHX,MSN,13
PHX,DFW,4597
PHX,LAX,6736
PHX,ONT,4047
PHX,SJC,3730
PHX,SNA,4122
PHX,PDX,3168
PHX,GRR,27
PHX,MIA,1095
PHX,FSD,327
PHX,MSP,4075
PHX,CVG,244
PHX,AUS,2878
PHX,LGA,8
PHX,IND,1296
PHX,TPA,1290
PHX,BWI,1712
PHX,DCA,1057
PHX,PHL,2600
PHX,SBA,1567
PHX,ORF,12
PHX,ATL,3441
PHX,ABQ,3657
PHX,DSM,857
PHX,KOA,339
PHX,SLC,4665
PHX,OGG,507
PHX,FAT,1737
PHX,LIH,368
PHX,CMH,1072
PHX,HNL,976
PHX,BUR,3234
PHX,OKC,1018
PHX,STL,1947
PHX,OMA,1508
PHX,BUF,370
PHX,PSP,1818
PHX,ANC,172
PHX,MFR,363
PHX,TUS,2490
PHX,GEG,1110
PHX,ICT,365
PHX,BOI,1535
PHX,CLT,2901
PHX,COS,362
PHX,ELP,3065
PHX,MEM,711
PHX,MKE,1559
PHX,TUL,614
PHX,LIT,289
PHX,SAF,334
PHX,LBB,443
PHX,MAF,445
PHX,JAC,75
PHX,SDF,374
PHX,AMA,272
PHX,MTJ,195
PHX,MDW,2574
PHX,OAK,3403
PHX,MRY,1180
PHX,GJT,725
PHX,JFK,2737
PHX,ROW,363
PHX,HOU,1686
PHX,DRO,687
PHX,ASE,93
PHX,RDM,364
PHX,SBP,1305
PHX,STS,374
PHX,BFL,1034
PHX,SGU,821
PHX,FLG,1161
PHX,YUM,1376
PHX,LGB,1218
PHX,EGE,90
PHX,DAL,2103
PHX,IFP,45
PIA,LAS,132
PIA,DTW,599
PIA,ORD,1279
PIA,DFW,719
PIA,MSP,300
PIA,ATL,1031
PIA,CLT,722
PIA,VPS,36
PIA,SFB,77
PIA,PIE,140
PIA,PGD,157
PIA,AZA,156
PIB,MEI,729
PIE,RDU,97
PIE,CLE,116
PIE,PIT,196
PIE,BNA,58
PIE,MCI,88
PIE,MSY,38
PIE,GRR,276
PIE,FSD,74
PIE,CVG,388
PIE,AUS,65
PIE,IND,339
PIE,ORF,98
PIE,DSM,134
PIE,MDT,140
PIE,ALB,12
PIE,OMA,87
PIE,AVL,289
PIE,RIC,112
PIE,CID,125
PIE,TYS,268
PIE,PVD,86
PIE,TTN,1
PIE,MEM,99
PIE,MKE,100
PIE,TUL,24
PIE,GSO,109
PIE,CHA,113
PIE,FWA,166
PIE,AVP,1
PIE,SBN,131
PIE,ABE,161
PIE,SDF,142
PIE,GSP,127
PIE,DAY,115
PIE,LEX,150
PIE,PIA,140
PIE,BGR,165
PIE,SGF,153
PIE,SYR,189
PIE,FNT,212
PIE,MLI,98
PIE,ATW,99
PIE,BMI,109
PIE,BLV,168
PIE,LCK,194
PIE,USA,262
PIE,PBG,107
PIE,HTS,172
PIE,ROA,117
PIE,IAG,138
PIE,RFD,130
PIE,AZA,45
PIE,SWF,123
PIE,TOL,117
PIE,OGS,58
PIE,TRI,27
PIE,ELM,112
PIE,HGR,26
PIE,YNG,1
PIH,SLC,1262
PIT,EWR,2569
PIT,RDU,212
PIT,IAD,1434
PIT,BOS,3602
PIT,SFO,447
PIT,IAH,1679
PIT,LAS,985
PIT,PHX,1045
PIT,CLE,1
PIT,DEN,1226
PIT,SAN,41
PIT,MCO,1937
PIT,FLL,1172
PIT,RSW,555
PIT,SEA,117
PIT,DTW,1590
PIT,BNA,529
PIT,ORD,3947
PIT,MSY,107
PIT,DFW,1638
PIT,LAX,683
PIT,JAX,124
PIT,MIA,892
PIT,MSP,1245
PIT,AUS,65
PIT,LGA,4149
PIT,TPA,1008
PIT,BWI,1029
PIT,DCA,1003
PIT,CHS,69
PIT,PHL,2037
PIT,SJU,3
PIT,ATL,3483
PIT,PBI,18
PIT,SRQ,76
PIT,MYR,292
PIT,SLC,156
PIT,SAV,107
PIT,STL,404
PIT,CLT,3057
PIT,VPS,50
PIT,MDW,1654
PIT,SFB,123
PIT,PIE,196
PIT,PGD,201
PIT,JFK,1405
PIT,HOU,382
PIT,DAL,369
PLN,DTW,768
PLN,APN,259
PNS,IAH,1652
PNS,DEN,131
PNS,BNA,725
PNS,MCI,48
PNS,ORD,508
PNS,DFW,1567
PNS,MIA,1090
PNS,AUS,9
PNS,DCA,629
PNS,PHL,207
PNS,ATL,2733
PNS,STL,9
PNS,CLT,1605
PNS,CLL,1
PNS,MDW,58
PNS,HOU,366
PNS,DAL,48
PPG,HNL,122
PRC,DEN,124
PRC,LAX,112
PSC,SFO,365
PSC,LAS,129
PSC,DEN,593
PSC,SEA,524
PSC,LAX,20
PSC,MSP,502
PSC,SLC,637
PSC,AZA,116
PSE,MCO,448
PSE,JFK,344
PSG,JNU,362
PSG,WRG,362
PSM,MCO,11
PSM,MYR,24
PSM,SFB,146
PSM,PGD,122
PSP,EWR,13
PSP,SFO,2474
PSP,IAH,361
PSP,PHX,1817
PSP,DEN,1421
PSP,SEA,959
PSP,ORD,554
PSP,DFW,758
PSP,LAX,365
PSP,PDX,391
PSP,MSP,130
PSP,ATL,11
PSP,SLC,983
PSP,BLI,165
PSP,JFK,217
PUB,DEN,624
PUB,LBL,278
PVD,EWR,788
PVD,RDU,95
PVD,IAD,622
PVD,DEN,179
PVD,MCO,2254
PVD,FLL,895
PVD,RSW,157
PVD,DTW,920
PVD,ORD,1109
PVD,MSY,27
PVD,MIA,109
PVD,MSP,1
PVD,CVG,65
PVD,AUS,34
PVD,TPA,740
PVD,BWI,2624
PVD,DCA,2106
PVD,PHL,1870
PVD,ATL,1057
PVD,PBI,5
PVD,MYR,77
PVD,CLT,1856
PVD,MDW,959
PVD,PIE,86
PVD,PGD,98
PVU,SAN,1
PVU,LAX,109
PVU,TUS,14
PVU,AZA,422
PVU,OAK,1
PWM,EWR,1004
PWM,RDU,56
PWM,IAD,359
PWM,DEN,60
PWM,MCO,86
PWM,RSW,14
PWM,DTW,681
PWM,ORD,945
PWM,LGA,1813
PWM,TPA,20
PWM,BWI,1237
PWM,DCA,1389
PWM,PHL,926
PWM,ATL,660
PWM,CLT,820
PWM,MDW,22
PWM,JFK,2045
RAP,EWR,12
RAP,IAH,11
RAP,LAS,112
RAP,DEN,708
RAP,ORD,501
RAP,DFW,718
RAP,MSP,1489
RAP,ATL,17
RAP,SLC,468
RAP,CLT,48
RAP,AZA,163
RDD,SFO,1169
RDM,SFO,1608
RDM,PHX,364
RDM,DEN,437
RDM,SEA,292
RDM,LAX,631
RDM,SLC,439
RDM,MFR,2
RDU,EWR,3384
RDU,IAD,1451
RDU,BOS,3140
RDU,SAT,83
RDU,SFO,1011
RDU,IAH,1555
RDU,LAS,743
RDU,PHX,343
RDU,CLE,229
RDU,DEN,1657
RDU,SAN,40
RDU,MCO,2095
RDU,FLL,1387
RDU,PIT,211
RDU,RSW,13
RDU,SEA,718
RDU,DTW,1291
RDU,BNA,1499
RDU,MCI,387
RDU,ORD,2565
RDU,MSY,258
RDU,MSN,3
RDU,DFW,1973
RDU,LAX,1041
RDU,MIA,1139
RDU,MSP,1179
RDU,CVG,725
RDU,AUS,419
RDU,LGA,4789
RDU,IND,426
RDU,TPA,1462
RDU,BWI,2732
RDU,DCA,1416
RDU,PHL,2888
RDU,SJU,90
RDU,ATL,5282
RDU,PBI,20
RDU,BDL,242
RDU,SLC,327
RDU,CMH,305
RDU,MDT,14
RDU,STL,654
RDU,BUF,63
RDU,PWM,56
RDU,CLT,3168
RDU,PVD,95
RDU,TTN,140
RDU,MKE,95
RDU,VPS,25
RDU,SYR,41
RDU,MDW,1190
RDU,SFB,99
RDU,PIE,98
RDU,PGD,109
RDU,JFK,3592
RDU,HOU,382
RDU,DAL,385
RFD,LAS,106
RFD,SFB,132
RFD,PIE,130
RFD,PGD,166
RFD,AZA,139
RHI,MSP,724
RIC,EWR,1409
RIC,IAD,242
RIC,BOS,1730
RIC,IAH,466
RIC,DEN,549
RIC,MCO,962
RIC,FLL,1022
RIC,DTW,790
RIC,BNA,58
RIC,ORD,2337
RIC,DFW,883
RIC,MIA,554
RIC,MSP,539
RIC,LGA,2938
RIC,PHL,239
RIC,ATL,4278
RIC,CLT,3022
RIC,SFB,105
RIC,PIE,112
RIC,JFK,988
RIC,CHO,1
RKS,DEN,680
RNO,SFO,1490
RNO,IAH,131
RNO,LAS,3488
RNO,PHX,2211
RNO,DEN,1755
RNO,SAN,780
RNO,SEA,404
RNO,ORD,338
RNO,DFW,802
RNO,LAX,2335
RNO,SJC,751
RNO,PDX,220
RNO,MSP,22
RNO,AUS,62
RNO,ATL,24
RNO,SLC,1504
RNO,BOI,10
RNO,MDW,218
RNO,OAK,860
RNO,JFK,282
RNO,LGB,377
RNO,DAL,48
ROA,LGA,338
ROA,ATL,1642
ROA,CLT,236
ROA,SFB,130
ROA,PIE,117
ROC,EWR,875
ROC,IAD,281
ROC,BOS,701
ROC,MCO,395
ROC,RSW,3
ROC,DTW,1041
ROC,ORD,2281
ROC,MSP,318
ROC,LGA,1492
ROC,TPA,293
ROC,BWI,1093
ROC,DCA,544
ROC,PHL,336
ROC,ATL,1028
ROC,CLT,1311
ROC,SFB,94
ROC,PGD,94
ROC,JFK,2208
ROW,PHX,363
ROW,DFW,1008
RST,ORD,1440
RST,MSP,1301
RST,ATL,516
RSW,EWR,2095
RSW,RDU,13
RSW,BOS,2428
RSW,IAH,625
RSW,LAS,13
RSW,PHX,20
RSW,CLE,649
RSW,DEN,525
RSW,PIT,555
RSW,DTW,1959
RSW,BNA,167
RSW,MCI,157
RSW,ORD,2347
RSW,DFW,1060
RSW,GRR,163
RSW,MIA,34
RSW,MSP,1005
RSW,CVG,636
RSW,LGA,1115
RSW,IND,844
RSW,BWI,1642
RSW,DCA,964
RSW,PHL,1264
RSW,ROC,3
RSW,ATL,3592
RSW,BDL,645
RSW,SLC,14
RSW,CMH,755
RSW,ALB,52
RSW,STL,665
RSW,OMA,41
RSW,BUF,140
RSW,PWM,14
RSW,CLT,1766
RSW,COS,41
RSW,PVD,157
RSW,TTN,141
RSW,ISP,117
RSW,MKE,472
RSW,CAK,85
RSW,SYR,20
RSW,FNT,13
RSW,MDW,1209
RSW,HPN,365
RSW,JFK,1167
RSW,ACY,512
RSW,LBE,85
SAF,PHX,334
SAF,DEN,8
SAF,DFW,1077
SAN,EWR,1678
SAN,RDU,40
SAN,EUG,26
SAN,IAD,1017
SAN,BOS,1190
SAN,SAT,835
SAN,SFO,8016
SAN,IAH,2151
SAN,LAS,4903
SAN,PHX,5377
SAN,CLE,40
SAN,DEN,4294
SAN,SMF,5000
SAN,MCO,763
SAN,FLL,309
SAN,PIT,41
SAN,SEA,3911
SAN,DTW,1001
SAN,BNA,612
SAN,RNO,784
SAN,MCI,1039
SAN,ORD,3210
SAN,MSY,365
SAN,DFW,3267
SAN,LAX,3856
SAN,SJC,5359
SAN,PDX,2164
SAN,MIA,464
SAN,MSP,1353
SAN,CVG,115
SAN,AUS,1448
SAN,IND,102
SAN,TPA,359
SAN,BWI,1605
SAN,PHL,736
SAN,ATL,2330
SAN,ABQ,704
SAN,KOA,225
SAN,SLC,2589
SAN,OGG,594
SAN,FAT,792
SAN,LIH,252
SAN,HNL,730
SAN,OKC,72
SAN,STL,1091
SAN,OMA,364
SAN,TUS,705
SAN,GEG,96
SAN,BOI,732
SAN,CLT,1026
SAN,COS,113
SAN,ELP,80
SAN,MKE,122
SAN,TUL,54
SAN,MDW,1297
SAN,BLI,107
SAN,SCK,78
SAN,OAK,3893
SAN,PVU,1
SAN,MRY,206
SAN,JFK,2372
SAN,HOU,767
SAN,HDN,44
SAN,STS,207
SAN,DAL,1626
SAT,EWR,446
SAT,RDU,83
SAT,IAD,846
SAT,SFO,368
SAT,IAH,2812
SAT,LAS,1683
SAT,PHX,2567
SAT,CLE,27
SAT,DEN,1886
SAT,SAN,837
SAT,MCO,665
SAT,FLL,177
SAT,SEA,365
SAT,DTW,867
SAT,BNA,693
SAT,MCI,362
SAT,ORD,1775
SAT,MSY,518
SAT,DFW,3803
SAT,LAX,1480
SAT,ONT,164
SAT,JAX,35
SAT,SJC,63
SAT,SNA,74
SAT,MIA,345
SAT,MSP,892
SAT,CVG,128
SAT,LGA,4
SAT,TPA,385
SAT,BWI,853
SAT,PHL,414
SAT,ATL,3364
SAT,ABQ,19
SAT,SLC,706
SAT,CMH,15
SAT,OKC,42
SAT,STL,701
SAT,OMA,35
SAT,CLT,1465
SAT,COS,100
SAT,ELP,863
SAT,MEM,27
SAT,TUL,35
SAT,MDW,787
SAT,SFB,79
SAT,OAK,177
SAT,JFK,368
SAT,HOU,1824
SAT,DAL,3351
SAV,EWR,1013
SAV,IAD,469
SAV,BOS,504
SAV,IAH,565
SAV,CLE,121
SAV,DEN,71
SAV,PIT,107
SAV,DTW,274
SAV,BNA,50
SAV,ORD,684
SAV,DFW,800
SAV,MIA,220
SAV,MSP,24
SAV,CVG,184
SAV,LGA,973
SAV,IND,63
SAV,BWI,117
SAV,DCA,617
SAV,PHL,704
SAV,ATL,3490
SAV,CLT,3101
SAV,SDF,82
SAV,LEX,38
SAV,LCK,106
SAV,HTS,1
SAV,JFK,1447
SBA,SFO,2074
SBA,PHX,1567
SBA,DEN,1161
SBA,SEA,364
SBA,DFW,364
SBA,LAX,1415
SBA,PDX,139
SBN,EWR,389
SBN,LAS,106
SBN,DTW,1528
SBN,ORD,1455
SBN,DFW,418
SBN,MSP,660
SBN,LGA,2
SBN,ATL,1410
SBN,CLT,413
SBN,SFB,160
SBN,PIE,131
SBN,PGD,166
SBN,AZA,105
SBP,SFO,1387
SBP,PHX,1305
SBP,DEN,641
SBP,SEA,127
SBP,LAX,1380
SCC,ANC,208
SCC,BRW,727
SCE,DTW,994
SCE,ORD,361
SCK,LAS,564
SCK,SAN,78
SCK,AZA,105
SDF,EWR,766
SDF,IAD,91
SDF,BOS,1
SDF,SFO,1
SDF,IAH,1194
SDF,LAS,479
SDF,PHX,375
SDF,DEN,499
SDF,MCO,472
SDF,FLL,139
SDF,DTW,1076
SDF,ORD,2231
SDF,DFW,1895
SDF,LAX,1
SDF,JAX,20
SDF,MIA,381
SDF,MSP,602
SDF,AUS,27
SDF,LGA,1787
SDF,TPA,407
SDF,BWI,1163
SDF,DCA,1130
SDF,PHL,701
SDF,ATL,2804
SDF,MYR,22
SDF,SAV,82
SDF,CLT,2701
SDF,VPS,76
SDF,MDW,1228
SDF,SFB,145
SDF,PIE,142
SDF,PGD,137
SDF,AZA,38
SDF,TXK,1
SDF,HOU,90
SEA,EWR,2215
SEA,RDU,717
SEA,EUG,35
SEA,IAD,1544
SEA,BOS,2348
SEA,SAT,365
SEA,SFO,9187
SEA,IAH,2509
SEA,LAS,6566
SEA,PHX,5218
SEA,CLE,72
SEA,DEN,6653
SEA,SMF,3833
SEA,SAN,3910
SEA,MCO,1046
SEA,FLL,569
SEA,PIT,117
SEA,DTW,2385
SEA,BNA,880
SEA,RNO,390
SEA,MCI,1040
SEA,ORD,5721
SEA,MSY,377
SEA,MSN,1
SEA,DFW,4123
SEA,LAX,8889
SEA,ONT,909
SEA,SJC,4175
SEA,SNA,2767
SEA,PDX,3868
SEA,MIA,459
SEA,MSP,3029
SEA,CVG,225
SEA,AUS,1144
SEA,IND,545
SEA,TPA,391
SEA,BWI,905
SEA,DCA,725
SEA,CHS,248
SEA,PHL,1011
SEA,SBA,364
SEA,ATL,3080
SEA,ABQ,249
SEA,KOA,969
SEA,SLC,4148
SEA,OGG,1413
SEA,FAT,618
SEA,LIH,976
SEA,HNL,1851
SEA,BUR,1216
SEA,OKC,23
SEA,STL,954
SEA,OMA,364
SEA,PSP,961
SEA,ANC,6993
SEA,MFR,207
SEA,TUS,443
SEA,GEG,2773
SEA,BIL,137
SEA,BZN,121
SEA,ICT,278
SEA,BOI,3063
SEA,CLT,1086
SEA,COS,54
SEA,MKE,836
SEA,JAC,36
SEA,MDW,1000
SEA,MSO,91
SEA,BLI,370
SEA,OAK,3555
SEA,GTF,37
SEA,PSC,523
SEA,JFK,3234
SEA,HOU,61
SEA,RDM,270
SEA,SBP,127
SEA,LGB,599
SEA,DAL,1092
SEA,FAI,1812
SEA,KTN,1390
SEA,JNU,1307
SEA,SIT,214
SFB,RDU,99
SFB,SAT,79
SFB,CLE,98
SFB,PIT,124
SFB,MCI,82
SFB,MSY,39
SFB,GRR,324
SFB,FSD,89
SFB,CVG,379
SFB,MFE,73
SFB,AUS,91
SFB,IND,252
SFB,ROC,94
SFB,SJU,138
SFB,ORF,107
SFB,DSM,157
SFB,MDT,228
SFB,OKC,92
SFB,ALB,9
SFB,OMA,90
SFB,AVL,254
SFB,RIC,105
SFB,ICT,26
SFB,CID,127
SFB,TYS,414
SFB,ELP,22
SFB,TTN,1
SFB,MEM,120
SFB,MKE,74
SFB,TUL,150
SFB,LIT,106
SFB,GSO,106
SFB,BIS,77
SFB,SHV,26
SFB,CHA,113
SFB,FWA,124
SFB,AVP,1
SFB,SBN,160
SFB,ABE,444
SFB,XNA,137
SFB,FAR,69
SFB,SDF,145
SFB,GSP,138
SFB,DAY,84
SFB,LEX,278
SFB,PIA,77
SFB,GPT,104
SFB,BGR,200
SFB,SGF,157
SFB,SYR,75
SFB,FNT,213
SFB,MLI,97
SFB,ATW,120
SFB,BMI,114
SFB,BLV,145
SFB,LCK,174
SFB,CKB,95
SFB,USA,195
SFB,PBG,188
SFB,HTS,185
SFB,ROA,130
SFB,IAG,128
SFB,RFD,132
SFB,SWF,94
SFB,TOL,117
SFB,OGS,79
SFB,EVV,122
SFB,GFK,20
SFB,TRI,126
SFB,SPI,1
SFB,PSM,144
SFB,ELM,181
SFB,OWB,110
SFB,HGR,112
SFB,YNG,1
SFO,EWR,5885
SFO,RDU,1011
SFO,EUG,1495
SFO,IAD,3284
SFO,BOS,5336
SFO,SAT,369
SFO,IAH,3295
SFO,LAS,7880
SFO,PHX,5167
SFO,CLE,542
SFO,DEN,6055
SFO,SMF,1792
SFO,SAN,7990
SFO,MCO,1496
SFO,FLL,1329
SFO,PIT,449
SFO,SEA,9178
SFO,DTW,1778
SFO,BNA,1007
SFO,RNO,1490
SFO,MCI,984
SFO,ORD,7021
SFO,MSY,823
SFO,MSN,208
SFO,DFW,4487
SFO,LAX,15158
SFO,ONT,1917
SFO,SNA,3779
SFO,PDX,6128
SFO,MIA,1802
SFO,MSP,2736
SFO,CVG,656
SFO,AUS,2389
SFO,IND,867
SFO,TPA,382
SFO,BWI,979
SFO,DCA,727
SFO,PHL,2495
SFO,SBA,2086
SFO,ATL,3279
SFO,BDL,90
SFO,ABQ,1000
SFO,DSM,70
SFO,KOA,1315
SFO,SLC,3806
SFO,OGG,2352
SFO,FAT,1418
SFO,LIH,687
SFO,HNL,2559
SFO,BUR,3407
SFO,OKC,365
SFO,STL,1007
SFO,OMA,435
SFO,PSP,2475
SFO,ANC,101
SFO,MFR,1627
SFO,TUS,952
SFO,GEG,759
SFO,BZN,405
SFO,BOI,1792
SFO,CLT,1853
SFO,MKE,61
SFO,JAC,215
SFO,XNA,349
SFO,SDF,2
SFO,MTJ,52
SFO,MDW,810
SFO,MSO,130
SFO,PSC,365
SFO,FCA,101
SFO,MRY,726
SFO,JFK,7825
SFO,ASE,348
SFO,RDM,1607
SFO,HDN,14
SFO,ACV,1270
SFO,SBP,1386
SFO,OTH,337
SFO,RDD,1169
SFO,STS,856
SFO,BFL,584
SFO,LGB,1408
SFO,EGE,32
SFO,DAL,1718
SFO,SUN,173
SFO,MMH,105
SGF,IAH,688
SGF,LAS,121
SGF,DEN,610
SGF,ORD,1736
SGF,DFW,2489
SGF,LAX,119
SGF,ATL,1380
SGF,CLT,909
SGF,VPS,83
SGF,SFB,157
SGF,PIE,153
SGF,PGD,31
SGF,AZA,143
SGU,PHX,821
SGU,DEN,706
SGU,LAX,368
SGU,SLC,1336
SGU,AZA,16
SHD,IAD,402
SHD,ORD,77
SHD,LWB,183
SHV,IAH,1356
SHV,LAS,121
SHV,DEN,364
SHV,DFW,1969
SHV,ATL,2130
SHV,CLT,728
SHV,SFB,26
SIT,SEA,312
SIT,ANC,1
SIT,KTN,365
SIT,JNU,663
SJC,EWR,612
SJC,BOS,286
SJC,SAT,64
SJC,IAH,365
SJC,LAS,3404
SJC,PHX,3706
SJC,DEN,2377
SJC,SAN,5385
SJC,MCO,237
SJC,SEA,4164
SJC,DTW,38
SJC,RNO,751
SJC,MCI,15
SJC,ORD,1278
SJC,MSY,18
SJC,DFW,1423
SJC,LAX,5068
SJC,ONT,1551
SJC,SNA,4313
SJC,PDX,3185
SJC,MSP,665
SJC,CVG,95
SJC,AUS,1292
SJC,BWI,361
SJC,ATL,1100
SJC,ABQ,53
SJC,KOA,237
SJC,SLC,2180
SJC,OGG,699
SJC,LIH,287
SJC,HNL,615
SJC,BUR,3541
SJC,STL,268
SJC,TUS,419
SJC,GEG,268
SJC,BOI,400
SJC,CLT,179
SJC,TUL,63
SJC,MDW,501
SJC,JFK,700
SJC,HOU,268
SJC,LGB,1224
SJC,DAL,970
SJT,DFW,1433
SJU,EWR,1206
SJU,RDU,91
SJU,IAD,233
SJU,BOS,886
SJU,IAH,526
SJU,MCO,4527
SJU,FLL,3244
SJU,PIT,3
SJU,ORD,737
SJU,DFW,597
SJU,MIA,2314
SJU,MSP,2
SJU,CVG,3
SJU,TPA,1032
SJU,BWI,681
SJU,DCA,365
SJU,PHL,1112
SJU,ATL,1367
SJU,BDL,510
SJU,CLT,724
SJU,ISP,127
SJU,MDW,232
SJU,SFB,139
SJU,JFK,2689
SJU,HOU,148
SJU,STT,684
SJU,STX,365
SLC,EWR,776
SLC,RDU,327
SLC,EUG,97
SLC,IAD,297
SLC,BOS,1158
SLC,SAT,705
SLC,SFO,3503
SLC,IAH,2563
SLC,LAS,3714
SLC,PHX,4667
SLC,CLE,150
SLC,DEN,7614
SLC,SMF,1787
SLC,SAN,2592
SLC,MCO,1310
SLC,FLL,737
SLC,PIT,156
SLC,RSW,14
SLC,SEA,4151
SLC,DTW,1476
SLC,BNA,359
SLC,RNO,1502
SLC,MCI,994
SLC,ORD,3658
SLC,MSY,348
SLC,MSN,311
SLC,DFW,3713
SLC,LAX,5751
SLC,ONT,946
SLC,SJC,2176
SLC,SNA,1729
SLC,PDX,2810
SLC,MIA,85
SLC,MSP,1957
SLC,CVG,536
SLC,AUS,924
SLC,IND,320
SLC,TPA,264
SLC,BWI,977
SLC,DCA,364
SLC,PHL,503
SLC,ATL,3060
SLC,ABQ,506
SLC,DSM,333
SLC,OGG,73
SLC,FAT,1030
SLC,HNL,360
SLC,BUR,1218
SLC,OKC,701
SLC,STL,792
SLC,OMA,594
SLC,PSP,983
SLC,ANC,58
SLC,MFR,449
SLC,TUS,896
SLC,GEG,1344
SLC,BIL,1064
SLC,BZN,949
SLC,BOI,2182
SLC,CLT,749
SLC,COS,659
SLC,ELP,74
SLC,MKE,312
SLC,TUL,425
SLC,JAC,1004
SLC,MTJ,14
SLC,MDW,759
SLC,IDA,1337
SLC,MSO,1084
SLC,OAK,2176
SLC,RAP,467
SLC,GTF,964
SLC,PSC,638
SLC,FCA,950
SLC,GJT,1049
SLC,JFK,1993
SLC,HOU,98
SLC,ASE,740
SLC,HLN,925
SLC,RDM,461
SLC,COD,357
SLC,LWS,717
SLC,PIH,1262
SLC,CPR,707
SLC,BTM,677
SLC,CDC,623
SLC,EKO,647
SLC,SGU,1336
SLC,TWF,1172
SLC,LGB,2540
SLC,EGE,14
SLC,DAL,378
SLC,SUN,894
SLC,WYS,239
SLN,ORD,230
SLN,HYS,455
SMF,EWR,218
SMF,IAD,302
SMF,BOS,117
SMF,SFO,1791
SMF,IAH,683
SMF,LAS,2784
SMF,PHX,3596
SMF,DEN,3011
SMF,SAN,4886
SMF,MCO,241
SMF,SEA,3888
SMF,ORD,1009
SMF,MSY,81
SMF,DFW,1644
SMF,LAX,4424
SMF,ONT,2395
SMF,SNA,2298
SMF,PDX,1901
SMF,MSP,625
SMF,AUS,264
SMF,BWI,352
SMF,ATL,983
SMF,KOA,5
SMF,SLC,1787
SMF,OGG,365
SMF,HNL,365
SMF,BUR,2832
SMF,STL,268
SMF,GEG,377
SMF,BOI,392
SMF,CLT,368
SMF,MDW,438
SMF,JFK,345
SMF,HOU,6
SMF,LGB,1696
SMF,DAL,373
SMX,LAS,170
SNA,EWR,903
SNA,SAT,74
SNA,SFO,3757
SNA,IAH,1671
SNA,LAS,3561
SNA,PHX,4117
SNA,DEN,3593
SNA,SMF,2297
SNA,SEA,2769
SNA,DTW,279
SNA,ORD,2472
SNA,DFW,3027
SNA,SJC,4328
SNA,PDX,1359
SNA,MSP,972
SNA,AUS,68
SNA,ATL,1154
SNA,ABQ,34
SNA,SLC,1729
SNA,MDW,96
SNA,OAK,2595
SNA,JFK,65
SNA,HOU,433
SNA,DAL,286
SPI,ORD,1016
SPI,DFW,676
SPI,SFB,1
SPI,PGD,118
SPN,GUM,257
SPS,DFW,1058
SRQ,EWR,477
SRQ,BOS,293
SRQ,CLE,7
SRQ,PIT,76
SRQ,DTW,32
SRQ,ORD,465
SRQ,DFW,13
SRQ,CVG,79
SRQ,LGA,346
SRQ,IND,66
SRQ,DCA,378
SRQ,PHL,7
SRQ,ATL,2283
SRQ,CLT,1429
SRQ,JFK,390
STC,PGD,43
STC,AZA,102
STL,EWR,1828
STL,RDU,655
STL,IAD,37
STL,BOS,1072
STL,SAT,700
STL,SFO,1004
STL,IAH,1770
STL,LAS,1670
STL,PHX,1947
STL,CLE,685
STL,DEN,2667
STL,SMF,268
STL,SAN,1092
STL,MCO,1935
STL,FLL,761
STL,PIT,404
STL,RSW,665
STL,SEA,954
STL,DTW,1141
STL,BNA,964
STL,MCI,1299
STL,ORD,2602
STL,MSY,718
STL,MSN,1
STL,DFW,2487
STL,LAX,1720
STL,JAX,49
STL,SJC,268
STL,PDX,435
STL,MIA,1014
STL,MSP,2417
STL,CVG,237
STL,AUS,674
STL,LGA,4184
STL,TPA,827
STL,BWI,1402
STL,DCA,1881
STL,CHS,87
STL,PHL,2407
STL,ATL,4111
STL,PBI,19
STL,BDL,147
STL,DSM,679
STL,SLC,793
STL,CMH,674
STL,OKC,682
STL,OMA,964
STL,ICT,676
STL,CLT,2034
STL,MKE,662
STL,TUL,674
STL,LIT,676
STL,PNS,9
STL,ECP,174
STL,MDW,2502
STL,OAK,335
STL,HOU,1374
STL,DAL,2084
STS,SFO,856
STS,PHX,375
STS,SAN,207
STS,PDX,66
STT,EWR,42
STT,IAD,105
STT,IAH,8
STT,MCO,23
STT,FLL,305
STT,ORD,9
STT,MIA,730
STT,PHL,13
STT,SJU,684
STT,ATL,390
STT,CLT,50
STT,JFK,174
STX,MIA,644
STX,SJU,365
STX,ATL,81
STX,CLT,35
SUN,SFO,173
SUN,DEN,172
SUN,ORD,10
SUN,LAX,25
SUN,SLC,894
SUX,ORD,798
SUX,DFW,391
SWF,MCO,365
SWF,FLL,365
SWF,DTW,677
SWF,PBI,1
SWF,MYR,63
SWF,SFB,94
SWF,PIE,123
SWF,PGD,103
SWO,DFW,797
SYR,EWR,668
SYR,RDU,41
SYR,IAD,422
SYR,BOS,582
SYR,DEN,46
SYR,MCO,419
SYR,FLL,262
SYR,RSW,20
SYR,DTW,1175
SYR,BNA,26
SYR,ORD,2517
SYR,MSP,246
SYR,LGA,1245
SYR,TPA,21
SYR,DCA,1177
SYR,PHL,493
SYR,ATL,1027
SYR,MYR,46
SYR,CLT,1269
SYR,SFB,75
SYR,PIE,189
SYR,PGD,14
SYR,JFK,1838
TLH,DFW,709
TLH,MIA,1286
TLH,DCA,316
TLH,ATL,2306
TLH,CLT,1505
TOL,ORD,993
TOL,CLT,727
TOL,SFB,117
TOL,PIE,118
TOL,PGD,125
TPA,EWR,2880
TPA,RDU,1455
TPA,IAD,1091
TPA,BOS,2491
TPA,SAT,385
TPA,SFO,381
TPA,IAH,2032
TPA,LAS,1215
TPA,PHX,1293
TPA,CLE,554
TPA,DEN,2165
TPA,SAN,359
TPA,MCO,1
TPA,FLL,2288
TPA,PIT,1008
TPA,SEA,390
TPA,DTW,2212
TPA,BNA,1392
TPA,MCI,519
TPA,ORD,2835
TPA,MSY,1497
TPA,DFW,2568
TPA,LAX,788
TPA,GRR,97
TPA,MIA,2176
TPA,MSP,1100
TPA,CVG,538
TPA,AUS,460
TPA,LGA,2093
TPA,IND,942
TPA,BWI,2963
TPA,DCA,2408
TPA,PHL,2572
TPA,ROC,293
TPA,SJU,1034
TPA,ORF,13
TPA,ATL,7022
TPA,BDL,1298
TPA,SLC,265
TPA,CMH,963
TPA,ALB,392
TPA,STL,829
TPA,OMA,14
TPA,BUF,738
TPA,AVL,37
TPA,PWM,20
TPA,CLT,3164
TPA,COS,56
TPA,PVD,740
TPA,TTN,185
TPA,MEM,385
TPA,ISP,710
TPA,MKE,571
TPA,BHM,670
TPA,GSO,37
TPA,SDF,407
TPA,GSP,14
TPA,CAK,62
TPA,MHT,476
TPA,SYR,21
TPA,FNT,13
TPA,MDW,1642
TPA,HPN,365
TPA,JFK,2678
TPA,HOU,1050
TPA,ACY,365
TPA,LBE,62
TPA,DAL,787
TRI,ATL,2170
TRI,AVL,1
TRI,CLT,738
TRI,SFB,126
TRI,PIE,27
TTN,RDU,140
TTN,MCO,462
TTN,FLL,27
TTN,RSW,140
TTN,DTW,126
TTN,BNA,114
TTN,ORD,221
TTN,JAX,114
TTN,MIA,42
TTN,MSP,95
TTN,TPA,184
TTN,CHS,119
TTN,ATL,303
TTN,PBI,205
TTN,MYR,95
TTN,CLT,180
TTN,SFB,1
TTN,PIE,1
TTN,PGD,34
TUL,IAD,63
TUL,SAT,35
TUL,IAH,2302
TUL,LAS,478
TUL,PHX,613
TUL,DEN,1940
TUL,SAN,54
TUL,MCO,85
TUL,DTW,225
TUL,ORD,1605
TUL,DFW,2910
TUL,LAX,110
TUL,SJC,63
TUL,MIA,33
TUL,MSP,482
TUL,BWI,26
TUL,ATL,1609
TUL,SLC,424
TUL,OKC,1
TUL,STL,672
TUL,CLT,717
TUL,SFB,151
TUL,PIE,24
TUL,HOU,992
TUL,DAL,1311
TUS,SFO,952
TUS,IAH,1027
TUS,LAS,1192
TUS,PHX,2489
TUS,DEN,2275
TUS,SAN,704
TUS,SEA,442
TUS,ORD,1182
TUS,DFW,2237
TUS,LAX,2697
TUS,SJC,419
TUS,PDX,125
TUS,MSP,183
TUS,ATL,683
TUS,SLC,896
TUS,CLT,278
TUS,MDW,370
TUS,BLI,14
TUS,OAK,40
TUS,PVU,14
TUS,HOU,4
TVC,EWR,86
TVC,DEN,11
TVC,DTW,1386
TVC,ORD,1868
TVC,DFW,75
TVC,MSP,374
TVC,LGA,89
TVC,ATL,36
TWF,SFO,18
TWF,DEN,19
TWF,ORD,3
TWF,LAX,5
TWF,SLC,1224
TWF,SUN,2
TXK,DFW,1227
TYR,DFW,1442
TYS,EWR,650
TYS,IAD,162
TYS,IAH,1057
TYS,LAS,110
TYS,DEN,194
TYS,MCO,55
TYS,FLL,250
TYS,DTW,1456
TYS,ORD,1836
TYS,DFW,1372
TYS,MIA,24
TYS,MSP,358
TYS,LGA,543
TYS,BWI,24
TYS,DCA,848
TYS,PHL,853
TYS,ATL,2932
TYS,CLT,2354
TYS,VPS,32
TYS,GSP,1
TYS,SFB,415
TYS,PIE,268
TYS,PGD,182
UIN,ORD,625
UIN,CGI,312
USA,FLL,307
USA,MSY,96
USA,VPS,24
USA,SFB,196
USA,PIE,263
USA,PGD,113
VEL,DEN,320
VLD,ATL,1039
VPS,EWR,71
VPS,RDU,25
VPS,IAH,989
VPS,CLE,28
VPS,PIT,50
VPS,BNA,51
VPS,MCI,84
VPS,DFW,1531
VPS,CVG,212
VPS,AUS,54
VPS,IND,48
VPS,BWI,58
VPS,DCA,260
VPS,ATL,2242
VPS,OKC,106
VPS,CLT,1386
VPS,TYS,32
VPS,MEM,32
VPS,XNA,30
VPS,SDF,76
VPS,LEX,22
VPS,PIA,36
VPS,SGF,83
VPS,BLV,220
VPS,LCK,56
VPS,USA,24
VPS,EVV,24
WRG,KTN,362
WRG,PSG,362
WYS,SLC,239
XNA,EWR,325
XNA,SFO,349
XNA,IAH,1280
XNA,LAS,106
XNA,DEN,294
XNA,ORD,1896
XNA,DFW,3094
XNA,LAX,20
XNA,MSP,544
XNA,CVG,148
XNA,LGA,886
XNA,DCA,320
XNA,ATL,1940
XNA,CLT,1201
XNA,VPS,30
XNA,SFB,137
XNA,TXK,1
YAK,CDV,361
YAK,JNU,361
YNG,SFB,1
YNG,PIE,1
YUM,PHX,1376
