ORIGIN,DEST
ABE,"['ORD', 'ATL', 'SFB', 'PIE', 'PGD', 'FLL', 'MYR', 'CLT', 'DTW', 'PHL', 'MDT']"
ABI,['DFW']
ABQ,"['DEN', 'AUS', 'MCO', 'IAH', 'LAS', 'ORD', 'SFO', 'LAX', 'PHX', 'BWI', 'DAL', 'HOU', 'MCI', 'MDW', 'OAK', 'SAN', 'SJC', 'DFW', 'SEA', 'ATL', 'SLC', 'JFK', 'MSP', 'PDX', 'SNA', 'SAT']"
ABR,['MSP']
ABY,['ATL']
ACK,"['LGA', 'JFK', 'BOS', 'DCA', 'CLT']"
ACT,['DFW']
ACV,"['SFO', 'LAX']"
ACY,"['MSY', 'ATL', 'PBI', 'FLL', 'MCO', 'TPA', 'MYR', 'RSW']"
ADK,['ANC']
ADQ,['ANC']
AEX,"['IAH', 'DFW', 'ATL']"
AGS,"['ATL', 'DFW', 'ORD', 'CLT', 'DCA', 'LGA', 'PHL']"
AKN,['ANC']
ALB,"['ORD', 'EWR', 'DCA', 'CLT', 'DTW', 'MSP', 'BWI', 'DEN', 'FLL', 'MCO', 'MDW', 'RSW', 'TPA', 'PHL', 'ATL', 'IAD', 'PIE', 'PGD', 'SFB', 'LAS']"
ALO,['ORD']
AMA,"['IAH', 'DFW', 'DAL', 'LAS', 'PHX', 'DEN']"
ANC,"['ORD', 'DEN', 'FAI', 'SEA', 'HNL', 'BET', 'ADQ', 'SCC', 'JNU', 'CDV', 'PDX', 'LAX', 'OME', 'OTZ', 'PHX', 'ADK', 'KOA', 'MSP', 'SLC', 'ATL', 'SFO', 'IAH', 'DLG', 'EWR', 'DFW', 'AKN', 'OGG', 'LAS']"
APN,"['DTW', 'PLN', 'MBS']"
ART,['PHL']
ASE,"['DEN', 'ORD', 'LAX', 'IAH', 'SFO', 'DFW', 'SLC', 'PHX', 'ATL', 'MSP']"
ATL,"['SFO', 'DEN', 'IAD', 'EWR', 'ORD', 'IAH', 'LGA', 'SJC', 'CVG', 'SLC', 'MCO', 'AUS', 'ISP', 'LAS', 'TTN', 'PVD', 'LAX', 'SJU', 'SAT', 'COS', 'MLI', 'RST', 'PHF', 'ABE', 'SGF', 'MOB', 'SHV', 'CAE', 'XNA', 'AVL', 'EYW', 'GPT', 'OAJ', 'OMA', 'LEX', 'HPN', 'AGS', 'CHA', 'BMI', 'BTR', 'GRB', 'FSM', 'DCA', 'FLL', 'DFW', 'BOS', 'CLE', 'ACY', 'MSY', 'MSP', 'TPA', 'BWI', 'PHL', 'DTW', 'CLT', 'MGM', 'FWA', 'HSV', 'LFT', 'ILM', 'GTR', 'SBN', 'AEX', 'PIA', 'MLU', 'ROA', 'DHN', 'CHO', 'CRW', 'TRI', 'TYS', 'TUL', 'CID', 'LNK', 'ASE', 'ATW', 'CMH', 'DAL', 'GSP', 'HOU', 'IND', 'JAX', 'MCI', 'MDW', 'MKE', 'OAK', 'PBI', 'PHX', 'PIT', 'RDU', 'RIC', 'RSW', 'SAN', 'STL', 'MIA', 'SEA', 'MEM', 'BHM', 'JFK', 'MLB', 'STT', 'GSO', 'CHS', 'JAN', 'GRR', 'VPS', 'AVP', 'HNL', 'PDX', 'DAB', 'BDL', 'BNA', 'OKC', 'SAV', 'ROC', 'BUF', 'DAY', 'LIT', 'CAK', 'ABQ', 'BZN', 'SDF', 'PNS', 'MSN', 'MDT', 'TUS', 'FSD', 'ORF', 'SNA', 'SRQ', 'MHT', 'TLH', 'ECP', 'MYR', 'ALB', 'DSM', 'HDN', 'FNT', 'SMF', 'SYR', 'ELP', 'PWM', 'JAC', 'ICT', 'EVV', 'FAY', 'GNV', 'BTV', 'EGE', 'STX', 'VLD', 'CSG', 'BQK', 'ABY', 'EWN', 'TVC', 'ANC', 'FCA', 'MSO', 'RAP', 'MTJ', 'PSP', 'RNO', 'FAR', 'ELM', 'GRK']"
ATW,"['DTW', 'LAS', 'SFB', 'PIE', 'AZA', 'ORD', 'MSP', 'ATL', 'PGD']"
AUS,"['DEN', 'EWR', 'IAH', 'SFO', 'ORD', 'IAD', 'IND', 'CHS', 'SEA', 'RNO', 'PHL', 'MCO', 'MSP', 'PHX', 'ATL', 'ONT', 'OMA', 'RDU', 'MKE', 'ABQ', 'DTW', 'PVD', 'LAS', 'SAN', 'MSY', 'CLE', 'CLT', 'TPA', 'JAX', 'PDX', 'CVG', 'BUF', 'SJC', 'CMH', 'PIE', 'MEM', 'LCK', 'PIT', 'SFB', 'LAX', 'SLC', 'BNA', 'BOS', 'BWI', 'DAL', 'DCA', 'ELP', 'FLL', 'HOU', 'HRL', 'LBB', 'MCI', 'MDW', 'OAK', 'STL', 'SMF', 'MIA', 'DFW', 'JFK', 'LGB', 'VPS', 'ECP', 'SNA', 'SDF', 'PNS']"
AVL,"['EWR', 'ATL', 'FLL', 'PIE', 'SFB', 'PGD', 'BWI', 'CLT', 'ORD', 'DEN', 'LGA', 'DFW', 'MCO', 'TPA']"
AVP,"['EWR', 'ORD', 'CLT', 'DTW', 'ATL', 'PIE', 'SFB', 'PHL']"
AZA,"['EUG', 'IDA', 'LAS', 'MSO', 'BLI', 'SCK', 'BIL', 'OAK', 'CID', 'SGF', 'MOT', 'PIA', 'FAR', 'MCI', 'GRR', 'GTF', 'FSD', 'PVU', 'PSC', 'OGD', 'BOI', 'RAP', 'ICT', 'BIS', 'CVG', 'GRI', 'MKE', 'BZN', 'RFD', 'SBN', 'BLV', 'STC', 'DSM', 'IND', 'OMA', 'SDF', 'PIE', 'GFK', 'FWA', 'ATW', 'MLI', 'MFR', 'SGU', 'MEM']"
AZO,"['ORD', 'DTW', 'MSP']"
BDL,"['EWR', 'ORD', 'DEN', 'IAD', 'MYR', 'FLL', 'TPA', 'MCO', 'RSW', 'CLT', 'DCA', 'PHL', 'MSP', 'CLE', 'DTW', 'BWI', 'LAS', 'MDW', 'PBI', 'DFW', 'MIA', 'LAX', 'ATL', 'RDU', 'SJU', 'CVG', 'SFO', 'STL', 'IAH']"
BET,['ANC']
BFF,['DEN']
BFL,"['DEN', 'SFO', 'PHX']"
BGM,['DTW']
BGR,"['EWR', 'LGA', 'PIE', 'SFB', 'PHL', 'DCA', 'JFK', 'CLT', 'ORD']"
BHM,"['PHL', 'DEN', 'MCO', 'DFW', 'IAH', 'ORD', 'LGA', 'MIA', 'CLT', 'DCA', 'BWI', 'DAL', 'HOU', 'LAS', 'MDW', 'TPA', 'ATL', 'DTW', 'FLL', 'PGD']"
BIL,"['DEN', 'AZA', 'LAS', 'DFW', 'SLC', 'SEA', 'MSP', 'LAX', 'ORD', 'PDX', 'COD']"
BIS,"['DEN', 'LAS', 'AZA', 'SFB', 'ORD', 'MSP', 'DFW', 'GFK', 'MOT']"
BJI,['MSP']
BKG,['DEN']
BLI,"['AZA', 'LAS', 'LAX', 'PSP', 'SAN', 'OAK', 'SEA', 'DEN', 'KOA', 'OGG', 'TUS']"
BLV,"['JAX', 'VPS', 'FLL', 'PGD', 'SFB', 'LAS', 'PIE', 'AZA', 'MYR']"
BMI,"['ATL', 'SFB', 'PIE', 'DFW', 'ORD', 'MSP', 'MCO', 'DEN']"
BNA,"['EWR', 'DEN', 'SFO', 'IAH', 'ORD', 'PHL', 'TTN', 'MCO', 'LAS', 'LGA', 'DFW', 'JFK', 'CLT', 'DCA', 'CVG', 'RDU', 'MSP', 'DTW', 'AUS', 'BOS', 'BWI', 'CHS', 'CLE', 'CMH', 'DAL', 'ECP', 'FLL', 'HOU', 'JAX', 'LAX', 'MCI', 'MDW', 'MKE', 'MSY', 'OAK', 'PHX', 'PIT', 'PNS', 'RSW', 'SAN', 'SAT', 'STL', 'TPA', 'IAD', 'MIA', 'SEA', 'ATL', 'SLC', 'MSN', 'RIC', 'PGD', 'VPS', 'SYR', 'SAV', 'PIE', 'MYR', 'OKC']"
BOI,"['DEN', 'LAS', 'AZA', 'LAX', 'ORD', 'SFO', 'PDX', 'SEA', 'SAN', 'SLC', 'MSP', 'GEG', 'OAK', 'PHX', 'SMF', 'SJC', 'IAH', 'DFW', 'MDW', 'DAL']"
BOS,"['DEN', 'IAD', 'EWR', 'IAH', 'LAX', 'ORD', 'SFO', 'CLE', 'RIC', 'ORF', 'ROC', 'SYR', 'PIT', 'BWI', 'MYR', 'DTW', 'ATL', 'RSW', 'FLL', 'DFW', 'PBI', 'MCO', 'MSY', 'MSP', 'LAS', 'TPA', 'AUS', 'BNA', 'CMH', 'DAL', 'HOU', 'IND', 'MCI', 'MDW', 'MKE', 'STL', 'JFK', 'DCA', 'LGA', 'PHX', 'CLT', 'PHL', 'MIA', 'SEA', 'SAN', 'PDX', 'SLC', 'CVG', 'RDU', 'JAX', 'BUF', 'SAV', 'CHS', 'SJU', 'LGB', 'SJC', 'SRQ', 'SMF', 'MVY', 'OAK', 'ACK', 'MSN', 'HDN', 'BUR', 'SDF']"
BPT,['DFW']
BQK,['ATL']
BQN,"['EWR', 'FLL', 'MCO', 'JFK']"
BRD,['MSP']
BRO,"['IAH', 'DFW', 'ORD']"
BRW,"['ANC', 'FAI']"
BTM,['SLC']
BTR,"['DFW', 'CLT', 'IAH', 'ATL', 'DCA']"
BTV,"['EWR', 'DCA', 'CLT', 'PHL', 'ORD', 'IAD', 'ATL', 'DTW', 'LGA', 'JFK']"
BUF,"['EWR', 'DEN', 'MCO', 'RDU', 'AUS', 'TPA', 'ORD', 'PHL', 'DCA', 'DTW', 'MSP', 'BWI', 'FLL', 'LAS', 'MDW', 'PHX', 'RSW', 'IAD', 'LGA', 'CLT', 'ATL', 'JFK', 'BOS', 'LAX', 'MIA', 'JAX', 'DFW']"
BUR,"['SFO', 'DEN', 'SJC', 'SLC', 'DAL', 'LAS', 'OAK', 'PDX', 'PHX', 'SMF', 'SEA', 'JFK', 'HOU', 'MDW', 'BOS']"
BWI,"['IAH', 'SFO', 'DEN', 'ORD', 'LAX', 'EWR', 'SAV', 'CVG', 'AVL', 'JFK', 'BOS', 'MCO', 'SAN', 'SEA', 'FLL', 'RSW', 'MSP', 'TPA', 'MYR', 'ATL', 'OAK', 'DFW', 'LAS', 'DTW', 'MSY', 'CLT', 'RDU', 'ABQ', 'ALB', 'AUS', 'BDL', 'BHM', 'BNA', 'BUF', 'CHS', 'CLE', 'CMH', 'DAL', 'ECP', 'GRR', 'HOU', 'IND', 'ISP', 'JAX', 'MCI', 'MDW', 'MEM', 'MHT', 'MKE', 'OKC', 'ORF', 'PBI', 'PHX', 'PIT', 'PVD', 'PWM', 'ROC', 'SAT', 'SDF', 'SJC', 'SJU', 'SLC', 'SMF', 'STL', 'PHL', 'MIA', 'VPS', 'TYS', 'TUL', 'PDX']"
BZN,"['DEN', 'LAS', 'AZA', 'DFW', 'SLC', 'SFO', 'LAX', 'ORD', 'IAH', 'MSP', 'ATL', 'LGA', 'EWR', 'PDX', 'SEA', 'LGB']"
CAE,"['ORD', 'IAH', 'LGA', 'ATL', 'DFW', 'CLT', 'DCA', 'PHL', 'IAD']"
CAK,"['EWR', 'TPA', 'RSW', 'MCO', 'FLL', 'DCA', 'LGA', 'PHL', 'CLT', 'ORD', 'DTW', 'ATL', 'IAH']"
CDC,['SLC']
CDV,"['ANC', 'YAK']"
CGI,"['UIN', 'ORD']"
CHA,"['CLT', 'DFW', 'EWR', 'ATL', 'SFB', 'PIE', 'DCA', 'ORD', 'DTW', 'LGA']"
CHO,"['CLT', 'LGA', 'ORD', 'ATL']"
CHS,"['ORD', 'EWR', 'IAH', 'AUS', 'TTN', 'DEN', 'PHL', 'CLE', 'PIT', 'CVG', 'IND', 'MIA', 'CLT', 'DCA', 'BNA', 'BWI', 'HOU', 'MDW', 'DAL', 'IAD', 'LGA', 'DFW', 'SEA', 'ATL', 'JFK', 'BOS', 'FLL', 'STL', 'MSP', 'DTW']"
CID,"['DEN', 'DFW', 'MSP', 'AZA', 'PIE', 'LAS', 'SFB', 'PGD', 'ORD', 'CLT', 'DTW', 'ATL', 'MCO', 'LAX', 'MLI']"
CIU,"['MSP', 'DTW']"
CKB,"['SFB', 'ORD', 'IAD', 'MYR']"
CLE,"['EWR', 'ORD', 'MCO', 'LAX', 'RSW', 'FLL', 'SFO', 'DEN', 'IAH', 'LAS', 'SEA', 'TPA', 'AUS', 'RDU', 'MSP', 'PDX', 'PHX', 'MKE', 'LGA', 'DCA', 'BOS', 'CHS', 'DTW', 'PIE', 'JAX', 'SAV', 'SFB', 'MSY', 'PGD', 'MYR', 'MIA', 'JFK', 'ATL', 'DFW', 'CLT', 'BNA', 'BWI', 'MDW', 'STL', 'IAD', 'PHL', 'BDL', 'SLC', 'VPS', 'SAT', 'SAN', 'MSN', 'PBI', 'SRQ']"
CLL,"['DFW', 'IAH']"
CLT,"['EWR', 'IAH', 'PVD', 'MCO', 'DEN', 'TTN', 'PHL', 'AUS', 'TYS', 'BTR', 'CHA', 'LGA', 'SGF', 'GSO', 'LEX', 'HTS', 'FAY', 'CHO', 'ROA', 'MGM', 'CLE', 'IAD', 'OMA', 'CHS', 'MLB', 'SHV', 'AVL', 'BNA', 'MDT', 'OAJ', 'MYR', 'PIT', 'LYH', 'JAN', 'STL', 'SAV', 'AGS', 'SDF', 'GRR', 'ILM', 'PHF', 'TOL', 'ATL', 'TRI', 'ORF', 'RIC', 'AVP', 'BHM', 'HSV', 'PGV', 'FLO', 'CAE', 'CMH', 'ROC', 'BDL', 'DCA', 'DAY', 'ABE', 'MEM', 'DTW', 'SRQ', 'EWN', 'BTV', 'VPS', 'PNS', 'CRW', 'BWI', 'JAX', 'CAK', 'CVG', 'HPN', 'MOB', 'GSP', 'RDU', 'MHT', 'DSM', 'MSY', 'DAB', 'GPT', 'IND', 'CID', 'TLH', 'MKE', 'GNV', 'XNA', 'FWA', 'TUL', 'SAT', 'PIA', 'MSN', 'SYR', 'ALB', 'EVV', 'LIT', 'OKC', 'MCI', 'ORD', 'MSP', 'DAL', 'HOU', 'MDW', 'EYW', 'SLC', 'DFW', 'PHX', 'SMF', 'SAN', 'FLL', 'TPA', 'SFO', 'LAS', 'MIA', 'PBI', 'JFK', 'LAX', 'RSW', 'SEA', 'PWM', 'BUF', 'BOS', 'PDX', 'SJU', 'TUS', 'STX', 'BGR', 'HHH', 'SJC', 'ECP', 'SBN', 'RAP', 'ACK', 'CMI', 'ITH', 'MTJ', 'HVN', 'STT']"
CMH,"['ORD', 'DEN', 'MCO', 'AUS', 'EWR', 'IAH', 'JFK', 'MIA', 'LGA', 'DFW', 'TPA', 'MYR', 'LAS', 'FLL', 'RSW', 'MSY', 'CLT', 'DTW', 'MSP', 'RDU', 'ATL', 'BNA', 'BOS', 'BWI', 'DAL', 'DCA', 'MDW', 'OAK', 'PHX', 'STL', 'IAD', 'PHL', 'LAX', 'SAT', 'HOU', 'PBI']"
CMI,"['ORD', 'DFW', 'CLT']"
CMX,['ORD']
CNY,['DEN']
COD,"['DEN', 'SLC']"
COS,"['SAT', 'LAS', 'IAD', 'PHX', 'MCO', 'SAN', 'ORD', 'SEA', 'MSP', 'ATL', 'IAH', 'DEN', 'LAX', 'SLC', 'DFW', 'RSW', 'TPA']"
COU,"['ORD', 'DFW', 'DEN']"
CPR,"['SLC', 'DEN', 'LAS', 'COD']"
CRP,"['IAH', 'DFW', 'HOU', 'BRO']"
CRW,"['IAH', 'MYR', 'CLT', 'DCA', 'PHL', 'ATL', 'ORD']"
CSG,['ATL']
CVG,"['ORD', 'SFO', 'IAD', 'SAT', 'LGA', 'LAX', 'ATL', 'DEN', 'PHX', 'PHL', 'MCO', 'RDU', 'MSP', 'LAS', 'RSW', 'DFW', 'JAX', 'AUS', 'SJC', 'SAN', 'TPA', 'IAH', 'EWR', 'PGD', 'MSY', 'PIE', 'SFB', 'FLL', 'VPS', 'BWI', 'SAV', 'PVD', 'AZA', 'CHS', 'MYR', 'SRQ', 'JFK', 'MIA', 'DCA', 'CLT', 'MKE', 'BNA', 'DTW', 'XNA', 'MDW', 'BOS', 'SLC', 'SEA', 'MCI', 'STL', 'BDL', 'SJU', 'FWA', 'CLE']"
CWA,"['ORD', 'MSP', 'DTW']"
CYS,['DFW']
DAB,"['CLT', 'ATL', 'JFK']"
DAL,"['PDX', 'LGA', 'SJC', 'DCA', 'SAN', 'SEA', 'ABQ', 'AMA', 'ATL', 'AUS', 'BHM', 'BNA', 'BOS', 'BUR', 'BWI', 'CLT', 'CMH', 'DEN', 'DTW', 'ECP', 'ELP', 'FLL', 'HOU', 'IND', 'LAS', 'LAX', 'LBB', 'LIT', 'MAF', 'MCI', 'MCO', 'MDW', 'MEM', 'MSY', 'OAK', 'OKC', 'OMA', 'ONT', 'PHL', 'PHX', 'PIT', 'RDU', 'SAT', 'SFO', 'SLC', 'SMF', 'SNA', 'STL', 'TPA', 'TUL', 'CHS', 'JAX', 'RNO', 'PNS', 'BOI', 'MSP', 'HRL', 'GSP', 'MKE']"
DAY,"['EWR', 'SFB', 'PGD', 'PIE', 'LGA', 'DFW', 'ORD', 'PHL', 'CLT', 'DCA', 'MSP', 'DTW', 'ATL', 'MYR', 'DEN', 'IAH', 'IAD']"
DBQ,['ORD']
DCA,"['DEN', 'SFO', 'IAH', 'ORD', 'CLE', 'EWR', 'LIT', 'ATL', 'PNS', 'XNA', 'BHM', 'SYR', 'RDU', 'DAY', 'PWM', 'ALB', 'CLT', 'BDL', 'GSP', 'BNA', 'GSO', 'CVG', 'MSY', 'MHT', 'AGS', 'HSV', 'BTV', 'PVD', 'ORF', 'ROC', 'DTW', 'CAE', 'IND', 'CHA', 'MYR', 'TYS', 'TLH', 'SDF', 'HPN', 'PIT', 'GRR', 'SAV', 'CHS', 'SRQ', 'CRW', 'JAN', 'VPS', 'ILM', 'DSM', 'JFK', 'PHL', 'MEM', 'BUF', 'STL', 'MSP', 'CAK', 'DAL', 'AUS', 'CMH', 'FLL', 'HOU', 'MCI', 'MCO', 'MDW', 'MKE', 'OMA', 'TPA', 'JAX', 'EYW', 'LGA', 'BOS', 'MSN', 'LEX', 'BGR', 'PBI', 'PHX', 'RSW', 'DFW', 'MIA', 'LAX', 'LAS', 'PDX', 'SEA', 'SLC', 'SJU', 'MGM', 'ACK', 'MVY', 'OKC', 'BTR']"
DEN,"['PHX', 'IAD', 'SEA', 'RNO', 'LAX', 'SJC', 'FSD', 'MSP', 'RSW', 'IAH', 'ONT', 'SAT', 'MSY', 'AUS', 'EWR', 'BDL', 'LGA', 'ABQ', 'PHL', 'DSM', 'DCA', 'KOA', 'OGG', 'CMH', 'BOS', 'OKC', 'STL', 'PSP', 'OMA', 'PDX', 'LIH', 'PIT', 'SLC', 'DFW', 'SAN', 'MSN', 'FLL', 'BUR', 'MCI', 'ANC', 'DTW', 'ORD', 'LAS', 'SMF', 'RDU', 'BWI', 'MCO', 'SFO', 'TUS', 'ATL', 'GEG', 'BIL', 'EUG', 'SNA', 'BZN', 'ICT', 'BOI', 'MIA', 'BNA', 'CLE', 'TPA', 'HNL', 'CID', 'IND', 'JAX', 'ELP', 'CVG', 'MEM', 'CLT', 'BUF', 'PVD', 'TYS', 'LIT', 'MKE', 'GSO', 'PNS', 'CHS', 'BIS', 'BHM', 'GRR', 'TUL', 'COS', 'COU', 'SBA', 'DRO', 'ISN', 'IDA', 'ASE', 'SGF', 'HLN', 'MFR', 'RIC', 'RDM', 'LNK', 'HDN', 'PSC', 'SBP', 'XNA', 'MLI', 'FAR', 'FAT', 'SHV', 'BFL', 'MAF', 'COD', 'SGU', 'PUB', 'LBL', 'RKS', 'JMS', 'LAR', 'BFF', 'GCC', 'LBF', 'HYS', 'GJT', 'MTJ', 'RAP', 'JAC', 'MOT', 'MSO', 'SUN', 'CPR', 'ALB', 'DAL', 'HOU', 'MDW', 'OAK', 'SDF', 'LGB', 'JFK', 'EGE', 'ORF', 'FCA', 'BLI', 'AVL', 'LBB', 'DAY', 'VEL', 'CNY', 'GTF', 'OTH', 'PRC', 'TVC', 'MDT', 'MYR', 'BKG', 'PWM', 'SYR', 'SAV', 'ECP', 'MRY', 'EAR', 'HSV', 'HRL', 'JAN', 'GSP', 'LFT', 'MMH', 'AMA', 'BMI', 'SAF']"
DFW,"['DEN', 'ORD', 'SFO', 'EWR', 'IAH', 'IAD', 'CVG', 'BTR', 'SHV', 'LAW', 'MFE', 'TYS', 'CLL', 'BHM', 'MOB', 'SAF', 'LBB', 'GRK', 'MAF', 'CHA', 'MLU', 'FSM', 'CID', 'FWA', 'MHK', 'JAC', 'LIT', 'GGG', 'GSO', 'TYR', 'SWO', 'XNA', 'SPI', 'SPS', 'ROW', 'ABI', 'RDU', 'BZN', 'CAE', 'SGF', 'OKC', 'AMA', 'MSN', 'PNS', 'BNA', 'LFT', 'FAR', 'LEX', 'AGS', 'GPT', 'MCI', 'ICT', 'SJT', 'ACT', 'AEX', 'TXK', 'JAN', 'HOU', 'DAY', 'SUX', 'JLN', 'LCH', 'MLI', 'BPT', 'TLH', 'STL', 'GRR', 'MGM', 'CMI', 'CRP', 'RIC', 'GRI', 'LRD', 'TUL', 'MEM', 'ILM', 'MYR', 'GJT', 'FSD', 'BIL', 'GCK', 'PIT', 'CLE', 'CMH', 'BMI', 'ORF', 'VPS', 'COU', 'SAN', 'ATL', 'TPA', 'BWI', 'LAS', 'SEA', 'BOS', 'FLL', 'MSY', 'PHL', 'DTW', 'LGA', 'MSP', 'LAX', 'MCO', 'OAK', 'PHX', 'PIB', 'ASE', 'EGE', 'SLC', 'OMA', 'MTJ', 'ELP', 'ABQ', 'SBA', 'RAP', 'DRO', 'SDF', 'HSV', 'PIA', 'JAX', 'BRO', 'BIS', 'EVV', 'DSM', 'CLT', 'GEG', 'TUS', 'CHS', 'SAT', 'MIA', 'GSP', 'SMF', 'SJU', 'BDL', 'COS', 'SNA', 'RSW', 'HDN', 'FAT', 'PSP', 'AUS', 'MKE', 'DCA', 'HNL', 'OGG', 'JFK', 'SJC', 'KOA', 'LIH', 'IND', 'RNO', 'ONT', 'PDX', 'SAV', 'GUC', 'PBI', 'BOI', 'EYW', 'MSO', 'TVC', 'AVL', 'ECP', 'SBN', 'FLG', 'ANC', 'DRT', 'CYS', 'SRQ', 'BUF', 'MEI']"
DHN,['ATL']
DLG,['ANC']
DLH,"['ORD', 'MSP']"
DRO,"['DEN', 'PHX', 'DFW', 'LAX']"
DRT,['DFW']
DSM,"['ORD', 'DEN', 'IAH', 'EWR', 'PGD', 'LAS', 'SFB', 'PIE', 'AZA', 'CLT', 'DCA', 'DTW', 'MSP', 'SLC', 'STL', 'PHX', 'DFW', 'ATL', 'LGA', 'MCO', 'LAX', 'SFO', 'PHL', 'CID', 'PIA', 'LIT']"
DTW,"['EWR', 'ORD', 'IAH', 'DEN', 'SFO', 'TTN', 'MCO', 'AUS', 'ISP', 'GSO', 'RIC', 'ATW', 'MYR', 'MDW', 'MHT', 'GRR', 'ROC', 'OMA', 'ORF', 'HPN', 'SYR', 'LGA', 'PHL', 'BOS', 'LAS', 'FLL', 'LAX', 'MSP', 'DFW', 'PDX', 'BWI', 'MCI', 'ATL', 'RSW', 'SAN', 'TPA', 'SEA', 'OAK', 'MSY', 'CLT', 'DCA', 'APN', 'ESC', 'ITH', 'BGM', 'MQT', 'PLN', 'CIU', 'MKE', 'MSN', 'IAD', 'OKC', 'BUF', 'ALB', 'LEX', 'CMH', 'GRB', 'TVC', 'SBN', 'PWM', 'CAK', 'LAN', 'MLI', 'ABE', 'FWA', 'SCE', 'SWF', 'ERI', 'IMT', 'CID', 'BNA', 'AZO', 'PIA', 'CHA', 'AVP', 'DAY', 'SAT', 'MDT', 'MEM', 'LIT', 'MBS', 'TUL', 'SDF', 'HSV', 'IND', 'PIT', 'PVD', 'CLE', 'TYS', 'EVV', 'CVG', 'BDL', 'DAL', 'PHX', 'STL', 'MIA', 'SLC', 'RDU', 'GSP', 'SRQ', 'JAX', 'JFK', 'PBI', 'SNA', 'DSM', 'BTV', 'CWA', 'SAV', 'BHM', 'SJC', 'CHS', 'ELM']"
DVL,"['JMS', 'DEN']"
EAR,['DEN']
EAU,['ORD']
ECP,"['IAH', 'BNA', 'BWI', 'DAL', 'HOU', 'STL', 'ATL', 'AUS', 'MDW', 'CLT', 'DFW', 'DEN']"
EGE,"['DFW', 'PHX', 'ORD', 'JFK', 'MIA', 'LAX', 'ATL', 'DEN', 'EWR', 'IAH', 'SFO', 'SLC', 'IAD', 'LGA']"
EKO,['SLC']
ELM,"['PIE', 'SFB', 'DTW', 'ATL']"
ELP,"['DEN', 'ORD', 'IAH', 'LAS', 'SAN', 'AUS', 'DAL', 'HOU', 'LAX', 'PHX', 'SAT', 'DFW', 'ATL', 'SFB', 'SLC', 'OKC']"
ERI,"['DTW', 'ITH', 'ORD']"
ESC,"['DTW', 'MQT']"
EUG,"['SFO', 'DEN', 'AZA', 'OAK', 'LAX', 'LAS', 'PHX', 'SLC', 'SAN', 'SEA']"
EVV,"['SFB', 'ORD', 'CLT', 'DTW', 'DFW', 'ATL', 'VPS']"
EWN,"['CLT', 'ATL']"
EWR,"['RDU', 'BNA', 'JAX', 'IAH', 'SEA', 'ORD', 'LAS', 'CLE', 'BOS', 'DEN', 'SFO', 'IAD', 'TPA', 'DFW', 'LAX', 'MCO', 'PBI', 'SNA', 'RSW', 'AUS', 'FLL', 'MYR', 'DCA', 'SAV', 'SAN', 'BDL', 'PDX', 'MIA', 'SJU', 'ATL', 'BUF', 'AVL', 'SJC', 'BQN', 'SRQ', 'MSY', 'SAT', 'PWM', 'PHX', 'SLC', 'BTV', 'HNL', 'CLT', 'ROC', 'CHS', 'SMF', 'TYS', 'MSP', 'DTW', 'AVP', 'CVG', 'CMH', 'SBN', 'XNA', 'MEM', 'STL', 'GRR', 'GSO', 'SDF', 'MKE', 'IND', 'GSP', 'ALB', 'DAY', 'RIC', 'PVD', 'MSN', 'CAK', 'BGR', 'MHT', 'BWI', 'CHA', 'OMA', 'DSM', 'SYR', 'LEX', 'FWA', 'ORF', 'MDW', 'OAK', 'PIT', 'MCI', 'EYW', 'OKC', 'JAC', 'STT', 'EGE', 'HDN', 'MTJ', 'BZN', 'VPS', 'RAP', 'ANC', 'TVC', 'PSP']"
EYW,"['ATL', 'RSW', 'EWR', 'ORD', 'MIA', 'CLT', 'DCA', 'DFW']"
FAI,"['SCC', 'ANC', 'SEA', 'MSP', 'ORD']"
FAR,"['ORD', 'SFB', 'AZA', 'LAS', 'DFW', 'DEN', 'MSP', 'LAX', 'ATL', 'GFK', 'JMS']"
FAT,"['SFO', 'LAS', 'LAX', 'DEN', 'PHX', 'SAN', 'SEA', 'SLC', 'DFW', 'ORD', 'PDX']"
FAY,"['CLT', 'ATL']"
FCA,"['LAS', 'MSP', 'SLC', 'ORD', 'ATL', 'LAX', 'DEN', 'OAK', 'SFO']"
FLG,"['PHX', 'LAX', 'DFW']"
FLL,"['ORD', 'IAH', 'EWR', 'IAD', 'CLE', 'DEN', 'SFO', 'SYR', 'LCK', 'USA', 'AVL', 'TYS', 'BLV', 'LEX', 'IND', 'CVG', 'MKE', 'SDF', 'ORF', 'GSP', 'PBG', 'MEM', 'GRR', 'ABE', 'PHL', 'ATL', 'DTW', 'MYR', 'MCO', 'BDL', 'RIC', 'LGA', 'LAS', 'STT', 'ACY', 'BWI', 'DFW', 'SJU', 'LAX', 'BQN', 'IAG', 'CMH', 'CAK', 'PIT', 'TPA', 'MSP', 'BOS', 'MSY', 'LBE', 'SEA', 'RDU', 'ALB', 'AUS', 'BNA', 'BUF', 'DAL', 'DCA', 'HOU', 'ISP', 'MCI', 'MDW', 'PHX', 'PVD', 'STL', 'JAX', 'MHT', 'CLT', 'JFK', 'SLC', 'SAN', 'SWF', 'HPN', 'LGB', 'CHS', 'ORH', 'SAT', 'GSO', 'BHM', 'OKC', 'TTN', 'FNT', 'HDN']"
FLO,['CLT']
FNT,"['ORD', 'PIE', 'PGD', 'SFB', 'MSP', 'MDW', 'MCO', 'RSW', 'TPA', 'ATL', 'MYR', 'FLL']"
FSD,"['DEN', 'AZA', 'SFB', 'LAS', 'PIE', 'DFW', 'ORD', 'MSP', 'PHX', 'ATL', 'LAX']"
FSM,"['DFW', 'ATL']"
FWA,"['DFW', 'EWR', 'SFB', 'PGD', 'PIE', 'AZA', 'CLT', 'ORD', 'MSP', 'DTW', 'ATL', 'MYR']"
GCC,['DEN']
GCK,['DFW']
GEG,"['DEN', 'SFO', 'ORD', 'SLC', 'SEA', 'BOI', 'LAS', 'OAK', 'PHX', 'SMF', 'SJC', 'DFW', 'MSP', 'MDW', 'LAX', 'SAN', 'PDX']"
GFK,"['LAS', 'SFB', 'AZA', 'MSP']"
GGG,['DFW']
GJT,"['LAS', 'DFW', 'DEN', 'SLC', 'PHX', 'LAX', 'ASE', 'ATL', 'ORD']"
GNV,"['MIA', 'CLT', 'ATL']"
GPT,"['IAH', 'ATL', 'SFB', 'DFW', 'CLT']"
GRB,"['ATL', 'ORD', 'DTW', 'MSP', 'MQT', 'CMX']"
GRI,"['LAS', 'AZA', 'DFW']"
GRK,"['DFW', 'IAH', 'ATL']"
GRR,"['ORD', 'DEN', 'MCO', 'PHL', 'IAH', 'DTW', 'MSP', 'PIE', 'PGD', 'AZA', 'SFB', 'LAS', 'FLL', 'DFW', 'CLT', 'DCA', 'BWI', 'MDW', 'RSW', 'TPA', 'EWR', 'ATL', 'LGA', 'IAD', 'PHX', 'MIA']"
GSO,"['DEN', 'EWR', 'LGA', 'DTW', 'SFB', 'PIE', 'DFW', 'MIA', 'ORD', 'CLT', 'DCA', 'PHL', 'ATL', 'IAD', 'MCO', 'FLL', 'TPA']"
GSP,"['EWR', 'IAH', 'SFB', 'FLL', 'PIE', 'ORD', 'CLT', 'PHL', 'DCA', 'ATL', 'IAD', 'DFW', 'DTW', 'LGA', 'MIA', 'DAL', 'TPA', 'DEN', 'LAS', 'MCO', 'PGD', 'FWA']"
GST,['JNU']
GTF,"['AZA', 'LAS', 'SLC', 'MSP', 'ORD', 'DEN', 'SEA', 'BZN']"
GTR,['ATL']
GUC,"['DFW', 'IAH']"
GUM,"['HNL', 'SPN']"
HDN,"['DEN', 'ORD', 'DFW', 'MSP', 'ATL', 'IAH', 'EWR', 'BOS', 'SAN', 'LAX', 'SFO', 'IAD', 'LGB', 'FLL']"
HGR,"['SFB', 'PIE']"
HHH,['CLT']
HIB,['MSP']
HLN,"['SLC', 'MSP', 'DEN']"
HNL,"['LAX', 'SFO', 'DEN', 'EWR', 'IAH', 'ORD', 'GUM', 'LAS', 'SAN', 'SMF', 'SEA', 'PDX', 'PHX', 'SJC', 'OAK', 'JFK', 'ITO', 'LIH', 'KOA', 'OGG', 'PPG', 'DFW', 'ANC', 'ATL', 'MSP', 'SLC', 'IAD', 'LGB']"
HOB,['IAH']
HOU,"['DFW', 'ABQ', 'ATL', 'AUS', 'BHM', 'BNA', 'BOS', 'BWI', 'CHS', 'CLT', 'CRP', 'DAL', 'DCA', 'DEN', 'ECP', 'ELP', 'FLL', 'HRL', 'IND', 'JAX', 'LAS', 'LAX', 'LGA', 'MAF', 'MCI', 'MCO', 'MDW', 'MEM', 'MKE', 'MSY', 'OAK', 'OKC', 'OMA', 'PHX', 'PIT', 'PNS', 'RDU', 'SAN', 'SAT', 'SJU', 'SNA', 'STL', 'TPA', 'TUL', 'PDX', 'SJC', 'SLC', 'JFK', 'SEA', 'BUR', 'CMH', 'LBB', 'SDF', 'TUS', 'PHL', 'SMF', 'MIA']"
HPN,"['ATL', 'ORD', 'CLT', 'DCA', 'DTW', 'MCO', 'FLL', 'RSW', 'TPA', 'PBI']"
HRL,"['IAH', 'AUS', 'HOU', 'MSP', 'DAL', 'DEN', 'ORD']"
HSV,"['IAH', 'ORD', 'CLT', 'DCA', 'ATL', 'DTW', 'DFW', 'DEN', 'MCO', 'IAD', 'SHV']"
HTS,"['SFB', 'PIE', 'CLT', 'MYR', 'PGD']"
HVN,"['PHL', 'CLT']"
HYA,['JFK']
HYS,"['DEN', 'SLN']"
IAD,"['FLL', 'SFO', 'TPA', 'ORF', 'EWR', 'LAS', 'DEN', 'JAX', 'ATL', 'LAX', 'BDL', 'SEA', 'RDU', 'IAH', 'SAT', 'PHX', 'BOS', 'MCO', 'ORD', 'SMF', 'PDX', 'SAN', 'DFW', 'CVG', 'AUS', 'PIT', 'SJU', 'COS', 'TUL', 'CLT', 'DTW', 'MSP', 'SHD', 'CKB', 'LWB', 'PVD', 'CMH', 'IND', 'LGA', 'BNA', 'MCI', 'CLE', 'GSP', 'ROC', 'BTV', 'PHL', 'MSY', 'SAV', 'RIC', 'CHS', 'OKC', 'STL', 'SYR', 'TYS', 'MDT', 'BUF', 'PWM', 'MIA', 'SLC', 'JFK', 'HNL', 'STT', 'MSN', 'PBG', 'ALB', 'GSO', 'SDF', 'ILM', 'HSV', 'EGE', 'HDN', 'CHA', 'CAE', 'DAY', 'TTN']"
IAG,"['PIE', 'PGD', 'SFB', 'MYR', 'FLL']"
IAH,"['SMF', 'RSW', 'BNA', 'ORD', 'SNA', 'SAN', 'MIA', 'MSY', 'EWR', 'DEN', 'LAS', 'MFE', 'DFW', 'SAT', 'MCO', 'FLL', 'LAX', 'AUS', 'LGA', 'TPA', 'BOS', 'PHL', 'SFO', 'SEA', 'SJC', 'DCA', 'ATL', 'PDX', 'PHX', 'BWI', 'PBI', 'JAX', 'SAV', 'CLE', 'DTW', 'MSP', 'SJU', 'IAD', 'CHS', 'PSP', 'HNL', 'SLC', 'CLT', 'RDU', 'LIT', 'JAN', 'CRW', 'TUL', 'CRP', 'AEX', 'ECP', 'TUS', 'BHM', 'VPS', 'LBB', 'PNS', 'BTR', 'OKC', 'BRO', 'AMA', 'LFT', 'SDF', 'XNA', 'MAF', 'MKE', 'CLL', 'SHV', 'CAE', 'CMH', 'MOB', 'GPT', 'GRR', 'LEX', 'DSM', 'GRK', 'COS', 'HSV', 'ELP', 'HOB', 'MTJ', 'LCH', 'MCI', 'IND', 'MLU', 'LRD', 'ABQ', 'TYS', 'MEM', 'ICT', 'SGF', 'STL', 'OMA', 'HRL', 'RIC', 'GSP', 'OAK', 'ASE', 'CVG', 'RNO', 'BZN', 'AGS', 'PIT', 'BOI', 'ORF', 'JAC', 'STT', 'HDN', 'EGE', 'GUC', 'MSN', 'ANC', 'DAY', 'RAP', 'CAK', 'BDL', 'JFK']"
ICT,"['DEN', 'ORD', 'IAH', 'LAS', 'AZA', 'DFW', 'SEA', 'MSP', 'PHX', 'STL', 'ATL', 'SFB', 'LAX', 'HYS', 'DAY', 'MHK']"
IDA,"['AZA', 'LAS', 'DEN', 'SLC', 'OAK', 'LAX', 'MSP']"
IFP,['PHX']
ILM,"['LGA', 'DFW', 'CLT', 'PHL', 'DCA', 'ATL', 'ORD', 'IAD']"
IMT,"['MSP', 'DTW']"
IND,"['SFO', 'ORD', 'AUS', 'DEN', 'MCO', 'LAS', 'PHL', 'IAH', 'EWR', 'PIE', 'FLL', 'JAX', 'SAV', 'MSY', 'PGD', 'SFB', 'AZA', 'MYR', 'CHS', 'VPS', 'SRQ', 'MIA', 'LGA', 'DFW', 'DCA', 'CLT', 'MSP', 'DTW', 'ATL', 'BOS', 'BWI', 'DAL', 'HOU', 'LAX', 'MCI', 'MDW', 'PHX', 'RSW', 'TPA', 'IAD', 'JFK', 'SEA', 'SLC', 'RDU', 'OAK', 'SAN']"
INL,['MSP']
ISN,"['DEN', 'MSP']"
ISP,"['MSP', 'PBI', 'MCO', 'SJU', 'ATL', 'ORD', 'DTW', 'TPA', 'BWI', 'FLL', 'MIA', 'RSW', 'MYR', 'MSY']"
ITH,"['DTW', 'CLT']"
ITO,"['LAX', 'HNL', 'OGG']"
JAC,"['DFW', 'LAX', 'SFO', 'DEN', 'MSP', 'ATL', 'SLC', 'EWR', 'ORD', 'IAH', 'PHX', 'SEA', 'JFK']"
JAN,"['IAH', 'DFW', 'CLT', 'DCA', 'ATL', 'ORD', 'MCO', 'DEN']"
JAX,"['IAH', 'IAD', 'ORD', 'EWR', 'PHL', 'DEN', 'TTN', 'AUS', 'CVG', 'BLV', 'IND', 'CLE', 'PIT', 'LCK', 'MIA', 'CLT', 'MSP', 'ATL', 'BNA', 'BWI', 'HOU', 'MDW', 'FLL', 'DAL', 'DFW', 'DCA', 'LGA', 'DTW', 'JFK', 'BOS', 'ORF', 'SDF', 'STL', 'LAS', 'SAT', 'BUF', 'MCI', 'MKE', 'MCO', 'TPA']"
JFK,"['HNL', 'CLE', 'CMH', 'BWI', 'CVG', 'PIT', 'ORF', 'BNA', 'RDU', 'PHL', 'DCA', 'IND', 'BOS', 'CLT', 'PHX', 'MIA', 'LAX', 'SFO', 'LAS', 'MCO', 'EGE', 'AUS', 'SAN', 'SEA', 'DFW', 'ORD', 'PDX', 'PSP', 'MSP', 'SLC', 'DTW', 'ATL', 'FLL', 'CHS', 'MSY', 'DEN', 'SJU', 'TPA', 'SAT', 'RSW', 'PBI', 'STT', 'BUF', 'IAD', 'ROC', 'JAX', 'RIC', 'SYR', 'BGR', 'PWM', 'SAV', 'BTV', 'ABQ', 'RNO', 'SMF', 'SRQ', 'OAK', 'LGB', 'BUR', 'DAB', 'HOU', 'SJC', 'PSE', 'BQN', 'MVY', 'ACK', 'ORH', 'HYA', 'SNA', 'JAC', 'ONT']"
JLN,['DFW']
JMS,"['DEN', 'DVL']"
JNU,"['KTN', 'YAK', 'SIT', 'PSG', 'ANC', 'SEA', 'GST']"
KOA,"['DEN', 'SFO', 'LAX', 'HNL', 'OGG', 'LIH', 'PHX', 'DFW', 'OAK', 'PDX', 'SJC', 'SEA', 'SAN', 'ANC', 'BLI', 'SMF']"
KTN,"['SEA', 'WRG', 'SIT', 'JNU']"
LAN,"['ORD', 'MSP', 'DTW']"
LAR,['DEN']
LAS,"['SFO', 'EWR', 'IAH', 'LAX', 'DEN', 'IAD', 'ORD', 'TPA', 'AUS', 'MCO', 'CLE', 'STL', 'ATL', 'SJC', 'COS', 'IND', 'CVG', 'RDU', 'MEM', 'OMA', 'BNA', 'SAT', 'SLC', 'MSN', 'BLI', 'OAK', 'RAP', 'GRI', 'RNO', 'AZA', 'LRD', 'MLI', 'ATW', 'BOI', 'ABQ', 'MFR', 'FAT', 'RFD', 'ICT', 'FAR', 'FCA', 'FSD', 'DSM', 'GFK', 'MFE', 'SCK', 'BIS', 'SMX', 'SBN', 'XNA', 'BZN', 'BLV', 'MSO', 'SDF', 'TUL', 'MRY', 'CID', 'IDA', 'GTF', 'ELP', 'EUG', 'GJT', 'TYS', 'PSC', 'SGF', 'PIA', 'MOT', 'GRR', 'BIL', 'SHV', 'OKC', 'HNL', 'SEA', 'SAN', 'MSP', 'DTW', 'MCI', 'DFW', 'PDX', 'CMH', 'PIT', 'PHL', 'MSY', 'BOS', 'BWI', 'FLL', 'SNA', 'AMA', 'BDL', 'BHM', 'BUF', 'BUR', 'DAL', 'GEG', 'HOU', 'LBB', 'LIT', 'MAF', 'MDW', 'MKE', 'ONT', 'PHX', 'SMF', 'TUS', 'LGB', 'CLT', 'MIA', 'DCA', 'JFK', 'ORF', 'JAX', 'RSW', 'GSP', 'ANC', 'CPR', 'OGD', 'ALB']"
LAW,['DFW']
LAX,"['IAH', 'BOS', 'EWR', 'IAD', 'DEN', 'LAS', 'ORD', 'CLE', 'SFO', 'SAN', 'KOA', 'BWI', 'HNL', 'LIH', 'ITO', 'OGG', 'MCO', 'CVG', 'ATL', 'TUL', 'MFR', 'BLI', 'BOI', 'PVU', 'MEM', 'EUG', 'SGF', 'PHL', 'DTW', 'FLL', 'MSP', 'MSY', 'OAK', 'TPA', 'MCI', 'PIT', 'DFW', 'AUS', 'FAT', 'PHX', 'PSP', 'RNO', 'TUS', 'ASE', 'SEA', 'SMF', 'COS', 'SLC', 'SAT', 'JAC', 'ABQ', 'SBA', 'RDM', 'SJC', 'SGU', 'MRY', 'SBP', 'BZN', 'BNA', 'DAL', 'ELP', 'HOU', 'IND', 'MDW', 'MKE', 'PDX', 'STL', 'CMH', 'CLT', 'MIA', 'JFK', 'DCA', 'BDL', 'RDU', 'EGE', 'ANC', 'BUF', 'FCA', 'MSO', 'OKC', 'ICT', 'CID', 'PSC', 'GJT', 'BIL', 'FSD', 'FAR', 'IDA', 'LIT', 'XNA', 'DSM', 'MFE', 'ACV', 'DRO', 'FLG', 'PRC', 'OMA', 'MSN', 'GEG', 'MMH', 'HDN', 'SUN', 'MTJ', 'OGD', 'SDF']"
LBB,"['DFW', 'SAF', 'IAH', 'PHX', 'AUS', 'DAL', 'LAS', 'DEN', 'HOU']"
LBE,"['TPA', 'RSW', 'MYR', 'FLL', 'MCO']"
LBF,['DEN']
LBL,"['PUB', 'DEN']"
LCH,"['IAH', 'DFW']"
LCK,"['FLL', 'PIE', 'SFB', 'PGD', 'MSY', 'SAV', 'AUS', 'JAX', 'MYR', 'VPS']"
LEX,"['ORD', 'IAH', 'EWR', 'ATL', 'LGA', 'PIE', 'FLL', 'SFB', 'PGD', 'SAV', 'DFW', 'CLT', 'DTW', 'MSP', 'DCA', 'MYR', 'VPS']"
LFT,"['IAH', 'DFW', 'ATL', 'MCO', 'DEN']"
LGA,"['ORD', 'DEN', 'IAH', 'CVG', 'ATL', 'CLE', 'MEM', 'CLT', 'OMA', 'ROC', 'RDU', 'LEX', 'SAV', 'GSO', 'CAE', 'PIT', 'RIC', 'BHM', 'BGR', 'ORF', 'XNA', 'ILM', 'CMH', 'DTW', 'BNA', 'CHO', 'DAY', 'PHL', 'IND', 'PWM', 'SDF', 'ROA', 'MYR', 'STL', 'FLL', 'DFW', 'CAK', 'DAL', 'HOU', 'MCI', 'MDW', 'MKE', 'TPA', 'PHX', 'IAD', 'MIA', 'MSP', 'PBI', 'DCA', 'JAX', 'MSN', 'BOS', 'BUF', 'CHS', 'AGS', 'MSY', 'MCO', 'SRQ', 'RSW', 'DSM', 'MHT', 'TYS', 'BTV', 'SYR', 'GRR', 'GSP', 'MVY', 'ACK', 'TVC', 'CHA', 'BZN', 'AVL', 'SAT', 'MTJ', 'EGE', 'SBN']"
LGB,"['PHX', 'SLC', 'OAK', 'SMF', 'DEN', 'LAS', 'JFK', 'RNO', 'SEA', 'BOS', 'SJC', 'SFO', 'FLL', 'AUS', 'PDX', 'HNL', 'HDN', 'BZN']"
LIH,"['SFO', 'DEN', 'LAX', 'HNL', 'OGG', 'KOA', 'PHX', 'DFW', 'SAN', 'SEA', 'PDX', 'SJC', 'OAK']"
LIT,"['DEN', 'IAH', 'ORD', 'DTW', 'SFB', 'DFW', 'DCA', 'CLT', 'DAL', 'LAS', 'PHX', 'STL', 'ATL', 'LAX', 'MCO']"
LNK,"['ORD', 'MSP', 'DEN', 'ATL']"
LRD,"['IAH', 'LAS', 'DFW']"
LSE,"['ORD', 'MSP']"
LWB,"['SHD', 'ORD', 'IAD']"
LWS,['SLC']
LYH,['CLT']
MAF,"['DFW', 'IAH', 'DEN', 'DAL', 'HOU', 'LAS', 'PHX']"
MBS,"['MSP', 'DTW', 'ORD']"
MCI,"['DEN', 'SFO', 'ORD', 'RDU', 'PHL', 'IAH', 'PIE', 'AZA', 'SFB', 'PGD', 'DFW', 'MCO', 'DTW', 'LAX', 'LAS', 'DCA', 'CLT', 'SAN', 'SLC', 'MSP', 'ABQ', 'ATL', 'AUS', 'BNA', 'BOS', 'BWI', 'DAL', 'FLL', 'HOU', 'IND', 'LGA', 'MDW', 'MKE', 'MSY', 'OAK', 'PDX', 'PHX', 'RSW', 'SAT', 'SEA', 'STL', 'TPA', 'PNS', 'IAD', 'EWR', 'MIA', 'CVG', 'VPS', 'MYR', 'JAX']"
MCO,"['SFO', 'ORD', 'IAH', 'EWR', 'IAD', 'CLE', 'LAX', 'DEN', 'PVD', 'BUF', 'PHL', 'DTW', 'MEM', 'STL', 'SJU', 'RDU', 'ISP', 'ATL', 'CLT', 'CVG', 'MKE', 'AUS', 'COS', 'LAS', 'OKC', 'IND', 'TTN', 'MSY', 'ABQ', 'TUL', 'BNA', 'CMH', 'GRR', 'SAT', 'BHM', 'ACY', 'BWI', 'DFW', 'FLL', 'MCI', 'BOS', 'MSP', 'CAK', 'BDL', 'PIT', 'RIC', 'LBE', 'ALB', 'DAL', 'DCA', 'HOU', 'MDW', 'MHT', 'ORF', 'PHX', 'ROC', 'SAN', 'SDF', 'OAK', 'OMA', 'PWM', 'FNT', 'MIA', 'LGA', 'JFK', 'PDX', 'SEA', 'SLC', 'ORH', 'BQN', 'SYR', 'PSE', 'SWF', 'HPN', 'MSN', 'DSM', 'TYS', 'CID', 'SJC', 'SMF', 'ONT', 'MDT', 'GSO', 'JAN', 'BMI', 'HSV', 'PSM', 'LIT', 'LFT', 'GSP', 'AVL', 'STT', 'MYR']"
MDT,"['ORD', 'PGD', 'SFB', 'PIE', 'MYR', 'CLT', 'DTW', 'IAD', 'ATL', 'RDU', 'DEN', 'MCO', 'HPN']"
MDW,"['DTW', 'MSP', 'OMA', 'ONT', 'ORF', 'PDX', 'PHL', 'PHX', 'PIT', 'PVD', 'RDU', 'RNO', 'RSW', 'SAN', 'SAT', 'SDF', 'SEA', 'SFO', 'SJC', 'SLC', 'SMF', 'STL', 'TPA', 'TUS', 'ABQ', 'ALB', 'ATL', 'AUS', 'BDL', 'BHM', 'BNA', 'BOS', 'BUF', 'BWI', 'CHS', 'CLE', 'CLT', 'CMH', 'CVG', 'DAL', 'DCA', 'DEN', 'EWR', 'FLL', 'FNT', 'GRR', 'HOU', 'IND', 'JAX', 'LAS', 'LAX', 'LGA', 'MCI', 'MCO', 'MEM', 'MHT', 'MSY', 'OAK', 'OKC', 'PNS', 'SJU', 'PBI', 'BOI', 'GEG', 'SNA', 'ECP', 'PWM', 'BUR']"
MEI,"['ORD', 'DFW', 'PIB']"
MEM,"['MCO', 'DEN', 'PHL', 'LAS', 'EWR', 'IAH', 'LGA', 'AUS', 'PIE', 'FLL', 'LAX', 'SFB', 'ORD', 'DFW', 'DCA', 'CLT', 'MSP', 'DTW', 'BWI', 'DAL', 'HOU', 'MDW', 'TPA', 'PHX', 'MIA', 'ATL', 'OAK', 'VPS', 'SAT', 'AZA']"
MFE,"['IAH', 'DFW', 'LAS', 'LAX', 'SFB', 'BRO']"
MFR,"['SFO', 'LAX', 'LAS', 'DEN', 'PHX', 'SEA', 'SLC', 'AZA', 'ACV']"
MGM,"['DFW', 'CLT', 'ATL', 'DCA']"
MHK,"['DFW', 'ORD']"
MHT,"['EWR', 'DTW', 'DCA', 'CLT', 'PHL', 'ORD', 'BWI', 'MCO', 'MDW', 'TPA', 'FLL', 'ATL', 'LGA']"
MIA,"['IAH', 'EWR', 'ORD', 'DEN', 'SFO', 'SJU', 'PHL', 'PIT', 'CLE', 'CVG', 'IND', 'TLH', 'GNV', 'ORF', 'CMH', 'PNS', 'JAX', 'GSO', 'CHS', 'BHM', 'AUS', 'ATL', 'RIC', 'LGA', 'MSP', 'EYW', 'MSY', 'STL', 'OMA', 'BNA', 'SDF', 'MEM', 'MCI', 'DTW', 'PHX', 'MCO', 'TPA', 'DCA', 'CLT', 'SAN', 'IAD', 'BWI', 'LAS', 'BDL', 'DFW', 'LAX', 'JFK', 'BOS', 'RDU', 'SEA', 'SAT', 'EGE', 'STT', 'STX', 'SLC', 'TUL', 'BUF', 'MKE', 'PVD', 'ISP', 'TTN', 'SAV', 'GSP', 'TYS', 'RSW', 'HOU', 'GRR']"
MKE,"['MCO', 'AUS', 'DEN', 'PHL', 'RDU', 'EWR', 'CLE', 'IAH', 'PGD', 'FLL', 'PIE', 'AZA', 'SFB', 'CLT', 'ORD', 'SEA', 'CVG', 'DTW', 'SLC', 'MSP', 'ATL', 'BNA', 'BOS', 'BWI', 'DCA', 'HOU', 'LAS', 'LAX', 'LGA', 'MCI', 'PHX', 'RSW', 'STL', 'TPA', 'DFW', 'MIA', 'PDX', 'SAN', 'SFO', 'JAX', 'ATW', 'DAL']"
MKG,['ORD']
MLB,"['CLT', 'ATL']"
MLI,"['ATL', 'PGD', 'LAS', 'SFB', 'PIE', 'AZA', 'ORD', 'DFW', 'DEN', 'MSP', 'DTW']"
MLU,"['DFW', 'IAH', 'ATL']"
MMH,"['SFO', 'LAX', 'DEN']"
MOB,"['DFW', 'IAH', 'ORD', 'ATL', 'CLT']"
MOT,"['AZA', 'LAS', 'MSP', 'DEN', 'JMS']"
MQT,"['ORD', 'MSP', 'DTW']"
MRY,"['LAS', 'LAX', 'SFO', 'PHX', 'SAN', 'DEN']"
MSN,"['ORD', 'DEN', 'PHL', 'LAS', 'EWR', 'DFW', 'CLT', 'DTW', 'MSP', 'SLC', 'LGA', 'DCA', 'ATL', 'MCO', 'BNA', 'SEA', 'RDU', 'SFO', 'IAD', 'IAH', 'BOS', 'STL', 'LAX', 'CLE', 'PHX']"
MSO,"['AZA', 'LAS', 'SEA', 'SLC', 'DEN', 'MSP', 'ATL', 'LAX', 'OAK', 'ORD', 'DFW', 'SFO', 'BZN']"
MSP,"['DEN', 'ORD', 'IAH', 'EWR', 'AUS', 'CVG', 'ISP', 'TTN', 'CLE', 'COS', 'RST', 'XNA', 'RIC', 'GRR', 'BWI', 'MCO', 'LAS', 'RSW', 'LAX', 'DTW', 'PHX', 'TPA', 'ATL', 'FLL', 'BOS', 'SEA', 'DFW', 'MSY', 'MYR', 'DCA', 'SFO', 'ABR', 'BJI', 'BRD', 'CIU', 'MQT', 'HIB', 'RHI', 'LAN', 'IMT', 'INL', 'PDX', 'PHL', 'DAY', 'BIS', 'BNA', 'ATW', 'FSD', 'MDW', 'FAR', 'MOT', 'AZO', 'BDL', 'OMA', 'DLH', 'SAT', 'FCA', 'RAP', 'PIA', 'MEM', 'GFK', 'CWA', 'FWA', 'STL', 'GTF', 'MLI', 'FNT', 'LSE', 'RDU', 'ICT', 'CID', 'IND', 'CMH', 'GRB', 'LEX', 'HLN', 'PSC', 'OKC', 'MSN', 'IAD', 'ISN', 'ROC', 'LNK', 'MBS', 'SDF', 'TUL', 'DSM', 'ALB', 'SBN', 'MKE', 'JAX', 'BOI', 'MCI', 'BUF', 'PIT', 'CLT', 'LGA', 'MIA', 'JFK', 'SAN', 'BZN', 'SLC', 'HDN', 'HNL', 'GEG', 'ANC', 'SMF', 'SJC', 'SNA', 'TUS', 'PSP', 'SYR', 'BIL', 'MSO', 'HRL', 'BMI', 'TYS', 'SAV', 'ORF', 'TVC', 'JAC', 'FAI', 'ABQ', 'RNO', 'IDA', 'OAK', 'DAL', 'CHS', 'PBI', 'SJU', 'ASE', 'PVD']"
MSY,"['SFO', 'DEN', 'ORD', 'EWR', 'IAH', 'IAD', 'RDU', 'PHL', 'AUS', 'MCO', 'SAT', 'CVG', 'IND', 'CLE', 'SFB', 'USA', 'LCK', 'PIE', 'PIT', 'ACY', 'TPA', 'DFW', 'ATL', 'LAS', 'BOS', 'FLL', 'DTW', 'MSP', 'CMH', 'BWI', 'LAX', 'DCA', 'CLT', 'BNA', 'DAL', 'HOU', 'MCI', 'MDW', 'OAK', 'PHX', 'SAN', 'STL', 'SJC', 'SMF', 'MIA', 'LGA', 'SEA', 'JFK', 'SLC', 'PVD', 'ISP']"
MTJ,"['IAH', 'DEN', 'PHX', 'SFO', 'DFW', 'ATL', 'EWR', 'ORD', 'SLC', 'LAX', 'LGA', 'CLT']"
MVY,"['LGA', 'BOS', 'JFK', 'DCA']"
MYR,"['EWR', 'DTW', 'LCK', 'MDT', 'IND', 'PIT', 'ABE', 'CLE', 'CVG', 'LGA', 'DFW', 'FLL', 'BDL', 'BOS', 'CMH', 'IAG', 'CRW', 'ACY', 'LBE', 'BWI', 'PHL', 'PBG', 'ORD', 'MSP', 'DCA', 'CLT', 'ATL', 'BLV', 'SWF', 'SYR', 'DAY', 'CKB', 'BNA', 'LEX', 'SDF', 'HTS', 'MCI', 'PSM', 'FNT', 'FWA', 'TTN', 'DEN', 'PVD', 'ISP', 'MCO']"
OAJ,"['ATL', 'CLT']"
OAK,"['LAS', 'AZA', 'BLI', 'EUG', 'OGG', 'HNL', 'DFW', 'LAX', 'BWI', 'DTW', 'ORD', 'IAH', 'ABQ', 'ATL', 'AUS', 'BNA', 'BOI', 'BUR', 'CMH', 'DAL', 'DEN', 'GEG', 'HOU', 'LGB', 'MCI', 'MDW', 'MSY', 'ONT', 'PDX', 'PHX', 'RNO', 'SAN', 'SEA', 'SLC', 'SNA', 'STL', 'EWR', 'MCO', 'TUS', 'KOA', 'LIH', 'JFK', 'BOS', 'MSO', 'IDA', 'FCA', 'MEM', 'IND', 'MSP', 'SAT', 'PVU']"
OGD,"['AZA', 'LAX', 'LAS']"
OGG,"['SFO', 'DEN', 'LAX', 'ORD', 'OAK', 'SEA', 'PDX', 'SJC', 'HNL', 'ITO', 'LIH', 'KOA', 'PHX', 'DFW', 'SMF', 'SAN', 'SLC', 'ANC', 'BLI']"
OGS,"['PIE', 'SFB']"
OKC,"['DEN', 'MCO', 'SAN', 'IAH', 'SFB', 'LAS', 'DFW', 'ORD', 'CLT', 'SFO', 'DTW', 'MSP', 'SLC', 'BWI', 'DAL', 'HOU', 'MDW', 'PHX', 'STL', 'IAD', 'EWR', 'ATL', 'VPS', 'LAX', 'PHL', 'SAT', 'DCA', 'BNA', 'FLL', 'ASE', 'SEA']"
OMA,"['ORD', 'DEN', 'PHL', 'AUS', 'LAS', 'EWR', 'IAH', 'LGA', 'ATL', 'DTW', 'PGD', 'SFB', 'PIE', 'AZA', 'CLT', 'SAN', 'SLC', 'MSP', 'SFO', 'PDX', 'DAL', 'DCA', 'HOU', 'MDW', 'PHX', 'STL', 'MCO', 'TPA', 'MIA', 'DFW', 'SEA', 'RSW', 'LAX', 'SAT']"
OME,"['ANC', 'OTZ']"
ONT,"['DEN', 'SFO', 'AUS', 'SAT', 'PDX', 'SLC', 'DAL', 'LAS', 'MDW', 'OAK', 'PHX', 'SJC', 'SMF', 'DFW', 'SEA', 'MCO', 'JFK', 'LGB']"
ORD,"['SAT', 'SFO', 'RDU', 'MCI', 'MSY', 'MSN', 'DFW', 'CLE', 'IAD', 'LAX', 'EWR', 'SAN', 'DLH', 'SNA', 'SMF', 'PDX', 'MCO', 'LAS', 'IAH', 'GRR', 'RSW', 'CVG', 'FLL', 'CHS', 'DEN', 'BNA', 'ROC', 'SJU', 'IND', 'AUS', 'LGA', 'SJC', 'SEA', 'SRQ', 'MSP', 'MDT', 'DCA', 'TPA', 'PHX', 'ALB', 'PHL', 'OMA', 'BOS', 'PIT', 'ANC', 'JAX', 'DSM', 'ATL', 'MIA', 'BDL', 'RIC', 'CMH', 'SAV', 'ORF', 'BWI', 'SLC', 'DTW', 'HNL', 'OGG', 'PSP', 'TTN', 'ISP', 'COS', 'ELP', 'CAE', 'ABE', 'MOB', 'SBN', 'FAR', 'TYS', 'LIT', 'CWA', 'GSP', 'XNA', 'PNS', 'LEX', 'PIA', 'ICT', 'TUL', 'AVP', 'BHM', 'LAN', 'FNT', 'MHK', 'SUX', 'CID', 'DBQ', 'MEM', 'BUF', 'STL', 'CMI', 'RST', 'EVV', 'MLI', 'FSD', 'COU', 'TOL', 'OKC', 'AZO', 'MQT', 'SDF', 'ABQ', 'SYR', 'GRB', 'AGS', 'TVC', 'ATW', 'GSO', 'BOI', 'BMI', 'HSV', 'ALO', 'HPN', 'LSE', 'PVD', 'RAP', 'SGF', 'DAY', 'PBI', 'OAK', 'MYR', 'TUS', 'BTV', 'GEG', 'MKE', 'MHT', 'ASE', 'CLT', 'CHA', 'FWA', 'CAK', 'CHO', 'MEI', 'BIS', 'AVL', 'MBS', 'LWB', 'MKG', 'CMX', 'EAU', 'CKB', 'PAH', 'SPI', 'UIN', 'CGI', 'FCA', 'BZN', 'LNK', 'SLN', 'PWM', 'HDN', 'RNO', 'ILM', 'EYW', 'EGE', 'JFK', 'JAC', 'FAI', 'BIL', 'SCE', 'MSO', 'GTF', 'MTJ', 'FAT', 'BGR', 'ERI', 'JAN', 'SHD', 'HRL', 'BRO', 'SUN', 'STT', 'CRW', 'LFT']"
ORF,"['IAD', 'ORD', 'EWR', 'BOS', 'LGA', 'DTW', 'PIE', 'FLL', 'SFB', 'JFK', 'MIA', 'DCA', 'CLT', 'PHL', 'BWI', 'MCO', 'MDW', 'IAH', 'DFW', 'ATL', 'DEN', 'JAX', 'MSP', 'LAS', 'PHX', 'TPA']"
ORH,"['MCO', 'FLL', 'JFK']"
OTH,"['SFO', 'DEN']"
OTZ,"['OME', 'ANC']"
OWB,['SFB']
PAH,['ORD']
PBG,"['PIE', 'PGD', 'SFB', 'FLL', 'MYR', 'IAD']"
PBI,"['EWR', 'IAH', 'ISP', 'TTN', 'ACY', 'ORD', 'BOS', 'ATL', 'BWI', 'BDL', 'MDW', 'PIT', 'PVD', 'STL', 'LGA', 'DCA', 'CLT', 'PHL', 'DFW', 'JFK', 'DTW', 'HPN', 'MSP', 'RDU', 'CLE', 'CMH']"
PDX,"['DEN', 'IAH', 'SFO', 'ORD', 'EWR', 'IAD', 'AUS', 'CLE', 'HNL', 'OGG', 'DTW', 'LAS', 'BOI', 'DAL', 'STL', 'ONT', 'TUS', 'MSP', 'BLI', 'SEA', 'FAT', 'SJC', 'SBA', 'SLC', 'BIL', 'OMA', 'BUR', 'LAX', 'MCI', 'MDW', 'OAK', 'PHX', 'SAN', 'SMF', 'HOU', 'DFW', 'CLT', 'JFK', 'PSP', 'SNA', 'DCA', 'MCO', 'LIH', 'KOA', 'BOS', 'ANC', 'ATL', 'LGB', 'STS', 'MKE', 'RNO', 'BZN', 'ABQ', 'BWI', 'PHL', 'GEG']"
PGD,"['PBG', 'BLV', 'PVD', 'SDF', 'CVG', 'TTN', 'OMA', 'MLI', 'MKE', 'SBN', 'ROC', 'DSM', 'RFD', 'GRR', 'IAG', 'FWA', 'MDT', 'IND', 'PIT', 'RDU', 'AVL', 'ABE', 'SWF', 'LCK', 'DAY', 'SPI', 'PIA', 'CLE', 'USA', 'TYS', 'LEX', 'PSM', 'FNT', 'TOL', 'MCI', 'STC', 'CID', 'HTS', 'BNA', 'SGF', 'SYR', 'ATW', 'ALB', 'GSP']"
PGV,['CLT']
PHF,"['ATL', 'CLT', 'PHL']"
PHL,"['ORD', 'SFO', 'IAH', 'DEN', 'BNA', 'AUS', 'JAX', 'MCO', 'CVG', 'MSY', 'SJU', 'OMA', 'MIA', 'BHM', 'CLT', 'TPA', 'MEM', 'MKE', 'CHS', 'SAT', 'MSN', 'MCI', 'RSW', 'GRR', 'IND', 'LGA', 'JFK', 'FLL', 'DTW', 'DFW', 'LAX', 'LAS', 'MYR', 'ATL', 'CAK', 'HVN', 'GSP', 'ILM', 'BUF', 'DAY', 'SAV', 'PVD', 'RDU', 'PHF', 'ORF', 'STL', 'PIT', 'TYS', 'CRW', 'MHT', 'CAE', 'BTV', 'BDL', 'RIC', 'MSP', 'DAL', 'MDW', 'PHX', 'IAD', 'CMH', 'DCA', 'ROC', 'ALB', 'PWM', 'SYR', 'BWI', 'BGR', 'SDF', 'CLE', 'GSO', 'AGS', 'SAN', 'SEA', 'PBI', 'BOS', 'SLC', 'PDX', 'OKC', 'DSM', 'PNS', 'SRQ', 'HOU', 'ART', 'ABE', 'STT', 'AVP']"
PHX,"['IAH', 'DEN', 'ORD', 'EWR', 'IAD', 'SFO', 'AUS', 'CVG', 'COS', 'CLE', 'SAT', 'HNL', 'MSP', 'DFW', 'LAX', 'ABQ', 'EUG', 'MFR', 'FLG', 'BFL', 'MRY', 'GJT', 'YUM', 'PSP', 'FAT', 'ROW', 'SGU', 'LGB', 'SAF', 'SBP', 'RDM', 'DRO', 'EGE', 'TUS', 'SBA', 'MTJ', 'LBB', 'ASE', 'STS', 'SLC', 'ATL', 'BNA', 'BOI', 'BUF', 'BUR', 'BWI', 'CMH', 'DAL', 'DTW', 'ELP', 'FLL', 'GEG', 'HOU', 'ICT', 'IND', 'LAS', 'LIT', 'MCI', 'MCO', 'MDW', 'MKE', 'MSY', 'OAK', 'OKC', 'OMA', 'ONT', 'PDX', 'PHL', 'PIT', 'RDU', 'RNO', 'SAN', 'SDF', 'SEA', 'SJC', 'SMF', 'SNA', 'STL', 'TPA', 'TUL', 'LGA', 'DSM', 'MAF', 'MEM', 'FSD', 'AMA', 'MIA', 'OGG', 'BOS', 'CLT', 'DCA', 'KOA', 'LIH', 'JFK', 'ANC', 'JAC', 'GRR', 'RSW', 'ORF', 'MSN', 'IFP']"
PIA,"['ORD', 'AZA', 'PIE', 'PGD', 'LAS', 'SFB', 'CLT', 'MSP', 'ATL', 'DTW', 'DFW', 'VPS']"
PIB,['MEI']
PIE,"['PBG', 'IND', 'SGF', 'AVL', 'AUS', 'TYS', 'CLE', 'LEX', 'ROA', 'MEM', 'IAG', 'FNT', 'MCI', 'GRR', 'CVG', 'LCK', 'SWF', 'ABE', 'TOL', 'ORF', 'PIA', 'OGS', 'CID', 'USA', 'RDU', 'FWA', 'SBN', 'DAY', 'HTS', 'GSP', 'RFD', 'PVD', 'DSM', 'MKE', 'MDT', 'BLV', 'CHA', 'GSO', 'BGR', 'ELM', 'SDF', 'MSY', 'RIC', 'PIT', 'SYR', 'BMI', 'ATW', 'OMA', 'MLI', 'FSD', 'AZA', 'BNA', 'TUL', 'TRI', 'HGR', 'ALB', 'TTN', 'AVP', 'YNG']"
PIH,['SLC']
PIT,"['SFO', 'DEN', 'ORD', 'IAD', 'LGA', 'JAX', 'PGD', 'SFB', 'SAV', 'AUS', 'MSY', 'PIE', 'CHS', 'MYR', 'SRQ', 'MIA', 'BOS', 'JFK', 'TPA', 'LAS', 'DFW', 'RSW', 'FLL', 'LAX', 'MCO', 'CLT', 'DCA', 'RDU', 'MSP', 'ATL', 'BNA', 'BWI', 'DAL', 'HOU', 'MDW', 'PHX', 'STL', 'PBI', 'IAH', 'EWR', 'PHL', 'DTW', 'SLC', 'VPS', 'SAN', 'SEA', 'SJU', 'CLE']"
PLN,"['DTW', 'APN']"
PNS,"['DEN', 'IAH', 'ORD', 'MIA', 'DCA', 'DFW', 'CLT', 'BNA', 'HOU', 'MCI', 'MDW', 'ATL', 'DAL', 'CLL', 'AUS', 'STL', 'PHL']"
PPG,['HNL']
PRC,"['LAX', 'DEN']"
PSC,"['AZA', 'LAS', 'SFO', 'DEN', 'SEA', 'SLC', 'MSP', 'LAX']"
PSE,"['MCO', 'JFK']"
PSG,"['WRG', 'JNU']"
PSM,"['PGD', 'SFB', 'MYR', 'MCO']"
PSP,"['SFO', 'DEN', 'IAH', 'ORD', 'BLI', 'LAX', 'PHX', 'SLC', 'SEA', 'DFW', 'PDX', 'JFK', 'MSP', 'ATL', 'EWR']"
PUB,"['LBL', 'DEN']"
PVD,"['DEN', 'TPA', 'CLT', 'MCO', 'AUS', 'ATL', 'RDU', 'EWR', 'PGD', 'PIE', 'CVG', 'ORD', 'DCA', 'PHL', 'DTW', 'IAD', 'BWI', 'FLL', 'MDW', 'RSW', 'PBI', 'MIA', 'MYR', 'MSY', 'MSP']"
PVU,"['AZA', 'LAX', 'TUS', 'OAK', 'SAN']"
PWM,"['EWR', 'LGA', 'DCA', 'PHL', 'DTW', 'ORD', 'BWI', 'MCO', 'IAD', 'CLT', 'ATL', 'JFK', 'MDW', 'RDU', 'DEN', 'TPA', 'RSW']"
RAP,"['LAS', 'AZA', 'ORD', 'MSP', 'SLC', 'DEN', 'DFW', 'EWR', 'ATL', 'IAH', 'CLT']"
RDD,['SFO']
RDM,"['DEN', 'SFO', 'LAX', 'PHX', 'SLC', 'SEA', 'MFR']"
RDU,"['IAD', 'EWR', 'SFO', 'DEN', 'ORD', 'MSY', 'SAT', 'LAS', 'MCO', 'CVG', 'MCI', 'TTN', 'AUS', 'BUF', 'SJU', 'CLE', 'PVD', 'MKE', 'IAH', 'LGA', 'PIE', 'PGD', 'SFB', 'DFW', 'JFK', 'DCA', 'PHL', 'CLT', 'PIT', 'BNA', 'FLL', 'BWI', 'CMH', 'BDL', 'TPA', 'ATL', 'DAL', 'HOU', 'MDW', 'PHX', 'STL', 'MIA', 'LAX', 'SEA', 'BOS', 'MSP', 'SLC', 'DTW', 'IND', 'MSN', 'VPS', 'MDT', 'PWM', 'SYR', 'SAN', 'PBI', 'RSW']"
RFD,"['PGD', 'SFB', 'LAS', 'PIE', 'AZA']"
RHI,['MSP']
RIC,"['ORD', 'EWR', 'IAH', 'DTW', 'LGA', 'BOS', 'MSP', 'SFB', 'PIE', 'FLL', 'MCO', 'CLT', 'PHL', 'DEN', 'ATL', 'IAD', 'MIA', 'DFW', 'JFK', 'BNA', 'CHO']"
RKS,['DEN']
RNO,"['SFO', 'DEN', 'AUS', 'LAS', 'LAX', 'SEA', 'SLC', 'ORD', 'MDW', 'OAK', 'PHX', 'SAN', 'SJC', 'DAL', 'IAH', 'DFW', 'ATL', 'LGB', 'JFK', 'MSP', 'PDX', 'BOI']"
ROA,"['PIE', 'SFB', 'LGA', 'CLT', 'ATL']"
ROC,"['EWR', 'ORD', 'LGA', 'PGD', 'SFB', 'BOS', 'DCA', 'CLT', 'MSP', 'BWI', 'MCO', 'TPA', 'IAD', 'PHL', 'ATL', 'JFK', 'DTW', 'RSW']"
ROW,"['DFW', 'PHX']"
RST,"['ATL', 'MSP', 'ORD']"
RSW,"['EWR', 'DEN', 'CLE', 'IAH', 'ORD', 'CVG', 'PHL', 'BOS', 'LBE', 'CAK', 'MSP', 'BWI', 'PIT', 'DTW', 'CMH', 'BDL', 'ACY', 'ALB', 'ATL', 'BNA', 'BUF', 'GRR', 'IND', 'MCI', 'MDW', 'MKE', 'PVD', 'STL', 'FNT', 'DCA', 'CLT', 'DFW', 'LGA', 'JFK', 'HPN', 'COS', 'TTN', 'ISP', 'OMA', 'PHX', 'SYR', 'SLC', 'PWM', 'LAS', 'RDU', 'MIA', 'ROC']"
SAF,"['DFW', 'PHX', 'DEN']"
SAN,"['SFO', 'IAH', 'EWR', 'LAX', 'DEN', 'IAD', 'ORD', 'OKC', 'COS', 'AUS', 'TUL', 'SAT', 'CVG', 'SCK', 'BLI', 'ELP', 'HNL', 'DFW', 'LAS', 'BWI', 'DTW', 'MCI', 'OMA', 'SMF', 'STL', 'SJC', 'DAL', 'FAT', 'BOI', 'SLC', 'SEA', 'ABQ', 'ATL', 'BNA', 'HOU', 'MCO', 'MDW', 'MSY', 'OAK', 'PDX', 'PHX', 'RNO', 'TPA', 'TUS', 'CLT', 'PHL', 'MIA', 'JFK', 'BOS', 'OGG', 'KOA', 'LIH', 'MSP', 'FLL', 'EUG', 'MRY', 'STS', 'IND', 'MKE', 'PIT', 'CLE', 'RDU', 'GEG', 'HDN', 'PVU']"
SAT,"['IAH', 'ORD', 'IAD', 'EWR', 'DEN', 'COS', 'CVG', 'RDU', 'SJC', 'LAS', 'PHL', 'SAN', 'MSY', 'MCO', 'ATL', 'ONT', 'PHX', 'SFB', 'CLT', 'SFO', 'LAX', 'MSP', 'DTW', 'BNA', 'BWI', 'DAL', 'ELP', 'HOU', 'MCI', 'MDW', 'STL', 'TPA', 'DFW', 'MIA', 'SEA', 'SLC', 'JFK', 'FLL', 'OAK', 'OMA', 'TUL', 'JAX', 'SNA', 'MEM', 'OKC', 'CLE', 'ABQ', 'CMH', 'LGA']"
SAV,"['EWR', 'ORD', 'IAH', 'LGA', 'SDF', 'IND', 'CLE', 'BWI', 'CVG', 'PIT', 'LCK', 'LEX', 'CLT', 'PHL', 'DCA', 'IAD', 'DFW', 'ATL', 'JFK', 'DTW', 'BOS', 'MSP', 'BNA', 'DEN', 'MIA', 'HTS']"
SBA,"['SFO', 'LAX', 'DEN', 'PDX', 'PHX', 'DFW', 'SEA']"
SBN,"['ORD', 'EWR', 'PGD', 'LAS', 'PIE', 'AZA', 'SFB', 'ATL', 'DTW', 'MSP', 'DFW', 'CLT', 'LGA']"
SBP,"['LAX', 'SFO', 'DEN', 'PHX', 'SEA']"
SCC,"['BRW', 'ANC']"
SCE,"['DTW', 'ORD']"
SCK,"['SAN', 'AZA', 'LAS']"
SDF,"['IAH', 'ORD', 'EWR', 'SAV', 'SFB', 'PGD', 'FLL', 'LAS', 'PIE', 'AZA', 'LGA', 'DFW', 'CLT', 'DCA', 'MSP', 'DTW', 'BWI', 'DEN', 'MCO', 'MDW', 'PHX', 'TPA', 'MIA', 'PHL', 'ATL', 'JAX', 'VPS', 'MYR', 'IAD', 'AUS', 'HOU', 'TXK', 'SFO', 'LAX', 'BOS']"
SEA,"['DEN', 'IAH', 'EWR', 'SFO', 'ORD', 'IAD', 'AUS', 'CLE', 'COS', 'HNL', 'OGG', 'LAS', 'DFW', 'BWI', 'DTW', 'MSP', 'FLL', 'LAX', 'ICT', 'PDX', 'DAL', 'PSC', 'BOI', 'MSO', 'STL', 'BLI', 'RNO', 'SLC', 'FAT', 'MKE', 'MFR', 'GEG', 'PSP', 'SMF', 'SAN', 'MCI', 'MDW', 'OAK', 'PHX', 'SJC', 'CLT', 'PHL', 'JFK', 'MIA', 'ONT', 'SAT', 'IND', 'SNA', 'BUR', 'TUS', 'RDU', 'OMA', 'CHS', 'BNA', 'ANC', 'BOS', 'ATL', 'TPA', 'MSY', 'ABQ', 'KOA', 'LIH', 'DCA', 'MCO', 'JNU', 'KTN', 'FAI', 'SBA', 'CVG', 'LGB', 'MSN', 'BIL', 'JAC', 'BZN', 'GTF', 'SIT', 'HOU', 'RDM', 'PIT', 'SBP', 'EUG', 'OKC']"
SFB,"['SDF', 'ABE', 'TYS', 'CHA', 'CKB', 'FWA', 'HTS', 'GSO', 'LEX', 'RIC', 'GSP', 'CVG', 'BMI', 'FAR', 'IND', 'EVV', 'MLI', 'SAT', 'FSD', 'OMA', 'RFD', 'PBG', 'GRR', 'DAY', 'CLE', 'PIT', 'BLV', 'MSY', 'ROC', 'ATW', 'TRI', 'MDT', 'DSM', 'USA', 'AUS', 'AVL', 'ROA', 'RDU', 'SJU', 'ORF', 'FNT', 'PSM', 'BGR', 'TUL', 'MCI', 'LIT', 'OKC', 'SBN', 'SGF', 'OWB', 'CID', 'TOL', 'MEM', 'ELM', 'XNA', 'LCK', 'IAG', 'HGR', 'SWF', 'BIS', 'GFK', 'OGS', 'PIA', 'MKE', 'GPT', 'SYR', 'ICT', 'ELP', 'MFE', 'SHV', 'ALB', 'YNG', 'SPI', 'TTN', 'AVP']"
SFO,"['EUG', 'BOS', 'LAS', 'CLE', 'DEN', 'SAN', 'MCO', 'PIT', 'DTW', 'ONT', 'EWR', 'PHX', 'SEA', 'MIA', 'LAX', 'SMF', 'IND', 'BWI', 'BNA', 'IAH', 'PDX', 'DCA', 'SBA', 'SNA', 'MSY', 'AUS', 'FLL', 'ORD', 'SLC', 'OGG', 'FAT', 'KOA', 'LIH', 'HNL', 'MCI', 'BUR', 'IAD', 'RDU', 'PSP', 'ATL', 'MFR', 'TPA', 'CVG', 'GEG', 'PHL', 'DFW', 'RNO', 'XNA', 'BOI', 'ASE', 'ABQ', 'ACV', 'RDM', 'SAT', 'OTH', 'PSC', 'SBP', 'RDD', 'OKC', 'STL', 'JAC', 'STS', 'MSP', 'TUS', 'MRY', 'OMA', 'BFL', 'BZN', 'MTJ', 'MMH', 'SUN', 'DAL', 'MDW', 'CLT', 'JFK', 'LGB', 'ANC', 'BDL', 'MSN', 'FCA', 'MSO', 'MKE', 'DSM', 'EGE', 'HDN', 'SDF']"
SGF,"['IAH', 'ATL', 'PIE', 'AZA', 'SFB', 'LAS', 'LAX', 'DFW', 'ORD', 'CLT', 'DEN', 'VPS', 'PGD']"
SGU,"['SLC', 'PHX', 'LAX', 'DEN', 'AZA']"
SHD,"['IAD', 'LWB', 'ORD']"
SHV,"['DFW', 'IAH', 'ATL', 'LAS', 'CLT', 'DEN', 'SFB']"
SIT,"['KTN', 'JNU', 'SEA', 'ANC']"
SJC,"['ORD', 'EWR', 'IAH', 'DEN', 'SAT', 'LAS', 'ATL', 'TUL', 'CVG', 'AUS', 'HNL', 'OGG', 'TUS', 'DAL', 'BUR', 'PDX', 'LAX', 'SNA', 'SAN', 'MSP', 'BWI', 'MDW', 'ONT', 'PHX', 'RNO', 'SEA', 'SLC', 'BOI', 'GEG', 'HOU', 'STL', 'ABQ', 'MSY', 'DFW', 'LIH', 'KOA', 'BOS', 'JFK', 'LGB', 'MCO', 'CLT', 'MCI', 'DTW']"
SJT,['DFW']
SJU,"['EWR', 'ORD', 'IAH', 'IAD', 'MIA', 'PHL', 'MCO', 'ISP', 'RDU', 'ATL', 'SFB', 'FLL', 'BWI', 'HOU', 'TPA', 'MDW', 'CLT', 'DFW', 'JFK', 'BDL', 'BOS', 'STX', 'STT', 'DCA', 'MSP', 'CVG', 'PIT']"
SLC,"['ORD', 'DEN', 'EWR', 'IAH', 'ATL', 'LAS', 'LAX', 'SFO', 'LWS', 'PIH', 'CPR', 'BTM', 'CDC', 'COD', 'EKO', 'GJT', 'SGU', 'TWF', 'GTF', 'PDX', 'SEA', 'SAN', 'OMA', 'GEG', 'PSP', 'OKC', 'EUG', 'ASE', 'BOI', 'RAP', 'COS', 'BUR', 'FAT', 'FCA', 'IDA', 'MSO', 'PSC', 'MFR', 'HLN', 'STL', 'BIL', 'ONT', 'RDM', 'SUN', 'TUS', 'DSM', 'MSN', 'LGB', 'BZN', 'AUS', 'SMF', 'RNO', 'TUL', 'DFW', 'MKE', 'MCI', 'BWI', 'DAL', 'MDW', 'OAK', 'PHX', 'SJC', 'HOU', 'CLT', 'PHL', 'MIA', 'DTW', 'JFK', 'FLL', 'DCA', 'SNA', 'SAT', 'IAD', 'MSP', 'IND', 'CVG', 'OGG', 'BOS', 'RDU', 'MSY', 'MCO', 'JAC', 'TPA', 'HNL', 'BNA', 'ABQ', 'CLE', 'PIT', 'ANC', 'WYS', 'ELP', 'RSW', 'MTJ', 'EGE']"
SLN,"['HYS', 'ORD']"
SMF,"['IAH', 'SFO', 'ORD', 'EWR', 'IAD', 'DEN', 'HNL', 'LAX', 'SAN', 'SEA', 'SLC', 'BOI', 'BUR', 'BWI', 'DAL', 'GEG', 'LAS', 'LGB', 'MDW', 'ONT', 'PDX', 'PHX', 'SNA', 'AUS', 'STL', 'MSY', 'CLT', 'DFW', 'OGG', 'ATL', 'MSP', 'JFK', 'BOS', 'MCO', 'KOA', 'HOU']"
SMX,['LAS']
SNA,"['IAH', 'SFO', 'EWR', 'ORD', 'DEN', 'SJC', 'LAS', 'DAL', 'HOU', 'OAK', 'PHX', 'SMF', 'DFW', 'SEA', 'PDX', 'MSP', 'SLC', 'ATL', 'DTW', 'MDW', 'ABQ', 'AUS', 'SAT', 'JFK']"
SPI,"['PGD', 'DFW', 'ORD', 'SFB']"
SPN,['GUM']
SPS,['DFW']
SRQ,"['EWR', 'ORD', 'IND', 'PIT', 'CVG', 'CLT', 'DCA', 'DTW', 'ATL', 'LGA', 'JFK', 'BOS', 'PHL', 'CLE', 'DFW']"
STC,"['AZA', 'PGD']"
STL,"['DEN', 'LAS', 'MCO', 'EWR', 'IAH', 'ORD', 'DFW', 'LGA', 'CLT', 'PHL', 'DCA', 'SFO', 'PDX', 'SAN', 'SEA', 'MSP', 'SLC', 'ATL', 'AUS', 'BNA', 'BOS', 'BWI', 'CLE', 'CMH', 'DAL', 'DSM', 'DTW', 'ECP', 'FLL', 'HOU', 'ICT', 'LAX', 'LIT', 'MCI', 'MDW', 'MKE', 'MSY', 'OAK', 'OKC', 'OMA', 'PHX', 'PIT', 'RDU', 'RSW', 'SAT', 'TPA', 'TUL', 'SJC', 'SMF', 'PBI', 'MIA', 'CVG', 'BDL', 'MSN', 'JAX', 'CHS', 'PNS', 'IAD']"
STS,"['SFO', 'PHX', 'PDX', 'SAN']"
STT,"['FLL', 'MIA', 'ATL', 'JFK', 'SJU', 'EWR', 'IAD', 'IAH', 'ORD', 'MCO', 'PHL', 'CLT']"
STX,"['CLT', 'MIA', 'ATL', 'SJU']"
SUN,"['SLC', 'SFO', 'DEN', 'LAX', 'ORD']"
SUX,"['ORD', 'DFW']"
SWF,"['PIE', 'PGD', 'SFB', 'DTW', 'MCO', 'FLL', 'MYR', 'PBI']"
SWO,['DFW']
SYR,"['EWR', 'DTW', 'FLL', 'PIE', 'ORD', 'BOS', 'DCA', 'CLT', 'IAD', 'PHL', 'ATL', 'MSP', 'JFK', 'LGA', 'MCO', 'MYR', 'SFB', 'BNA', 'RDU', 'DEN', 'TPA', 'RSW', 'PGD']"
TLH,"['MIA', 'DFW', 'DCA', 'CLT', 'ATL']"
TOL,"['PIE', 'PGD', 'SFB', 'ORD', 'CLT']"
TPA,"['IAD', 'ORD', 'SFO', 'IAH', 'EWR', 'DEN', 'PVD', 'LAS', 'CLE', 'PHL', 'TTN', 'AUS', 'BUF', 'ISP', 'CVG', 'CMH', 'LBE', 'DFW', 'CAK', 'PIT', 'ACY', 'MSY', 'BWI', 'BDL', 'MSP', 'ATL', 'FLL', 'LAX', 'DTW', 'BOS', 'RDU', 'ALB', 'BHM', 'BNA', 'DAL', 'DCA', 'GRR', 'HOU', 'IND', 'LGA', 'MCI', 'MDW', 'MEM', 'MHT', 'MKE', 'PHX', 'ROC', 'SAN', 'SAT', 'SDF', 'SJU', 'STL', 'FNT', 'OMA', 'CLT', 'MIA', 'SEA', 'SLC', 'JFK', 'HPN', 'COS', 'GSO', 'PWM', 'SYR', 'GSP', 'ORF', 'AVL', 'MCO']"
TRI,"['SFB', 'CLT', 'ATL', 'PIE', 'AVL']"
TTN,"['DTW', 'ATL', 'PBI', 'ORD', 'MCO', 'CLT', 'JAX', 'RDU', 'TPA', 'BNA', 'CHS', 'MSP', 'PGD', 'RSW', 'MIA', 'MYR', 'FLL', 'PIE', 'SFB']"
TUL,"['IAD', 'SJC', 'SAN', 'MCO', 'DEN', 'IAH', 'ORD', 'LAX', 'LAS', 'SFB', 'DFW', 'CLT', 'DTW', 'MSP', 'SLC', 'ATL', 'DAL', 'HOU', 'PHX', 'STL', 'MIA', 'PIE', 'BWI', 'SAT', 'OKC']"
TUS,"['DEN', 'IAH', 'SFO', 'LAX', 'ORD', 'SJC', 'PDX', 'SLC', 'PHX', 'LAS', 'MDW', 'SAN', 'OAK', 'DFW', 'CLT', 'SEA', 'ATL', 'MSP', 'HOU', 'BLI', 'PVU']"
TVC,"['ORD', 'DTW', 'ATL', 'LGA', 'MSP', 'DFW', 'DEN', 'EWR']"
TWF,"['SLC', 'SFO', 'DEN', 'LAX', 'SUN', 'ORD']"
TXK,['DFW']
TYR,['DFW']
TYS,"['EWR', 'DEN', 'CLT', 'DFW', 'IAH', 'ORD', 'SFB', 'FLL', 'PIE', 'PGD', 'LAS', 'DCA', 'PHL', 'DTW', 'ATL', 'IAD', 'MSP', 'LGA', 'MCO', 'VPS', 'BWI', 'MIA', 'GSP']"
UIN,"['ORD', 'CGI']"
USA,"['FLL', 'PIE', 'MSY', 'SFB', 'PGD', 'VPS']"
VEL,['DEN']
VLD,['ATL']
VPS,"['IAH', 'BLV', 'CVG', 'IND', 'DFW', 'CLT', 'DCA', 'ATL', 'TYS', 'BWI', 'OKC', 'RDU', 'SGF', 'PIA', 'XNA', 'PIT', 'BNA', 'EWR', 'MEM', 'AUS', 'EVV', 'USA', 'LCK', 'MCI', 'CLE', 'LEX', 'SDF']"
WRG,"['KTN', 'PSG']"
WYS,['SLC']
XNA,"['IAH', 'ORD', 'EWR', 'ATL', 'MSP', 'LGA', 'LAS', 'SFB', 'DFW', 'DCA', 'CLT', 'DEN', 'SFO', 'CVG', 'VPS', 'LAX', 'TXK']"
YAK,"['CDV', 'JNU']"
YNG,"['SFB', 'PIE']"
YUM,['PHX']
